2026-07-06 08:07:02,305 [__main__] WARNING — paper_trading\paper_trades.csv not found — nothing to update.
2026-07-06 08:07:02,305 [__main__] WARNING — paper_trading\paper_trades.csv not found — nothing to update.
No paper trades found.
Closed 0 trade(s) this run.
2026-07-07 13:09:18,053 [__main__] WARNING — paper_trading\paper_trades.csv not found — nothing to update.
2026-07-07 13:09:18,053 [__main__] WARNING — paper_trading\paper_trades.csv not found — nothing to update.
No paper trades found.
Closed 0 trade(s) this run.
2026-07-08 23:07:45,187 [__main__] WARNING — paper_trading\paper_trades.csv not found — nothing to update.
2026-07-08 23:07:45,188 [__main__] WARNING — paper_trading\paper_trades.csv not found — nothing to update.
No paper trades found.
Closed 0 trade(s) this run.
2026-07-09 08:07:02,003 [__main__] WARNING — paper_trading\paper_trades.csv not found — nothing to update.
2026-07-09 08:07:02,003 [__main__] WARNING — paper_trading\paper_trades.csv not found — nothing to update.
No paper trades found.
Closed 0 trade(s) this run.
2026-07-13 15:55:05,703 [__main__] WARNING — paper_trading\paper_trades.csv not found — nothing to update.
2026-07-13 15:55:05,704 [__main__] WARNING — paper_trading\paper_trades.csv not found — nothing to update.
No paper trades found.
Closed 0 trade(s) this run.
2026-07-14 08:07:01,505 [__main__] WARNING — paper_trading\paper_trades.csv not found — nothing to update.
2026-07-14 08:07:01,509 [__main__] WARNING — paper_trading\paper_trades.csv not found — nothing to update.
No paper trades found.
Closed 0 trade(s) this run.
2026-07-15 08:07:01,778 [__main__] WARNING — paper_trading\paper_trades.csv not found — nothing to update.
2026-07-15 08:07:01,778 [__main__] WARNING — paper_trading\paper_trades.csv not found — nothing to update.
No paper trades found.
Closed 0 trade(s) this run.
2026-07-16 08:07:01,653 [__main__] WARNING — paper_trading\paper_trades.csv not found — nothing to update.
2026-07-16 08:07:01,653 [__main__] WARNING — paper_trading\paper_trades.csv not found — nothing to update.
No paper trades found.
Closed 0 trade(s) this run.
2026-07-17 08:07:01,653 [__main__] WARNING — paper_trading\paper_trades.csv not found — nothing to update.
2026-07-17 08:07:01,653 [__main__] WARNING — paper_trading\paper_trades.csv not found — nothing to update.
No paper trades found.
Closed 0 trade(s) this run.
2026-07-20 08:07:01,105 [__main__] WARNING — paper_trading\paper_trades.csv not found — nothing to update.
2026-07-20 08:07:01,105 [__main__] WARNING — paper_trading\paper_trades.csv not found — nothing to update.
No paper trades found.
Closed 0 trade(s) this run.
2026-07-21 08:07:01,457 [__main__] WARNING — paper_trading\paper_trades.csv not found — nothing to update.
2026-07-21 08:07:01,458 [__main__] WARNING — paper_trading\paper_trades.csv not found — nothing to update.
No paper trades found.
Closed 0 trade(s) this run.
2026-07-22 08:07:01,162 [__main__] WARNING — paper_trading\paper_trades.csv not found — nothing to update.
2026-07-22 08:07:01,162 [__main__] WARNING — paper_trading\paper_trades.csv not found — nothing to update.
No paper trades found.
Closed 0 trade(s) this run.
2026-07-23 08:07:01,765 [__main__] WARNING — paper_trading\paper_trades.csv not found — nothing to update.
2026-07-23 08:07:01,766 [__main__] WARNING — paper_trading\paper_trades.csv not found — nothing to update.
No paper trades found.
Closed 0 trade(s) this run.
2026-07-24 08:07:01,548 [__main__] WARNING — paper_trading\paper_trades.csv not found — nothing to update.
2026-07-24 08:07:01,548 [__main__] WARNING — paper_trading\paper_trades.csv not found — nothing to update.
No paper trades found.
Closed 0 trade(s) this run.
2026-07-27 08:07:01,589 [__main__] WARNING — paper_trading\paper_trades.csv not found — nothing to update.
2026-07-27 08:07:01,589 [__main__] WARNING — paper_trading\paper_trades.csv not found — nothing to update.
No paper trades found.
Closed 0 trade(s) this run.
2026-07-28 08:07:01,860 [__main__] WARNING — paper_trading\paper_trades.csv not found — nothing to update.
2026-07-28 08:07:01,860 [__main__] WARNING — paper_trading\paper_trades.csv not found — nothing to update.
No paper trades found.
Closed 0 trade(s) this run.
2026-07-29 08:07:02,290 [__main__] WARNING — paper_trading\paper_trades.csv not found — nothing to update.
2026-07-29 08:07:02,291 [__main__] WARNING — paper_trading\paper_trades.csv not found — nothing to update.
No paper trades found.
Closed 0 trade(s) this run.
2026-08-03 08:07:02,504 [__main__] WARNING — paper_trading\paper_trades.csv not found — nothing to update.
2026-08-03 08:07:02,504 [__main__] WARNING — paper_trading\paper_trades.csv not found — nothing to update.
No paper trades found.
Closed 0 trade(s) this run.
2026-08-04 08:07:01,945 [__main__] WARNING — paper_trading\paper_trades.csv not found — nothing to update.
2026-08-04 08:07:01,946 [__main__] WARNING — paper_trading\paper_trades.csv not found — nothing to update.
No paper trades found.
Closed 0 trade(s) this run.
2026-08-05 08:07:02,091 [__main__] WARNING — paper_trading\paper_trades.csv not found — nothing to update.
2026-08-05 08:07:02,092 [__main__] WARNING — paper_trading\paper_trades.csv not found — nothing to update.
No paper trades found.
Closed 0 trade(s) this run.
2026-08-06 08:07:02,541 [__main__] WARNING — paper_trading\paper_trades.csv not found — nothing to update.
2026-08-06 08:07:02,542 [__main__] WARNING — paper_trading\paper_trades.csv not found — nothing to update.
No paper trades found.
Closed 0 trade(s) this run.
2026-08-07 08:07:02,024 [__main__] INFO — 3 open paper trade(s) to check
$LLY: possibly delisted; no price data found  (1d 2026-08-08 -> 2026-08-07) (Yahoo error = "Invalid input - start date cannot be after end date. startDate = 1786161600, endDate = 1786115222")

1 Failed download:
['LLY']: possibly delisted; no price data found  (1d 2026-08-08 -> 2026-08-07) (Yahoo error = "Invalid input - start date cannot be after end date. startDate = 1786161600, endDate = 1786115222")
2026-08-07 08:07:02,381 [__main__] WARNING — LLY: no price data since 2026-08-08 — skipping
$PFE: possibly delisted; no price data found  (1d 2026-08-08 -> 2026-08-07) (Yahoo error = "Invalid input - start date cannot be after end date. startDate = 1786161600, endDate = 1786115222")

1 Failed download:
['PFE']: possibly delisted; no price data found  (1d 2026-08-08 -> 2026-08-07) (Yahoo error = "Invalid input - start date cannot be after end date. startDate = 1786161600, endDate = 1786115222")
2026-08-07 08:07:02,757 [__main__] WARNING — PFE: no price data since 2026-08-08 — skipping
$AMZN: possibly delisted; no price data found  (1d 2026-08-08 -> 2026-08-07) (Yahoo error = "Invalid input - start date cannot be after end date. startDate = 1786161600, endDate = 1786115222")

1 Failed download:
['AMZN']: possibly delisted; no price data found  (1d 2026-08-08 -> 2026-08-07) (Yahoo error = "Invalid input - start date cannot be after end date. startDate = 1786161600, endDate = 1786115222")
2026-08-07 08:07:03,082 [__main__] WARNING — AMZN: no price data since 2026-08-08 — skipping
2026-08-07 08:07:03,084 [__main__] INFO — Paper updater complete — 0 trade(s) closed
Paper trades: 3 total, 3 open, 0 closed
Closed 0 trade(s) this run.
2026-08-10 08:07:01,679 [__main__] INFO — 5 open paper trade(s) to check
2026-08-10 08:07:02,030 [__main__] INFO — LLY 2026-08-07: still open after 1 trading days
2026-08-10 08:07:02,191 [__main__] INFO — PFE 2026-08-07: still open after 1 trading days
2026-08-10 08:07:02,191 [__main__] INFO — PFE 2026-08-10: no bars after signal yet — still open
2026-08-10 08:07:02,290 [__main__] INFO — AMZN 2026-08-07: still open after 1 trading days
$MRK: possibly delisted; no price data found  (1d 2026-08-11 -> 2026-08-10) (Yahoo error = "Invalid input - start date cannot be after end date. startDate = 1786420800, endDate = 1786374422")

1 Failed download:
['MRK']: possibly delisted; no price data found  (1d 2026-08-11 -> 2026-08-10) (Yahoo error = "Invalid input - start date cannot be after end date. startDate = 1786420800, endDate = 1786374422")
2026-08-10 08:07:02,544 [__main__] WARNING — MRK: no price data since 2026-08-11 — skipping
2026-08-10 08:07:02,545 [__main__] INFO — Paper updater complete — 0 trade(s) closed
Paper trades: 5 total, 5 open, 0 closed
Closed 0 trade(s) this run.
2026-08-11 08:07:01,704 [__main__] INFO — 7 open paper trade(s) to check
2026-08-11 08:07:02,071 [__main__] INFO — LLY 2026-08-07: still open after 2 trading days
2026-08-11 08:07:02,071 [__main__] INFO — LLY 2026-08-10: still open after 1 trading days
2026-08-11 08:07:02,211 [__main__] INFO — PFE 2026-08-07: still open after 2 trading days
2026-08-11 08:07:02,212 [__main__] INFO — PFE 2026-08-10: still open after 1 trading days
2026-08-11 08:07:02,308 [__main__] INFO — AMZN 2026-08-07: still open after 2 trading days
2026-08-11 08:07:02,540 [__main__] INFO — MRK 2026-08-10: still open after 1 trading days
$JNJ: possibly delisted; no price data found  (1d 2026-08-12 -> 2026-08-11) (Yahoo error = "Invalid input - start date cannot be after end date. startDate = 1786507200, endDate = 1786460822")

1 Failed download:
['JNJ']: possibly delisted; no price data found  (1d 2026-08-12 -> 2026-08-11) (Yahoo error = "Invalid input - start date cannot be after end date. startDate = 1786507200, endDate = 1786460822")
2026-08-11 08:07:02,815 [__main__] WARNING — JNJ: no price data since 2026-08-12 — skipping
2026-08-11 08:07:02,816 [__main__] INFO — Paper updater complete — 0 trade(s) closed
Paper trades: 7 total, 7 open, 0 closed
Closed 0 trade(s) this run.
2026-08-12 08:07:02,835 [__main__] INFO — 5 open paper trade(s) to check
2026-08-12 08:07:03,258 [__main__] INFO — PFE 2026-08-07: still open after 3 trading days
2026-08-12 08:07:03,258 [__main__] INFO — PFE 2026-08-10: still open after 2 trading days
2026-08-12 08:07:03,344 [__main__] INFO — AMZN 2026-08-07: still open after 3 trading days
2026-08-12 08:07:03,484 [__main__] INFO — MRK 2026-08-10: still open after 2 trading days
$LLY: possibly delisted; no price data found  (1d 2026-08-13 -> 2026-08-12) (Yahoo error = "Invalid input - start date cannot be after end date. startDate = 1786593600, endDate = 1786547223")

1 Failed download:
['LLY']: possibly delisted; no price data found  (1d 2026-08-13 -> 2026-08-12) (Yahoo error = "Invalid input - start date cannot be after end date. startDate = 1786593600, endDate = 1786547223")
2026-08-12 08:07:03,694 [__main__] WARNING — LLY: no price data since 2026-08-13 — skipping
2026-08-12 08:07:03,695 [__main__] INFO — Paper updater complete — 0 trade(s) closed
Paper trades: 5 total, 5 open, 0 closed
Closed 0 trade(s) this run.
2026-08-13 08:07:02,622 [__main__] INFO — 5 open paper trade(s) to check
2026-08-13 08:07:03,008 [__main__] INFO — PFE 2026-08-07: still open after 4 trading days
2026-08-13 08:07:03,008 [__main__] INFO — PFE 2026-08-10: still open after 3 trading days
2026-08-13 08:07:03,104 [__main__] INFO — AMZN 2026-08-07: loss | exit=265.63 | pnl=-7.51% | -1.00R | $-75.00 | 4d
2026-08-13 08:07:03,897 [__main__] INFO — MRK 2026-08-10: still open after 3 trading days
2026-08-13 08:07:04,035 [__main__] INFO — LLY 2026-08-12: still open after 1 trading days
2026-08-13 08:07:04,037 [__main__] INFO — Paper updater complete — 1 trade(s) closed

==================================================
PAPER TRADING SUMMARY  (1 closed, 4 open)
==================================================
  Win rate (wins + profitable time stops): 0.0%
  Target hits:        0
  Stops:              1
  Time stops:         0  (+0 profitable)
  Avg R:R on wins:    0.00R
  Open trades:        4
==================================================

Closed 1 trade(s) this run.
2026-08-14 08:07:03,611 [__main__] INFO — 8 open paper trade(s) to check
2026-08-14 08:07:03,961 [__main__] INFO — PFE 2026-08-07: still open after 5 trading days
2026-08-14 08:07:03,961 [__main__] INFO — PFE 2026-08-10: still open after 4 trading days
2026-08-14 08:07:04,203 [__main__] INFO — MRK 2026-08-10: still open after 4 trading days
2026-08-14 08:07:04,374 [__main__] INFO — LLY 2026-08-12: still open after 2 trading days
2026-08-14 08:07:04,479 [__main__] INFO — NVDA 2026-08-13: still open after 1 trading days
$AVGO: possibly delisted; no price data found  (1d 2026-08-15 -> 2026-08-14) (Yahoo error = "Invalid input - start date cannot be after end date. startDate = 1786766400, endDate = 1786720024")

1 Failed download:
['AVGO']: possibly delisted; no price data found  (1d 2026-08-15 -> 2026-08-14) (Yahoo error = "Invalid input - start date cannot be after end date. startDate = 1786766400, endDate = 1786720024")
2026-08-14 08:07:04,731 [__main__] WARNING — AVGO: no price data since 2026-08-15 — skipping
$MU: possibly delisted; no price data found  (1d 2026-08-15 -> 2026-08-14) (Yahoo error = "Invalid input - start date cannot be after end date. startDate = 1786766400, endDate = 1786720024")

1 Failed download:
['MU']: possibly delisted; no price data found  (1d 2026-08-15 -> 2026-08-14) (Yahoo error = "Invalid input - start date cannot be after end date. startDate = 1786766400, endDate = 1786720024")
2026-08-14 08:07:04,950 [__main__] WARNING — MU: no price data since 2026-08-15 — skipping
$ABBV: possibly delisted; no price data found  (1d 2026-08-15 -> 2026-08-14) (Yahoo error = "Invalid input - start date cannot be after end date. startDate = 1786766400, endDate = 1786720024")

1 Failed download:
['ABBV']: possibly delisted; no price data found  (1d 2026-08-15 -> 2026-08-14) (Yahoo error = "Invalid input - start date cannot be after end date. startDate = 1786766400, endDate = 1786720024")
2026-08-14 08:07:05,261 [__main__] WARNING — ABBV: no price data since 2026-08-15 — skipping
2026-08-14 08:07:05,266 [__main__] INFO — Paper updater complete — 0 trade(s) closed

==================================================
PAPER TRADING SUMMARY  (1 closed, 8 open)
==================================================
  Win rate (wins + profitable time stops): 0.0%
  Target hits:        0
  Stops:              1
  Time stops:         0  (+0 profitable)
  Avg R:R on wins:    0.00R
  Open trades:        8
==================================================

Closed 0 trade(s) this run.
2026-08-17 08:07:01,455 [__main__] INFO — 8 open paper trade(s) to check
2026-08-17 08:07:01,801 [__main__] INFO — PFE 2026-08-07: still open after 6 trading days
2026-08-17 08:07:01,802 [__main__] INFO — PFE 2026-08-10: still open after 5 trading days
2026-08-17 08:07:01,963 [__main__] INFO — MRK 2026-08-10: still open after 5 trading days
2026-08-17 08:07:02,123 [__main__] INFO — LLY 2026-08-12: still open after 3 trading days
2026-08-17 08:07:02,220 [__main__] INFO — NVDA 2026-08-13: still open after 2 trading days
2026-08-17 08:07:02,336 [__main__] INFO — AVGO 2026-08-14: entry zone ($428.82-$436.64) not reached yet — order still pending
2026-08-17 08:07:02,465 [__main__] INFO — MU 2026-08-14: still open after 1 trading days
2026-08-17 08:07:02,571 [__main__] INFO — ABBV 2026-08-14: entry zone ($265.87-$269.07) not reached yet — order still pending
2026-08-17 08:07:02,580 [__main__] INFO — Paper updater complete — 0 trade(s) closed

==================================================
PAPER TRADING SUMMARY  (1 closed, 8 open, 0 expired)
==================================================
  Win rate (wins + profitable time stops): 0.0%
  Target hits:        0
  Stops:              1
  Time stops:         0  (+0 profitable)
  Avg R:R on wins:    0.00R
  Expired (never filled): 0
  Open trades:        8
==================================================

Closed 0 trade(s) this run.
2026-08-18 08:07:02,860 [__main__] INFO — 9 open paper trade(s) to check
2026-08-18 08:07:03,434 [__main__] INFO — PFE 2026-08-07: still open after 6 trading days
2026-08-18 08:07:03,435 [__main__] INFO — PFE 2026-08-10: still open after 5 trading days
2026-08-18 08:07:03,624 [__main__] INFO — MRK 2026-08-10: still open after 5 trading days
2026-08-18 08:07:03,779 [__main__] INFO — LLY 2026-08-12: still open after 3 trading days
2026-08-18 08:07:03,909 [__main__] INFO — NVDA 2026-08-13: still open after 2 trading days
2026-08-18 08:07:04,005 [__main__] INFO — AVGO 2026-08-14: entry zone ($428.82-$436.64) not reached yet — order still pending
2026-08-18 08:07:04,151 [__main__] INFO — MU 2026-08-14: entry zone ($992.84-$1030.70) not reached yet — order still pending
2026-08-18 08:07:04,246 [__main__] INFO — ABBV 2026-08-14: entry zone ($265.87-$269.07) not reached yet — order still pending
2026-08-18 08:07:04,373 [__main__] INFO — HBAN 2026-08-17: entry zone ($18.30-$18.46) not reached yet — order still pending
2026-08-18 08:07:04,379 [__main__] INFO — Paper updater complete — 0 trade(s) closed

==================================================
PAPER TRADING SUMMARY  (1 closed, 9 open, 0 expired)
==================================================
  Win rate (wins + profitable time stops): 0.0%
  Target hits:        0
  Stops:              1
  Time stops:         0  (+0 profitable)
  Avg R:R on wins:    0.00R
  Expired (never filled): 0
  Open trades:        9
==================================================

Closed 0 trade(s) this run.
2026-08-19 08:07:02,195 [__main__] INFO — 10 open paper trade(s) to check
2026-08-19 08:07:02,531 [__main__] INFO — PFE 2026-08-07: still open after 8 trading days
2026-08-19 08:07:02,531 [__main__] INFO — PFE 2026-08-10: still open after 7 trading days
2026-08-19 08:07:02,760 [__main__] INFO — MRK 2026-08-10: still open after 7 trading days
2026-08-19 08:07:02,907 [__main__] INFO — LLY 2026-08-12: still open after 5 trading days
2026-08-19 08:07:03,013 [__main__] INFO — NVDA 2026-08-13: still open after 4 trading days
2026-08-19 08:07:03,128 [__main__] INFO — AVGO 2026-08-14: entry zone ($428.82-$436.64) not reached yet — order still pending
2026-08-19 08:07:03,245 [__main__] INFO — MU 2026-08-14: still open after 3 trading days
2026-08-19 08:07:03,351 [__main__] INFO — ABBV 2026-08-14: still open after 3 trading days
2026-08-19 08:07:03,477 [__main__] INFO — HBAN 2026-08-17: entry zone ($18.30-$18.46) not reached yet — order still pending
$JNJ: possibly delisted; no price data found  (1d 2026-08-20 -> 2026-08-19) (Yahoo error = "Invalid input - start date cannot be after end date. startDate = 1787198400, endDate = 1787152023")

1 Failed download:
['JNJ']: possibly delisted; no price data found  (1d 2026-08-20 -> 2026-08-19) (Yahoo error = "Invalid input - start date cannot be after end date. startDate = 1787198400, endDate = 1787152023")
2026-08-19 08:07:03,840 [__main__] WARNING — JNJ: no price data since 2026-08-20 — skipping
2026-08-19 08:07:03,842 [__main__] INFO — Paper updater complete — 0 trade(s) closed

==================================================
PAPER TRADING SUMMARY  (1 closed, 10 open, 0 expired)
==================================================
  Win rate (wins + profitable time stops): 0.0%
  Target hits:        0
  Stops:              1
  Time stops:         0  (+0 profitable)
  Avg R:R on wins:    0.00R
  Expired (never filled): 0
  Open trades:        10
==================================================

Closed 0 trade(s) this run.
2026-08-20 08:07:02,236 [__main__] INFO — 13 open paper trade(s) to check
2026-08-20 08:07:02,761 [__main__] INFO — PFE 2026-08-07: still open after 9 trading days
2026-08-20 08:07:02,761 [__main__] INFO — PFE 2026-08-10: still open after 8 trading days
2026-08-20 08:07:03,141 [__main__] INFO — MRK 2026-08-10: still open after 8 trading days
2026-08-20 08:07:03,375 [__main__] INFO — LLY 2026-08-12: still open after 6 trading days
2026-08-20 08:07:03,751 [__main__] INFO — NVDA 2026-08-13: still open after 5 trading days
2026-08-20 08:07:04,105 [__main__] INFO — AVGO 2026-08-14: entry zone ($428.82-$436.64) not reached yet — order still pending
2026-08-20 08:07:04,236 [__main__] INFO — MU 2026-08-14: still open after 4 trading days
2026-08-20 08:07:04,598 [__main__] INFO — ABBV 2026-08-14: still open after 4 trading days
2026-08-20 08:07:04,727 [__main__] INFO — HBAN 2026-08-17: entry zone ($18.30-$18.46) not reached yet — order still pending
2026-08-20 08:07:05,187 [__main__] INFO — JNJ 2026-08-19: entry zone ($273.43-$276.37) not reached yet — order still pending
2026-08-20 08:07:05,527 [__main__] INFO — AMZN 2026-08-19: entry zone ($285.26-$289.14) not reached yet — order still pending
2026-08-20 08:07:05,949 [__main__] INFO — HD 2026-08-19: entry zone ($356.10-$360.62) not reached yet — order still pending
2026-08-20 08:07:05,949 [__main__] INFO — TGT: signal is from today — no bars possible yet, skipping
2026-08-20 08:07:05,952 [__main__] INFO — Paper updater complete — 0 trade(s) closed

==================================================
PAPER TRADING SUMMARY  (1 closed, 13 open, 0 expired)
==================================================
  Win rate (wins + profitable time stops/earnings/confidence exits): 0.0%
  Target hits:        0
  Stops:              1
  Time stops:         0  (+0 profitable)
  Earnings exits:     0  (+0 profitable)
  Confidence early exits: 0  (+0 profitable)
  Avg R:R on wins:    0.00R
  Expired (never filled): 0
  Open trades:        13
==================================================

Closed 0 trade(s) this run.
2026-08-21 08:07:02,213 [__main__] INFO — 12 open paper trade(s) to check
2026-08-21 08:07:02,650 [__main__] INFO — PFE 2026-08-07: still open after 10 trading days | mark=28.38 | $+37.51 (+1.15R)
2026-08-21 08:07:02,651 [__main__] INFO — PFE 2026-08-10: still open after 9 trading days | mark=28.38 | $+76.31 (+1.05R)
2026-08-21 08:07:03,085 [__main__] INFO — MRK 2026-08-10: still open after 9 trading days | mark=154.04 | $+111.55 (+2.99R)
2026-08-21 08:07:03,226 [__main__] INFO — LLY 2026-08-12: still open after 7 trading days | mark=1268.47 | $+0.00 (+0.35R)
2026-08-21 08:07:03,605 [__main__] INFO — AVGO 2026-08-14: entry zone ($428.82-$436.64) never reached within 5 trading days — expired, no capital ever at risk
2026-08-21 08:07:04,275 [__main__] INFO — MU 2026-08-14: still open after 5 trading days | mark=962.17 | $-0.00 (-0.24R)
2026-08-21 08:07:04,656 [__main__] INFO — ABBV 2026-08-14: still open after 5 trading days | mark=266.44 | $+1.28 (+0.04R)
2026-08-21 08:07:04,799 [__main__] INFO — HBAN 2026-08-17: entry zone ($18.30-$18.46) not reached yet — order still pending
2026-08-21 08:07:05,272 [__main__] INFO — JNJ 2026-08-19: entry zone ($273.43-$276.37) not reached yet — order still pending
2026-08-21 08:07:05,596 [__main__] INFO — AMZN 2026-08-19: entry zone ($285.26-$289.14) not reached yet — order still pending
2026-08-21 08:07:06,004 [__main__] INFO — HD 2026-08-19: entry zone ($356.10-$360.62) not reached yet — order still pending
2026-08-21 08:07:07,009 [__main__] INFO — TGT 2026-08-20: still open after 1 trading days | mark=164.43 | $+11.26 (+0.27R)
2026-08-21 08:07:07,011 [__main__] INFO — Paper updater complete — 1 trade(s) closed

==================================================
PAPER TRADING SUMMARY  (2 closed, 11 open, 1 expired)
==================================================
  Win rate (wins + profitable time stops/earnings/confidence exits): 0.0%
  Target hits:        0
  Stops:              1
  Time stops:         0  (+0 profitable)
  Earnings exits:     1  (+0 profitable)
  Confidence early exits: 0  (+0 profitable)
  Avg R:R on wins:    0.00R
  Expired (never filled): 1
  Open trades:        11
  Open unrealized P&L: $+237.91  (7 marked position(s))
==================================================

Closed 1 trade(s) this run.
2026-08-24 08:07:02,018 [__main__] INFO — 11 open paper trade(s) to check
--- Logging error ---
Traceback (most recent call last):
  File "C:\Users\user\AppData\Local\Python\pythoncore-3.14-64\Lib\logging\handlers.py", line 80, in emit
    self.doRollover()
    ~~~~~~~~~~~~~~~^^
  File "C:\Users\user\AppData\Local\Python\pythoncore-3.14-64\Lib\logging\handlers.py", line 185, in doRollover
    self.rotate(self.baseFilename, dfn)
    ~~~~~~~~~~~^^^^^^^^^^^^^^^^^^^^^^^^
  File "C:\Users\user\AppData\Local\Python\pythoncore-3.14-64\Lib\logging\handlers.py", line 121, in rotate
    os.rename(source, dest)
    ~~~~~~~~~^^^^^^^^^^^^^^
PermissionError: [WinError 32] The process cannot access the file because it is being used by another process: 'C:\\Users\\user\\Documents\\Git\\StockAnalysis\\data\\logs\\app.log' -> 'C:\\Users\\user\\Documents\\Git\\StockAnalysis\\data\\logs\\app.log.1'
Call stack:
  File "<frozen runpy>", line 198, in _run_module_as_main
  File "<frozen runpy>", line 88, in _run_code
  File "C:\Users\user\Documents\Git\StockAnalysis\paper_trading\paper_updater.py", line 882, in <module>
    count = update_paper_trades()
  File "C:\Users\user\Documents\Git\StockAnalysis\paper_trading\paper_updater.py", line 421, in update_paper_trades
    logger.info(f"{len(open_trades)} open paper trade(s) to check")
Message: '11 open paper trade(s) to check'
Arguments: ()
2026-08-24 08:07:02,665 [__main__] INFO — PFE 2026-08-07: still open after 11 trading days | mark=27.90 | $+36.67 (+0.84R)
--- Logging error ---
Traceback (most recent call last):
  File "C:\Users\user\AppData\Local\Python\pythoncore-3.14-64\Lib\logging\handlers.py", line 80, in emit
    self.doRollover()
    ~~~~~~~~~~~~~~~^^
  File "C:\Users\user\AppData\Local\Python\pythoncore-3.14-64\Lib\logging\handlers.py", line 185, in doRollover
    self.rotate(self.baseFilename, dfn)
    ~~~~~~~~~~~^^^^^^^^^^^^^^^^^^^^^^^^
  File "C:\Users\user\AppData\Local\Python\pythoncore-3.14-64\Lib\logging\handlers.py", line 121, in rotate
    os.rename(source, dest)
    ~~~~~~~~~^^^^^^^^^^^^^^
PermissionError: [WinError 32] The process cannot access the file because it is being used by another process: 'C:\\Users\\user\\Documents\\Git\\StockAnalysis\\data\\logs\\app.log' -> 'C:\\Users\\user\\Documents\\Git\\StockAnalysis\\data\\logs\\app.log.1'
Call stack:
  File "<frozen runpy>", line 198, in _run_module_as_main
  File "<frozen runpy>", line 88, in _run_code
  File "C:\Users\user\Documents\Git\StockAnalysis\paper_trading\paper_updater.py", line 882, in <module>
    count = update_paper_trades()
  File "C:\Users\user\Documents\Git\StockAnalysis\paper_trading\paper_updater.py", line 673, in update_paper_trades
    logger.info(f"{ticker} {signal_date}: still open after {len(df_after)} trading days{mark_note}")
Message: 'PFE 2026-08-07: still open after 11 trading days | mark=27.90 | $+36.67 (+0.84R)'
Arguments: ()
2026-08-24 08:07:02,667 [__main__] INFO — PFE 2026-08-10: still open after 10 trading days | mark=27.90 | $+50.86 (+0.70R)
--- Logging error ---
Traceback (most recent call last):
  File "C:\Users\user\AppData\Local\Python\pythoncore-3.14-64\Lib\logging\handlers.py", line 80, in emit
    self.doRollover()
    ~~~~~~~~~~~~~~~^^
  File "C:\Users\user\AppData\Local\Python\pythoncore-3.14-64\Lib\logging\handlers.py", line 185, in doRollover
    self.rotate(self.baseFilename, dfn)
    ~~~~~~~~~~~^^^^^^^^^^^^^^^^^^^^^^^^
  File "C:\Users\user\AppData\Local\Python\pythoncore-3.14-64\Lib\logging\handlers.py", line 121, in rotate
    os.rename(source, dest)
    ~~~~~~~~~^^^^^^^^^^^^^^
PermissionError: [WinError 32] The process cannot access the file because it is being used by another process: 'C:\\Users\\user\\Documents\\Git\\StockAnalysis\\data\\logs\\app.log' -> 'C:\\Users\\user\\Documents\\Git\\StockAnalysis\\data\\logs\\app.log.1'
Call stack:
  File "<frozen runpy>", line 198, in _run_module_as_main
  File "<frozen runpy>", line 88, in _run_code
  File "C:\Users\user\Documents\Git\StockAnalysis\paper_trading\paper_updater.py", line 882, in <module>
    count = update_paper_trades()
  File "C:\Users\user\Documents\Git\StockAnalysis\paper_trading\paper_updater.py", line 673, in update_paper_trades
    logger.info(f"{ticker} {signal_date}: still open after {len(df_after)} trading days{mark_note}")
Message: 'PFE 2026-08-10: still open after 10 trading days | mark=27.90 | $+50.86 (+0.70R)'
Arguments: ()
2026-08-24 08:07:03,207 [__main__] INFO — MRK 2026-08-10: still open after 10 trading days | mark=150.26 | $+80.19 (+2.42R)
--- Logging error ---
Traceback (most recent call last):
  File "C:\Users\user\AppData\Local\Python\pythoncore-3.14-64\Lib\logging\handlers.py", line 80, in emit
    self.doRollover()
    ~~~~~~~~~~~~~~~^^
  File "C:\Users\user\AppData\Local\Python\pythoncore-3.14-64\Lib\logging\handlers.py", line 185, in doRollover
    self.rotate(self.baseFilename, dfn)
    ~~~~~~~~~~~^^^^^^^^^^^^^^^^^^^^^^^^
  File "C:\Users\user\AppData\Local\Python\pythoncore-3.14-64\Lib\logging\handlers.py", line 121, in rotate
    os.rename(source, dest)
    ~~~~~~~~~^^^^^^^^^^^^^^
PermissionError: [WinError 32] The process cannot access the file because it is being used by another process: 'C:\\Users\\user\\Documents\\Git\\StockAnalysis\\data\\logs\\app.log' -> 'C:\\Users\\user\\Documents\\Git\\StockAnalysis\\data\\logs\\app.log.1'
Call stack:
  File "<frozen runpy>", line 198, in _run_module_as_main
  File "<frozen runpy>", line 88, in _run_code
  File "C:\Users\user\Documents\Git\StockAnalysis\paper_trading\paper_updater.py", line 882, in <module>
    count = update_paper_trades()
  File "C:\Users\user\Documents\Git\StockAnalysis\paper_trading\paper_updater.py", line 673, in update_paper_trades
    logger.info(f"{ticker} {signal_date}: still open after {len(df_after)} trading days{mark_note}")
Message: 'MRK 2026-08-10: still open after 10 trading days | mark=150.26 | $+80.19 (+2.42R)'
Arguments: ()
2026-08-24 08:07:03,368 [__main__] INFO — LLY 2026-08-12: still open after 8 trading days | mark=1239.26 | $+0.00 (+0.03R)
--- Logging error ---
Traceback (most recent call last):
  File "C:\Users\user\AppData\Local\Python\pythoncore-3.14-64\Lib\logging\handlers.py", line 80, in emit
    self.doRollover()
    ~~~~~~~~~~~~~~~^^
  File "C:\Users\user\AppData\Local\Python\pythoncore-3.14-64\Lib\logging\handlers.py", line 185, in doRollover
    self.rotate(self.baseFilename, dfn)
    ~~~~~~~~~~~^^^^^^^^^^^^^^^^^^^^^^^^
  File "C:\Users\user\AppData\Local\Python\pythoncore-3.14-64\Lib\logging\handlers.py", line 121, in rotate
    os.rename(source, dest)
    ~~~~~~~~~^^^^^^^^^^^^^^
PermissionError: [WinError 32] The process cannot access the file because it is being used by another process: 'C:\\Users\\user\\Documents\\Git\\StockAnalysis\\data\\logs\\app.log' -> 'C:\\Users\\user\\Documents\\Git\\StockAnalysis\\data\\logs\\app.log.1'
Call stack:
  File "<frozen runpy>", line 198, in _run_module_as_main
  File "<frozen runpy>", line 88, in _run_code
  File "C:\Users\user\Documents\Git\StockAnalysis\paper_trading\paper_updater.py", line 882, in <module>
    count = update_paper_trades()
  File "C:\Users\user\Documents\Git\StockAnalysis\paper_trading\paper_updater.py", line 673, in update_paper_trades
    logger.info(f"{ticker} {signal_date}: still open after {len(df_after)} trading days{mark_note}")
Message: 'LLY 2026-08-12: still open after 8 trading days | mark=1239.26 | $+0.00 (+0.03R)'
Arguments: ()
2026-08-24 08:07:03,496 [__main__] INFO — MU 2026-08-14: still open after 6 trading days | mark=898.98 | $+0.00 (-0.64R)
--- Logging error ---
Traceback (most recent call last):
  File "C:\Users\user\AppData\Local\Python\pythoncore-3.14-64\Lib\logging\handlers.py", line 80, in emit
    self.doRollover()
    ~~~~~~~~~~~~~~~^^
  File "C:\Users\user\AppData\Local\Python\pythoncore-3.14-64\Lib\logging\handlers.py", line 185, in doRollover
    self.rotate(self.baseFilename, dfn)
    ~~~~~~~~~~~^^^^^^^^^^^^^^^^^^^^^^^^
  File "C:\Users\user\AppData\Local\Python\pythoncore-3.14-64\Lib\logging\handlers.py", line 121, in rotate
    os.rename(source, dest)
    ~~~~~~~~~^^^^^^^^^^^^^^
PermissionError: [WinError 32] The process cannot access the file because it is being used by another process: 'C:\\Users\\user\\Documents\\Git\\StockAnalysis\\data\\logs\\app.log' -> 'C:\\Users\\user\\Documents\\Git\\StockAnalysis\\data\\logs\\app.log.1'
Call stack:
  File "<frozen runpy>", line 198, in _run_module_as_main
  File "<frozen runpy>", line 88, in _run_code
  File "C:\Users\user\Documents\Git\StockAnalysis\paper_trading\paper_updater.py", line 882, in <module>
    count = update_paper_trades()
  File "C:\Users\user\Documents\Git\StockAnalysis\paper_trading\paper_updater.py", line 673, in update_paper_trades
    logger.info(f"{ticker} {signal_date}: still open after {len(df_after)} trading days{mark_note}")
Message: 'MU 2026-08-14: still open after 6 trading days | mark=898.98 | $+0.00 (-0.64R)'
Arguments: ()
2026-08-24 08:07:03,894 [__main__] INFO — ABBV 2026-08-14: still open after 6 trading days | mark=263.36 | $-5.02 (-0.20R)
--- Logging error ---
Traceback (most recent call last):
  File "C:\Users\user\AppData\Local\Python\pythoncore-3.14-64\Lib\logging\handlers.py", line 80, in emit
    self.doRollover()
    ~~~~~~~~~~~~~~~^^
  File "C:\Users\user\AppData\Local\Python\pythoncore-3.14-64\Lib\logging\handlers.py", line 185, in doRollover
    self.rotate(self.baseFilename, dfn)
    ~~~~~~~~~~~^^^^^^^^^^^^^^^^^^^^^^^^
  File "C:\Users\user\AppData\Local\Python\pythoncore-3.14-64\Lib\logging\handlers.py", line 121, in rotate
    os.rename(source, dest)
    ~~~~~~~~~^^^^^^^^^^^^^^
PermissionError: [WinError 32] The process cannot access the file because it is being used by another process: 'C:\\Users\\user\\Documents\\Git\\StockAnalysis\\data\\logs\\app.log' -> 'C:\\Users\\user\\Documents\\Git\\StockAnalysis\\data\\logs\\app.log.1'
Call stack:
  File "<frozen runpy>", line 198, in _run_module_as_main
  File "<frozen runpy>", line 88, in _run_code
  File "C:\Users\user\Documents\Git\StockAnalysis\paper_trading\paper_updater.py", line 882, in <module>
    count = update_paper_trades()
  File "C:\Users\user\Documents\Git\StockAnalysis\paper_trading\paper_updater.py", line 673, in update_paper_trades
    logger.info(f"{ticker} {signal_date}: still open after {len(df_after)} trading days{mark_note}")
Message: 'ABBV 2026-08-14: still open after 6 trading days | mark=263.36 | $-5.02 (-0.20R)'
Arguments: ()
2026-08-24 08:07:04,056 [__main__] INFO — HBAN 2026-08-17: entry zone ($18.30-$18.46) never reached within 5 trading days — expired, no capital ever at risk
--- Logging error ---
Traceback (most recent call last):
  File "C:\Users\user\AppData\Local\Python\pythoncore-3.14-64\Lib\logging\handlers.py", line 80, in emit
    self.doRollover()
    ~~~~~~~~~~~~~~~^^
  File "C:\Users\user\AppData\Local\Python\pythoncore-3.14-64\Lib\logging\handlers.py", line 185, in doRollover
    self.rotate(self.baseFilename, dfn)
    ~~~~~~~~~~~^^^^^^^^^^^^^^^^^^^^^^^^
  File "C:\Users\user\AppData\Local\Python\pythoncore-3.14-64\Lib\logging\handlers.py", line 121, in rotate
    os.rename(source, dest)
    ~~~~~~~~~^^^^^^^^^^^^^^
PermissionError: [WinError 32] The process cannot access the file because it is being used by another process: 'C:\\Users\\user\\Documents\\Git\\StockAnalysis\\data\\logs\\app.log' -> 'C:\\Users\\user\\Documents\\Git\\StockAnalysis\\data\\logs\\app.log.1'
Call stack:
  File "<frozen runpy>", line 198, in _run_module_as_main
  File "<frozen runpy>", line 88, in _run_code
  File "C:\Users\user\Documents\Git\StockAnalysis\paper_trading\paper_updater.py", line 882, in <module>
    count = update_paper_trades()
  File "C:\Users\user\Documents\Git\StockAnalysis\paper_trading\paper_updater.py", line 553, in update_paper_trades
    logger.info(
Message: 'HBAN 2026-08-17: entry zone ($18.30-$18.46) never reached within 5 trading days — expired, no capital ever at risk'
Arguments: ()
2026-08-24 08:07:05,054 [__main__] INFO — JNJ 2026-08-19: entry zone ($273.43-$276.37) not reached yet — order still pending
--- Logging error ---
Traceback (most recent call last):
  File "C:\Users\user\AppData\Local\Python\pythoncore-3.14-64\Lib\logging\handlers.py", line 80, in emit
    self.doRollover()
    ~~~~~~~~~~~~~~~^^
  File "C:\Users\user\AppData\Local\Python\pythoncore-3.14-64\Lib\logging\handlers.py", line 185, in doRollover
    self.rotate(self.baseFilename, dfn)
    ~~~~~~~~~~~^^^^^^^^^^^^^^^^^^^^^^^^
  File "C:\Users\user\AppData\Local\Python\pythoncore-3.14-64\Lib\logging\handlers.py", line 121, in rotate
    os.rename(source, dest)
    ~~~~~~~~~^^^^^^^^^^^^^^
PermissionError: [WinError 32] The process cannot access the file because it is being used by another process: 'C:\\Users\\user\\Documents\\Git\\StockAnalysis\\data\\logs\\app.log' -> 'C:\\Users\\user\\Documents\\Git\\StockAnalysis\\data\\logs\\app.log.1'
Call stack:
  File "<frozen runpy>", line 198, in _run_module_as_main
  File "<frozen runpy>", line 88, in _run_code
  File "C:\Users\user\Documents\Git\StockAnalysis\paper_trading\paper_updater.py", line 882, in <module>
    count = update_paper_trades()
  File "C:\Users\user\Documents\Git\StockAnalysis\paper_trading\paper_updater.py", line 534, in update_paper_trades
    logger.info(
Message: 'JNJ 2026-08-19: entry zone ($273.43-$276.37) not reached yet — order still pending'
Arguments: ()
2026-08-24 08:07:05,381 [__main__] INFO — AMZN 2026-08-19: entry zone ($285.26-$289.14) not reached yet — order still pending
--- Logging error ---
Traceback (most recent call last):
  File "C:\Users\user\AppData\Local\Python\pythoncore-3.14-64\Lib\logging\handlers.py", line 80, in emit
    self.doRollover()
    ~~~~~~~~~~~~~~~^^
  File "C:\Users\user\AppData\Local\Python\pythoncore-3.14-64\Lib\logging\handlers.py", line 185, in doRollover
    self.rotate(self.baseFilename, dfn)
    ~~~~~~~~~~~^^^^^^^^^^^^^^^^^^^^^^^^
  File "C:\Users\user\AppData\Local\Python\pythoncore-3.14-64\Lib\logging\handlers.py", line 121, in rotate
    os.rename(source, dest)
    ~~~~~~~~~^^^^^^^^^^^^^^
PermissionError: [WinError 32] The process cannot access the file because it is being used by another process: 'C:\\Users\\user\\Documents\\Git\\StockAnalysis\\data\\logs\\app.log' -> 'C:\\Users\\user\\Documents\\Git\\StockAnalysis\\data\\logs\\app.log.1'
Call stack:
  File "<frozen runpy>", line 198, in _run_module_as_main
  File "<frozen runpy>", line 88, in _run_code
  File "C:\Users\user\Documents\Git\StockAnalysis\paper_trading\paper_updater.py", line 882, in <module>
    count = update_paper_trades()
  File "C:\Users\user\Documents\Git\StockAnalysis\paper_trading\paper_updater.py", line 534, in update_paper_trades
    logger.info(
Message: 'AMZN 2026-08-19: entry zone ($285.26-$289.14) not reached yet — order still pending'
Arguments: ()
2026-08-24 08:07:05,911 [__main__] INFO — HD 2026-08-19: entry zone ($356.10-$360.62) not reached yet — order still pending
--- Logging error ---
Traceback (most recent call last):
  File "C:\Users\user\AppData\Local\Python\pythoncore-3.14-64\Lib\logging\handlers.py", line 80, in emit
    self.doRollover()
    ~~~~~~~~~~~~~~~^^
  File "C:\Users\user\AppData\Local\Python\pythoncore-3.14-64\Lib\logging\handlers.py", line 185, in doRollover
    self.rotate(self.baseFilename, dfn)
    ~~~~~~~~~~~^^^^^^^^^^^^^^^^^^^^^^^^
  File "C:\Users\user\AppData\Local\Python\pythoncore-3.14-64\Lib\logging\handlers.py", line 121, in rotate
    os.rename(source, dest)
    ~~~~~~~~~^^^^^^^^^^^^^^
PermissionError: [WinError 32] The process cannot access the file because it is being used by another process: 'C:\\Users\\user\\Documents\\Git\\StockAnalysis\\data\\logs\\app.log' -> 'C:\\Users\\user\\Documents\\Git\\StockAnalysis\\data\\logs\\app.log.1'
Call stack:
  File "<frozen runpy>", line 198, in _run_module_as_main
  File "<frozen runpy>", line 88, in _run_code
  File "C:\Users\user\Documents\Git\StockAnalysis\paper_trading\paper_updater.py", line 882, in <module>
    count = update_paper_trades()
  File "C:\Users\user\Documents\Git\StockAnalysis\paper_trading\paper_updater.py", line 534, in update_paper_trades
    logger.info(
Message: 'HD 2026-08-19: entry zone ($356.10-$360.62) not reached yet — order still pending'
Arguments: ()
2026-08-24 08:07:06,286 [__main__] INFO — TGT 2026-08-20: still open after 2 trading days | mark=170.01 | $+35.78 (+0.72R)
--- Logging error ---
Traceback (most recent call last):
  File "C:\Users\user\AppData\Local\Python\pythoncore-3.14-64\Lib\logging\handlers.py", line 80, in emit
    self.doRollover()
    ~~~~~~~~~~~~~~~^^
  File "C:\Users\user\AppData\Local\Python\pythoncore-3.14-64\Lib\logging\handlers.py", line 185, in doRollover
    self.rotate(self.baseFilename, dfn)
    ~~~~~~~~~~~^^^^^^^^^^^^^^^^^^^^^^^^
  File "C:\Users\user\AppData\Local\Python\pythoncore-3.14-64\Lib\logging\handlers.py", line 121, in rotate
    os.rename(source, dest)
    ~~~~~~~~~^^^^^^^^^^^^^^
PermissionError: [WinError 32] The process cannot access the file because it is being used by another process: 'C:\\Users\\user\\Documents\\Git\\StockAnalysis\\data\\logs\\app.log' -> 'C:\\Users\\user\\Documents\\Git\\StockAnalysis\\data\\logs\\app.log.1'
Call stack:
  File "<frozen runpy>", line 198, in _run_module_as_main
  File "<frozen runpy>", line 88, in _run_code
  File "C:\Users\user\Documents\Git\StockAnalysis\paper_trading\paper_updater.py", line 882, in <module>
    count = update_paper_trades()
  File "C:\Users\user\Documents\Git\StockAnalysis\paper_trading\paper_updater.py", line 673, in update_paper_trades
    logger.info(f"{ticker} {signal_date}: still open after {len(df_after)} trading days{mark_note}")
Message: 'TGT 2026-08-20: still open after 2 trading days | mark=170.01 | $+35.78 (+0.72R)'
Arguments: ()
2026-08-24 08:07:06,290 [__main__] INFO — Paper updater complete — 1 trade(s) closed
--- Logging error ---
Traceback (most recent call last):
  File "C:\Users\user\AppData\Local\Python\pythoncore-3.14-64\Lib\logging\handlers.py", line 80, in emit
    self.doRollover()
    ~~~~~~~~~~~~~~~^^
  File "C:\Users\user\AppData\Local\Python\pythoncore-3.14-64\Lib\logging\handlers.py", line 185, in doRollover
    self.rotate(self.baseFilename, dfn)
    ~~~~~~~~~~~^^^^^^^^^^^^^^^^^^^^^^^^
  File "C:\Users\user\AppData\Local\Python\pythoncore-3.14-64\Lib\logging\handlers.py", line 121, in rotate
    os.rename(source, dest)
    ~~~~~~~~~^^^^^^^^^^^^^^
PermissionError: [WinError 32] The process cannot access the file because it is being used by another process: 'C:\\Users\\user\\Documents\\Git\\StockAnalysis\\data\\logs\\app.log' -> 'C:\\Users\\user\\Documents\\Git\\StockAnalysis\\data\\logs\\app.log.1'
Call stack:
  File "<frozen runpy>", line 198, in _run_module_as_main
  File "<frozen runpy>", line 88, in _run_code
  File "C:\Users\user\Documents\Git\StockAnalysis\paper_trading\paper_updater.py", line 882, in <module>
    count = update_paper_trades()
  File "C:\Users\user\Documents\Git\StockAnalysis\paper_trading\paper_updater.py", line 757, in update_paper_trades
    logger.info(f"Paper updater complete — {closed_count} trade(s) closed")
Message: 'Paper updater complete — 1 trade(s) closed'
Arguments: ()

==================================================
PAPER TRADING SUMMARY  (2 closed, 10 open, 2 expired)
==================================================
  Win rate (wins + profitable time stops/earnings/confidence exits): 0.0%
  Target hits:        0
  Stops:              1
  Time stops:         0  (+0 profitable)
  Earnings exits:     1  (+0 profitable)
  Confidence early exits: 0  (+0 profitable)
  Avg R:R on wins:    0.00R
  Expired (never filled): 2
  Open trades:        10
  Open unrealized P&L: $+198.48  (7 marked position(s))
==================================================

Closed 1 trade(s) this run.
2026-08-25 08:07:02,559 [__main__] INFO — 11 open paper trade(s) to check
2026-08-25 08:07:03,079 [__main__] INFO — PFE 2026-08-07: still open after 12 trading days | mark=28.34 | $+49.14 (+1.13R)
2026-08-25 08:07:03,080 [__main__] INFO — PFE 2026-08-10: still open after 11 trading days | mark=28.34 | $+74.45 (+1.03R)
2026-08-25 08:07:03,550 [__main__] INFO — MRK 2026-08-10: still open after 11 trading days | mark=154.52 | $+101.49 (+3.07R)
2026-08-25 08:07:03,778 [__main__] INFO — LLY 2026-08-12: still open after 9 trading days | mark=1262.99 | $+0.00 (+0.29R)
2026-08-25 08:07:03,949 [__main__] INFO — MU 2026-08-14: still open after 7 trading days | mark=928.31 | $+0.00 (-0.45R)
2026-08-25 08:07:04,434 [__main__] INFO — ABBV 2026-08-14: still open after 7 trading days | mark=266.46 | $+1.19 (+0.05R)
2026-08-25 08:07:05,352 [__main__] INFO — JNJ 2026-08-19: still open after 4 trading days | mark=273.55 | $+0.24 (+0.01R)
2026-08-25 08:07:05,833 [__main__] INFO — AMZN 2026-08-19: entry zone ($285.26-$289.14) not reached yet — order still pending
2026-08-25 08:07:06,439 [__main__] INFO — HD 2026-08-19: entry zone ($356.10-$360.62) not reached yet — order still pending
2026-08-25 08:07:07,343 [__main__] INFO — TGT 2026-08-20: still open after 3 trading days | mark=163.52 | $+9.84 (+0.20R)
2026-08-25 08:07:07,343 [__main__] INFO — AMGN: signal is from today — no bars possible yet, skipping
2026-08-25 08:07:07,503 [__main__] INFO — AVGO 2026-08-14: hypothetical (immediate-fill) outcome loss | -1.01R — entry-zone opportunity cost
2026-08-25 08:07:07,690 [__main__] INFO — HBAN 2026-08-17: hypothetical (immediate-fill) outcome loss | -1.00R — entry-zone opportunity cost
2026-08-25 08:07:07,690 [__main__] INFO — 2 hypothetical (entry-zone opportunity cost) outcome(s) resolved
2026-08-25 08:07:07,693 [__main__] INFO — Paper updater complete — 0 trade(s) closed
2026-08-25 08:07:08,229 [__main__] INFO — 8 open paper trade(s) to check
2026-08-25 08:07:08,250 [__main__] INFO — MU: signal is from today — no bars possible yet, skipping
2026-08-25 08:07:08,250 [__main__] INFO — ADI: signal is from today — no bars possible yet, skipping
2026-08-25 08:07:08,250 [__main__] INFO — UMBF: signal is from today — no bars possible yet, skipping
2026-08-25 08:07:08,250 [__main__] INFO — CFG: signal is from today — no bars possible yet, skipping
2026-08-25 08:07:08,250 [__main__] INFO — AMGN: signal is from today — no bars possible yet, skipping
2026-08-25 08:07:08,250 [__main__] INFO — GILD: signal is from today — no bars possible yet, skipping
2026-08-25 08:07:08,250 [__main__] INFO — AMZN: signal is from today — no bars possible yet, skipping
2026-08-25 08:07:08,250 [__main__] INFO — TGT: signal is from today — no bars possible yet, skipping
2026-08-25 08:07:08,252 [__main__] INFO — Paper updater complete — 0 trade(s) closed

==================================================
PAPER TRADING SUMMARY  (2 closed, 11 open, 2 expired)
==================================================
  Win rate (wins + profitable time stops/earnings/confidence exits): 0.0%
  Target hits:        0
  Stops:              1
  Time stops:         0  (+0 profitable)
  Earnings exits:     1  (+0 profitable)
  Confidence early exits: 0  (+0 profitable)
  Avg R:R on wins:    0.00R
  Expired (never filled): 2
    -> entry-zone opportunity cost: 2 resolved (0 still pending), hypothetical win rate 0.0%, avg -1.00R if filled immediately at signal time
  Open trades:        11
  Open unrealized P&L: $+236.35  (8 marked position(s))
==================================================

[threshold] Closed 0 trade(s) this run.
Paper trades: 8 total, 8 open, 0 closed
[rank] Closed 0 trade(s) this run.
2026-08-26 08:07:02,670 [__main__] INFO — 11 open paper trade(s) to check
2026-08-26 08:07:03,161 [__main__] INFO — PFE 2026-08-07: still open after 13 trading days | mark=28.28 | $+47.46 (+1.09R)
2026-08-26 08:07:03,162 [__main__] INFO — PFE 2026-08-10: still open after 12 trading days | mark=28.28 | $+71.28 (+0.98R)
2026-08-26 08:07:03,752 [__main__] INFO — MRK 2026-08-10: still open after 12 trading days | mark=154.24 | $+100.10 (+3.02R)
2026-08-26 08:07:03,953 [__main__] INFO — LLY 2026-08-12: time_stop | exit=1212.16 | pnl=-1.97% | -0.26R | $+0.00 | 10d
2026-08-26 08:07:04,566 [__main__] INFO — MU 2026-08-14: still open after 8 trading days | mark=938.38
2026-08-26 08:07:04,984 [__main__] INFO — ABBV 2026-08-14: still open after 8 trading days | mark=262.54 | $-6.66 (-0.26R)
2026-08-26 08:07:05,472 [__main__] INFO — JNJ 2026-08-19: still open after 5 trading days | mark=270.83 | $-5.19 (-0.22R)
2026-08-26 08:07:05,912 [__main__] INFO — AMZN 2026-08-19: entry zone ($285.26-$289.14) never reached within 5 trading days — expired, no capital ever at risk
2026-08-26 08:07:07,164 [__main__] INFO — HD 2026-08-19: entry zone ($356.10-$360.62) never reached within 5 trading days — expired, no capital ever at risk
2026-08-26 08:07:08,017 [__main__] INFO — TGT 2026-08-20: still open after 4 trading days | mark=163.40 | $+9.38 (+0.19R)
2026-08-26 08:07:08,829 [__main__] INFO — AMGN 2026-08-25: still open after 1 trading days | mark=440.02 | $-35.73 (-0.09R)
2026-08-26 08:07:08,979 [__main__] INFO — AMZN 2026-08-19: hypothetical (immediate-fill) outcome loss | -1.38R — entry-zone opportunity cost
2026-08-26 08:07:09,167 [__main__] INFO — HD 2026-08-19: hypothetical (immediate-fill) outcome loss | -1.15R — entry-zone opportunity cost
2026-08-26 08:07:09,168 [__main__] INFO — 2 hypothetical (entry-zone opportunity cost) outcome(s) resolved
2026-08-26 08:07:09,170 [__main__] INFO — Paper updater complete — 3 trade(s) closed

==================================================
PAPER TRADING SUMMARY  (3 closed, 8 open, 4 expired)
==================================================
  Win rate (wins + profitable time stops/earnings/confidence exits): 0.0%
  Target hits:        0
  Stops:              1
  Time stops:         1  (+0 profitable)
  Earnings exits:     1  (+0 profitable)
  Confidence early exits: 0  (+0 profitable)
  Avg R:R on wins:    0.00R
  Expired (never filled): 4
    -> entry-zone opportunity cost: 4 resolved (0 still pending), hypothetical win rate 0.0%, avg -1.13R if filled immediately at signal time
  Open trades:        8
    -> of which 1 sized to 0 units (MU) — tracked for R-multiple only, no capital at risk
  Open unrealized P&L: $+180.64  (7 marked position(s))
==================================================

[threshold] Closed 3 trade(s) this run.
No paper trades found.
[rank] Closed 0 trade(s) this run.
2026-08-27 08:07:02,711 [__main__] INFO — 9 open paper trade(s) to check
2026-08-27 08:07:03,223 [__main__] INFO — PFE 2026-08-07: still open after 14 trading days | mark=28.08 | $+41.86 (+0.96R)
2026-08-27 08:07:03,223 [__main__] INFO — PFE 2026-08-10: still open after 13 trading days | mark=28.08 | $+60.68 (+0.84R)
2026-08-27 08:07:03,802 [__main__] INFO — MRK 2026-08-10: still open after 13 trading days | mark=151.70 | $+87.38 (+2.64R)
2026-08-27 08:07:03,981 [__main__] INFO — MU 2026-08-14: still open after 9 trading days | mark=922.80
2026-08-27 08:07:04,416 [__main__] INFO — ABBV 2026-08-14: still open after 9 trading days | mark=258.89 | $-13.95 (-0.54R)
2026-08-27 08:07:04,896 [__main__] INFO — JNJ 2026-08-19: still open after 6 trading days | mark=266.63 | $-13.60 (-0.58R)
2026-08-27 08:07:05,341 [__main__] INFO — TGT 2026-08-20: still open after 5 trading days | mark=166.24 | $+20.74 (+0.42R)
2026-08-27 08:07:05,685 [__main__] INFO — AMGN 2026-08-25: still open after 2 trading days | mark=440.55 | $-10.51 (-0.03R)
2026-08-27 08:07:05,685 [__main__] INFO — NVDA: signal is from today — no bars possible yet, skipping
2026-08-27 08:07:05,688 [__main__] INFO — Paper updater complete — 0 trade(s) closed
2026-08-27 08:07:06,461 [__main__] INFO — 8 open paper trade(s) to check
2026-08-27 08:07:06,910 [__main__] INFO — MU 2026-08-26: entry zone ($1020.57-$1051.69) not reached yet — order still pending
2026-08-27 08:07:07,070 [__main__] INFO — QCOM 2026-08-26: entry zone ($167.27-$170.47) not reached yet — order still pending
2026-08-27 08:07:07,247 [__main__] INFO — TFC 2026-08-26: entry zone ($53.30-$53.76) not reached yet — order still pending
2026-08-27 08:07:07,449 [__main__] INFO — RF 2026-08-26: entry zone ($32.15-$32.43) not reached yet — order still pending
2026-08-27 08:07:07,617 [__main__] INFO — ABBV 2026-08-26: entry zone ($266.01-$268.93) not reached yet — order still pending
2026-08-27 08:07:07,780 [__main__] INFO — AMGN 2026-08-26: entry zone ($444.50-$449.56) not reached yet — order still pending
2026-08-27 08:07:07,918 [__main__] INFO — AMZN 2026-08-26: entry zone ($285.49-$288.91) not reached yet — order still pending
2026-08-27 08:07:08,159 [__main__] INFO — SBUX 2026-08-26: entry zone ($109.18-$110.57) not reached yet — order still pending
2026-08-27 08:07:08,161 [__main__] INFO — Paper updater complete — 0 trade(s) closed

==================================================
PAPER TRADING SUMMARY  (2 closed, 9 open, 4 expired)
==================================================
  Win rate (wins + profitable time stops/earnings/confidence exits): 0.0%
  Target hits:        0
  Stops:              1
  Time stops:         0  (+0 profitable)
  Earnings exits:     1  (+0 profitable)
  Confidence early exits: 0  (+0 profitable)
  Avg R:R on wins:    0.00R
  Closed but never funded (sized to 0 units): 1  (LLY) — real directional result, no capital at risk, excluded from win rate
  Expired (never filled): 4
    -> entry-zone opportunity cost: 4 resolved (0 still pending), hypothetical win rate 0.0%, avg -1.13R if filled immediately at signal time
  Open trades:        9
    -> of which 1 sized to 0 units (MU) — tracked for R-multiple only, no capital at risk
  Open unrealized P&L: $+172.60  (7 marked position(s))
==================================================

[threshold] Closed 0 trade(s) this run.
Paper trades: 8 total, 8 open, 0 closed
[rank] Closed 0 trade(s) this run.
2026-08-28 08:07:02,748 [__main__] INFO — 14 open paper trade(s) to check
2026-08-28 08:07:03,309 [__main__] INFO — PFE 2026-08-07: time_stop | exit=27.84 | pnl=+4.70% | +0.81R | $+35.00 | 15d
2026-08-28 08:07:03,857 [__main__] INFO — PFE 2026-08-10: still open after 14 trading days | mark=27.84 | $+47.69 (+0.66R)
2026-08-28 08:07:04,344 [__main__] INFO — MRK 2026-08-10: still open after 14 trading days | mark=147.36 | $+65.70 (+1.98R)
2026-08-28 08:07:04,474 [__main__] INFO — MU 2026-08-14: time_stop | exit=939.95 | pnl=-5.96% | -0.38R | $+0.00 | 10d
2026-08-28 08:07:05,492 [__main__] INFO — ABBV 2026-08-14: still open after 10 trading days | mark=256.66 | $-18.42 (-0.72R)
2026-08-28 08:07:05,863 [__main__] INFO — JNJ 2026-08-19: still open after 7 trading days | mark=266.35 | $-14.17 (-0.60R)
2026-08-28 08:07:06,267 [__main__] INFO — TGT 2026-08-20: still open after 6 trading days | mark=163.06 | $+8.00 (+0.16R)
2026-08-28 08:07:06,446 [__main__] INFO — AMGN 2026-08-25: still open after 3 trading days | mark=431.85 | $-170.98 (-0.43R)
2026-08-28 08:07:06,446 [__main__] INFO — NVDA: signal is from today — no bars possible yet, skipping
2026-08-28 08:07:06,446 [__main__] INFO — TSM: signal is from today — no bars possible yet, skipping
2026-08-28 08:07:06,446 [__main__] INFO — QCOM: signal is from today — no bars possible yet, skipping
2026-08-28 08:07:06,447 [__main__] INFO — GILD: signal is from today — no bars possible yet, skipping
2026-08-28 08:07:06,447 [__main__] INFO — BMY: signal is from today — no bars possible yet, skipping
2026-08-28 08:07:06,447 [__main__] INFO — ABT: signal is from today — no bars possible yet, skipping
2026-08-28 08:07:06,454 [__main__] INFO — Paper updater complete — 2 trade(s) closed
2026-08-28 08:07:06,987 [__main__] INFO — 12 open paper trade(s) to check
2026-08-28 08:07:07,399 [__main__] INFO — MU 2026-08-26: entry zone ($1020.57-$1051.69) not reached yet — order still pending
2026-08-28 08:07:07,519 [__main__] INFO — TFC 2026-08-26: entry zone ($53.30-$53.76) not reached yet — order still pending
2026-08-28 08:07:07,644 [__main__] INFO — RF 2026-08-26: entry zone ($32.15-$32.43) not reached yet — order still pending
2026-08-28 08:07:07,742 [__main__] INFO — SBUX 2026-08-26: entry zone ($109.18-$110.57) not reached yet — order still pending
2026-08-28 08:07:08,553 [__main__] INFO — NVDA 2026-08-27: still open after 1 trading days | mark=225.29 | $-55.96 (-0.13R)
2026-08-28 08:07:08,664 [__main__] INFO — QCOM 2026-08-27: entry zone ($167.30-$170.44) not reached yet — order still pending
2026-08-28 08:07:08,793 [__main__] INFO — UMBF 2026-08-27: entry zone ($152.56-$154.08) not reached yet — order still pending
2026-08-28 08:07:08,951 [__main__] INFO — KEY 2026-08-27: entry zone ($21.59-$21.79) not reached yet — order still pending
2026-08-28 08:07:09,053 [__main__] INFO — ABBV 2026-08-27: entry zone ($265.52-$268.42) not reached yet — order still pending
2026-08-28 08:07:09,234 [__main__] INFO — AMGN 2026-08-27: entry zone ($444.49-$449.57) not reached yet — order still pending
2026-08-28 08:07:09,314 [__main__] INFO — AMZN 2026-08-27: entry zone ($285.52-$288.88) not reached yet — order still pending
2026-08-28 08:07:09,464 [__main__] INFO — TGT 2026-08-27: entry zone ($169.46-$172.04) not reached yet — order still pending
2026-08-28 08:07:09,467 [__main__] INFO — Paper updater complete — 0 trade(s) closed

==================================================
PAPER TRADING SUMMARY  (3 closed, 12 open, 4 expired, 3 superseded)
==================================================
  Win rate (wins + profitable time stops/earnings/confidence exits): 33.3%
  Target hits:        0
  Stops:              1
  Time stops:         1  (+1 profitable)
  Earnings exits:     1  (+0 profitable)
  Confidence early exits: 0  (+0 profitable)
  Avg R:R on wins:    0.00R
  Closed but never funded (sized to 0 units): 2  (LLY, MU) — real directional result, no capital at risk, excluded from win rate
  Expired (never filled): 4
  Superseded (pending, replaced by a newer signal): 3  (NVDA, QCOM, ABT)
    -> entry-zone opportunity cost: 4 resolved (0 still pending), hypothetical win rate 0.0%, avg -1.13R if filled immediately at signal time
  Open trades:        12
  Open unrealized P&L: $-82.18  (6 marked position(s))
==================================================

[threshold] Closed 2 trade(s) this run.

==================================================
PAPER TRADING SUMMARY  (0 closed, 12 open, 0 expired, 4 superseded)
==================================================
  Win rate (wins + profitable time stops/earnings/confidence exits): 0.0%
  Target hits:        0
  Stops:              0
  Time stops:         0  (+0 profitable)
  Earnings exits:     0  (+0 profitable)
  Confidence early exits: 0  (+0 profitable)
  Avg R:R on wins:    0.00R
  Expired (never filled): 0
  Superseded (pending, replaced by a newer signal): 4  (QCOM, ABBV, AMGN, AMZN)
  Open trades:        12
  Open unrealized P&L: $-55.96  (1 marked position(s))
==================================================

[rank] Closed 0 trade(s) this run.
2026-08-31 08:07:02,017 [__main__] INFO — 13 open paper trade(s) to check
2026-08-31 08:07:02,378 [__main__] INFO — PFE 2026-08-10: time_stop | exit=28.24 | pnl=+4.81% | +0.95R | $+68.63 | 15d
2026-08-31 08:07:03,628 [__main__] INFO — MRK 2026-08-10: still open after 15 trading days | mark=147.62 | $+67.00 (+2.02R)
2026-08-31 08:07:04,539 [__main__] INFO — ABBV 2026-08-14: loss | exit=253.07 | pnl=-4.81% | -1.00R | $-25.60 | 9d
2026-08-31 08:07:05,536 [__main__] INFO — JNJ 2026-08-19: still open after 8 trading days | mark=266.20 | $-14.46 (-0.62R)
2026-08-31 08:07:06,436 [__main__] INFO — TGT 2026-08-20: still open after 7 trading days | mark=162.63 | $+6.30 (+0.13R)
2026-08-31 08:07:07,254 [__main__] INFO — AMGN 2026-08-25: still open after 4 trading days | mark=430.78 | $-190.66 (-0.48R)
2026-08-31 08:07:08,206 [__main__] INFO — TSM 2026-08-28: entry zone ($432.84-$439.24) not reached yet — order still pending
2026-08-31 08:07:09,274 [__main__] INFO — ABT 2026-08-28: entry zone ($116.71-$117.97) not reached yet — order still pending
2026-08-31 08:07:10,192 [__main__] INFO — NVDA 2026-08-29: entry zone ($226.16-$229.80) not reached yet — order still pending
2026-08-31 08:07:11,424 [__main__] INFO — MU 2026-08-29: entry zone ($1020.58-$1051.68) not reached yet — order still pending
2026-08-31 08:07:12,690 [__main__] INFO — QCOM 2026-08-29: still open after 1 trading days | mark=168.66 | $+86.23 (+0.22R)
2026-08-31 08:07:12,690 [__main__] INFO — GILD: signal is from today — no bars possible yet, skipping
2026-08-31 08:07:12,690 [__main__] INFO — BMY: signal is from today — no bars possible yet, skipping
2026-08-31 08:07:12,693 [__main__] INFO — Paper updater complete — 2 trade(s) closed
2026-08-31 08:07:12,716 [__main__] INFO — Calibration check: status=insufficient_data weights_updated=False
2026-08-31 08:07:13,175 [__main__] INFO — 15 open paper trade(s) to check
2026-08-31 08:07:13,348 [__main__] INFO — TFC 2026-08-26: entry zone ($53.30-$53.76) not reached yet — order still pending
2026-08-31 08:07:14,342 [__main__] INFO — RF 2026-08-26: entry zone ($32.15-$32.43) not reached yet — order still pending
2026-08-31 08:07:15,298 [__main__] INFO — NVDA 2026-08-27: still open after 2 trading days | mark=219.75 | $-208.37 (-0.48R)
2026-08-31 08:07:16,329 [__main__] INFO — ABBV 2026-08-27: entry zone ($265.52-$268.42) not reached yet — order still pending
2026-08-31 08:07:17,299 [__main__] INFO — AMGN 2026-08-27: entry zone ($444.49-$449.57) not reached yet — order still pending
2026-08-31 08:07:18,403 [__main__] INFO — ABT 2026-08-28: entry zone ($116.72-$117.96) not reached yet — order still pending
2026-08-31 08:07:19,332 [__main__] INFO — SBUX 2026-08-28: entry zone ($109.22-$110.54) not reached yet — order still pending
2026-08-31 08:07:20,796 [__main__] INFO — QCOM 2026-08-29: still open after 1 trading days | mark=168.74 | $+91.62 (+0.23R)
2026-08-31 08:07:21,587 [__main__] INFO — MU 2026-08-29: entry zone ($1020.58-$1051.68) not reached yet — order still pending
2026-08-31 08:07:22,322 [__main__] INFO — UMBF 2026-08-29: entry zone ($152.56-$154.08) not reached yet — order still pending
2026-08-31 08:07:24,052 [__main__] INFO — KEY 2026-08-29: still open after 1 trading days | mark=21.72 | $+86.43 (+0.17R)
2026-08-31 08:07:24,303 [__main__] INFO — GILD 2026-08-29: entry zone ($148.68-$150.56) not reached yet — order still pending
2026-08-31 08:07:25,471 [__main__] INFO — JNJ 2026-08-29: entry zone ($273.73-$276.50) not reached yet — order still pending
2026-08-31 08:07:26,323 [__main__] INFO — AMZN 2026-08-29: entry zone ($285.52-$288.88) not reached yet — order still pending
2026-08-31 08:07:27,365 [__main__] INFO — TGT 2026-08-29: entry zone ($169.46-$172.04) not reached yet — order still pending
2026-08-31 08:07:27,368 [__main__] INFO — Paper updater complete — 0 trade(s) closed

==================================================
PAPER TRADING SUMMARY  (5 closed, 11 open, 4 expired, 7 superseded)
==================================================
  Win rate (wins + profitable time stops/earnings/confidence exits): 40.0%
  Target hits:        0
  Stops:              2
  Time stops:         2  (+2 profitable)
  Earnings exits:     1  (+0 profitable)
  Confidence early exits: 0  (+0 profitable)
  Avg R:R on wins:    0.00R
  Closed but never funded (sized to 0 units): 2  (LLY, MU) — real directional result, no capital at risk, excluded from win rate
  Expired (never filled): 4
  Superseded (pending, replaced by a newer signal): 7  (NVDA, QCOM, ABT, NVDA, QCOM, GILD, BMY)
    -> entry-zone opportunity cost: 4 resolved (0 still pending), hypothetical win rate 0.0%, avg -1.13R if filled immediately at signal time
  Open trades:        11
  Open unrealized P&L: $-45.59  (5 marked position(s))
==================================================

[threshold] Closed 2 trade(s) this run.

==================================================
PAPER TRADING SUMMARY  (0 closed, 15 open, 0 expired, 17 superseded)
==================================================
  Win rate (wins + profitable time stops/earnings/confidence exits): 0.0%
  Target hits:        0
  Stops:              0
  Time stops:         0  (+0 profitable)
  Earnings exits:     0  (+0 profitable)
  Confidence early exits: 0  (+0 profitable)
  Avg R:R on wins:    0.00R
  Expired (never filled): 0
  Superseded (pending, replaced by a newer signal): 17  (MU, QCOM, ABBV, AMGN, AMZN, SBUX, QCOM, UMBF, KEY, AMZN, TGT, MU, QCOM, UMBF, KEY, JNJ, AMZN)
  Open trades:        15
  Open unrealized P&L: $-30.32  (3 marked position(s))
==================================================

[rank] Closed 0 trade(s) this run.
2026-09-01 08:07:02,216 [__main__] INFO — 13 open paper trade(s) to check
2026-09-01 08:07:02,846 [__main__] INFO — MRK 2026-08-10: still open after 16 trading days | mark=149.45 | $+76.13 (+2.30R)
2026-09-01 08:07:03,668 [__main__] INFO — JNJ 2026-08-19: still open after 9 trading days | mark=268.78 | $-9.30 (-0.40R)
2026-09-01 08:07:04,671 [__main__] INFO — TGT 2026-08-20: still open after 8 trading days | mark=163.78 | $+10.88 (+0.22R)
2026-09-01 08:07:05,366 [__main__] INFO — AMGN 2026-08-25: still open after 5 trading days | mark=433.70 | $-136.78 (-0.34R)
2026-09-01 08:07:06,356 [__main__] INFO — TSM 2026-08-28: entry zone ($432.84-$439.24) not reached yet — order still pending
2026-09-01 08:07:07,377 [__main__] INFO — ABT 2026-08-28: entry zone ($116.71-$117.97) not reached yet — order still pending
2026-09-01 08:07:08,555 [__main__] INFO — MU 2026-08-29: entry zone ($1020.58-$1051.68) not reached yet — order still pending
2026-09-01 08:07:09,357 [__main__] INFO — QCOM 2026-08-29: still open after 2 trading days | mark=164.67 | $-166.76 (-0.42R)
2026-09-01 08:07:09,357 [__main__] WARNING — GILD: no price data since 2026-09-01 — skipping
2026-09-01 08:07:09,358 [__main__] INFO — NVDA: signal is from today — no bars possible yet, skipping
2026-09-01 08:07:09,358 [__main__] INFO — PFE: signal is from today — no bars possible yet, skipping
2026-09-01 08:07:09,358 [__main__] INFO — BMY: signal is from today — no bars possible yet, skipping
2026-09-01 08:07:09,358 [__main__] INFO — VRTX: signal is from today — no bars possible yet, skipping
2026-09-01 08:07:09,360 [__main__] INFO — Paper updater complete — 0 trade(s) closed
2026-09-01 08:07:09,902 [__main__] INFO — 20 open paper trade(s) to check
2026-09-01 08:07:10,388 [__main__] INFO — TFC 2026-08-26: entry zone ($53.30-$53.76) not reached yet — order still pending
2026-09-01 08:07:11,461 [__main__] INFO — RF 2026-08-26: entry zone ($32.15-$32.43) not reached yet — order still pending
2026-09-01 08:07:12,349 [__main__] INFO — NVDA 2026-08-27: still open after 3 trading days | mark=218.23 | $-249.99 (-0.58R)
2026-09-01 08:07:13,444 [__main__] INFO — ABBV 2026-08-27: entry zone ($265.52-$268.42) not reached yet — order still pending
2026-09-01 08:07:14,370 [__main__] INFO — AMGN 2026-08-27: entry zone ($444.49-$449.57) not reached yet — order still pending
2026-09-01 08:07:15,367 [__main__] INFO — ABT 2026-08-28: entry zone ($116.72-$117.96) not reached yet — order still pending
2026-09-01 08:07:16,360 [__main__] INFO — QCOM 2026-08-29: still open after 2 trading days | mark=164.67 | $-166.76 (-0.42R)
2026-09-01 08:07:17,424 [__main__] INFO — UMBF 2026-08-29: entry zone ($152.56-$154.08) not reached yet — order still pending
2026-09-01 08:07:18,370 [__main__] INFO — KEY 2026-08-29: still open after 2 trading days | mark=21.38 | $+505.19 (+1.01R)
2026-09-01 08:07:20,149 [__main__] INFO — GILD 2026-08-29: still open after 2 trading days | mark=148.07 | $-29.06 (-0.08R)
2026-09-01 08:07:20,464 [__main__] INFO — JNJ 2026-08-29: entry zone ($273.73-$276.50) not reached yet — order still pending
2026-09-01 08:07:21,421 [__main__] INFO — TGT 2026-08-29: entry zone ($169.46-$172.04) not reached yet — order still pending
2026-09-01 08:07:21,421 [__main__] WARNING — MU: no price data since 2026-09-01 — skipping
2026-09-01 08:07:21,421 [__main__] WARNING — TSM: no price data since 2026-09-01 — skipping
2026-09-01 08:07:21,421 [__main__] WARNING — FITB: no price data since 2026-09-01 — skipping
2026-09-01 08:07:21,421 [__main__] WARNING — MTB: no price data since 2026-09-01 — skipping
2026-09-01 08:07:21,421 [__main__] WARNING — BMY: no price data since 2026-09-01 — skipping
2026-09-01 08:07:21,421 [__main__] WARNING — PFE: no price data since 2026-09-01 — skipping
2026-09-01 08:07:21,421 [__main__] WARNING — SBUX: no price data since 2026-09-01 — skipping
2026-09-01 08:07:21,421 [__main__] WARNING — AMZN: no price data since 2026-09-01 — skipping
2026-09-01 08:07:21,424 [__main__] INFO — Paper updater complete — 0 trade(s) closed

==================================================
PAPER TRADING SUMMARY  (5 closed, 13 open, 4 expired, 10 superseded)
==================================================
  Win rate (wins + profitable time stops/earnings/confidence exits): 40.0%
  Target hits:        0
  Stops:              2
  Time stops:         2  (+2 profitable)
  Earnings exits:     1  (+0 profitable)
  Confidence early exits: 0  (+0 profitable)
  Avg R:R on wins:    0.00R
  Closed but never funded (sized to 0 units): 2  (LLY, MU) — real directional result, no capital at risk, excluded from win rate
  Expired (never filled): 4
  Superseded (pending, replaced by a newer signal): 10  (NVDA, QCOM, ABT, NVDA, QCOM, GILD, BMY, NVDA, BMY, PFE)
    -> entry-zone opportunity cost: 4 resolved (0 still pending), hypothetical win rate 0.0%, avg -1.13R if filled immediately at signal time
  Open trades:        13
  Open unrealized P&L: $-225.83  (5 marked position(s))
==================================================

[threshold] Closed 0 trade(s) this run.

==================================================
PAPER TRADING SUMMARY  (0 closed, 20 open, 0 expired, 20 superseded)
==================================================
  Win rate (wins + profitable time stops/earnings/confidence exits): 0.0%
  Target hits:        0
  Stops:              0
  Time stops:         0  (+0 profitable)
  Earnings exits:     0  (+0 profitable)
  Confidence early exits: 0  (+0 profitable)
  Avg R:R on wins:    0.00R
  Expired (never filled): 0
  Superseded (pending, replaced by a newer signal): 20  (MU, QCOM, ABBV, AMGN, AMZN, SBUX, QCOM, UMBF, KEY, AMZN, TGT, MU, QCOM, UMBF, KEY, JNJ, AMZN, SBUX, MU, AMZN)
  Open trades:        20
  Open unrealized P&L: $+59.38  (4 marked position(s))
==================================================

[rank] Closed 0 trade(s) this run.
2026-09-02 08:07:02,005 [__main__] INFO — 13 open paper trade(s) to check
2026-09-02 08:07:02,622 [__main__] INFO — MRK 2026-08-10: time_stop | exit=150.28 | pnl=+11.97% | +2.43R | $+80.30 | 15d
2026-09-02 08:07:04,127 [__main__] INFO — JNJ 2026-08-19: still open after 10 trading days | mark=274.82 | $+2.78 (+0.12R)
2026-09-02 08:07:05,116 [__main__] INFO — TGT 2026-08-20: still open after 9 trading days | mark=164.19 | $+12.52 (+0.25R)
2026-09-02 08:07:05,880 [__main__] INFO — AMGN 2026-08-25: still open after 6 trading days | mark=437.20 | $-72.26 (-0.18R)
2026-09-02 08:07:06,869 [__main__] INFO — TSM 2026-08-28: entry zone ($432.84-$439.24) not reached yet — order still pending
2026-09-02 08:07:07,890 [__main__] INFO — ABT 2026-08-28: entry zone ($116.71-$117.97) not reached yet — order still pending
2026-09-02 08:07:09,231 [__main__] INFO — MU 2026-08-29: entry zone ($1020.58-$1051.68) not reached yet — order still pending
2026-09-02 08:07:09,894 [__main__] INFO — QCOM 2026-08-29: still open after 3 trading days | mark=168.61 | $+82.85 (+0.21R)
2026-09-02 08:07:09,894 [__main__] WARNING — NVDA: no price data since 2026-09-02 — skipping
2026-09-02 08:07:09,894 [__main__] WARNING — PFE: no price data since 2026-09-02 — skipping
2026-09-02 08:07:09,894 [__main__] WARNING — BMY: no price data since 2026-09-02 — skipping
2026-09-02 08:07:09,894 [__main__] WARNING — VRTX: no price data since 2026-09-02 — skipping
2026-09-02 08:07:09,894 [__main__] WARNING — GILD: no price data since 2026-09-02 — skipping
2026-09-02 08:07:09,898 [__main__] INFO — Paper updater complete — 1 trade(s) closed
2026-09-02 08:07:09,927 [__main__] INFO — Calibration check: status=insufficient_data weights_updated=False
2026-09-02 08:07:10,386 [__main__] INFO — 24 open paper trade(s) to check
2026-09-02 08:07:10,913 [__main__] INFO — TFC 2026-08-26: entry zone ($53.30-$53.76) never reached within 5 trading days — expired, no capital ever at risk
2026-09-02 08:07:11,889 [__main__] INFO — RF 2026-08-26: entry zone ($32.15-$32.43) never reached within 5 trading days — expired, no capital ever at risk
2026-09-02 08:07:12,871 [__main__] INFO — NVDA 2026-08-27: still open after 4 trading days | mark=225.18 | $-59.69 (-0.14R)
2026-09-02 08:07:13,872 [__main__] INFO — ABBV 2026-08-27: entry zone ($265.52-$268.42) not reached yet — order still pending
2026-09-02 08:07:15,334 [__main__] INFO — AMGN 2026-08-27: still open after 4 trading days | mark=436.91 | $-105.85 (-0.37R)
2026-09-02 08:07:15,913 [__main__] INFO — ABT 2026-08-28: entry zone ($116.72-$117.96) not reached yet — order still pending
2026-09-02 08:07:16,965 [__main__] INFO — QCOM 2026-08-29: still open after 3 trading days | mark=168.59 | $+81.79 (+0.21R)
2026-09-02 08:07:17,915 [__main__] INFO — UMBF 2026-08-29: entry zone ($152.56-$154.08) not reached yet — order still pending
2026-09-02 08:07:18,969 [__main__] INFO — KEY 2026-08-29: still open after 3 trading days | mark=21.83 | $-184.50 (-0.37R)
2026-09-02 08:07:19,914 [__main__] INFO — GILD 2026-08-29: still open after 3 trading days | mark=149.79 | $+53.08 (+0.15R)
2026-09-02 08:07:21,481 [__main__] INFO — FITB 2026-08-31: still open after 2 trading days | mark=54.41 | $-139.95 (-0.29R)
2026-09-02 08:07:22,468 [__main__] INFO — MTB 2026-08-31: still open after 2 trading days | mark=236.90 | $-273.46 (-0.66R)
2026-09-02 08:07:22,978 [__main__] INFO — BMY 2026-08-31: entry zone ($68.25-$69.03) not reached yet — order still pending
2026-09-02 08:07:24,338 [__main__] INFO — PFE 2026-08-31: still open after 2 trading days | mark=28.83 | $+1.52 (+0.00R)
2026-09-02 08:07:24,905 [__main__] INFO — SBUX 2026-08-31: entry zone ($109.24-$110.52) not reached yet — order still pending
2026-09-02 08:07:25,857 [__main__] INFO — AMZN 2026-08-31: entry zone ($285.40-$289.00) not reached yet — order still pending
2026-09-02 08:07:25,857 [__main__] WARNING — MU: no price data since 2026-09-02 — skipping
2026-09-02 08:07:25,857 [__main__] WARNING — TSM: no price data since 2026-09-02 — skipping
2026-09-02 08:07:25,857 [__main__] WARNING — ZION: no price data since 2026-09-02 — skipping
2026-09-02 08:07:25,857 [__main__] WARNING — PNFP: no price data since 2026-09-02 — skipping
2026-09-02 08:07:25,857 [__main__] WARNING — JNJ: no price data since 2026-09-02 — skipping
2026-09-02 08:07:25,857 [__main__] WARNING — MRK: no price data since 2026-09-02 — skipping
2026-09-02 08:07:25,857 [__main__] WARNING — NKE: no price data since 2026-09-02 — skipping
2026-09-02 08:07:25,857 [__main__] WARNING — TGT: no price data since 2026-09-02 — skipping
2026-09-02 08:07:26,894 [__main__] INFO — TFC 2026-08-26: hypothetical (immediate-fill) outcome loss | -1.68R — entry-zone opportunity cost
2026-09-02 08:07:27,960 [__main__] INFO — RF 2026-08-26: hypothetical (immediate-fill) outcome loss | -1.95R — entry-zone opportunity cost
2026-09-02 08:07:27,960 [__main__] INFO — 2 hypothetical (entry-zone opportunity cost) outcome(s) resolved
2026-09-02 08:07:27,963 [__main__] INFO — Paper updater complete — 2 trade(s) closed

==================================================
PAPER TRADING SUMMARY  (6 closed, 12 open, 4 expired, 11 superseded)
==================================================
  Win rate (wins + profitable time stops/earnings/confidence exits): 50.0%
  Target hits:        0
  Stops:              2
  Time stops:         3  (+3 profitable)
  Earnings exits:     1  (+0 profitable)
  Confidence early exits: 0  (+0 profitable)
  Avg R:R on wins:    0.00R
  Closed but never funded (sized to 0 units): 2  (LLY, MU) — real directional result, no capital at risk, excluded from win rate
  Expired (never filled): 4
  Superseded (pending, replaced by a newer signal): 11  (NVDA, QCOM, ABT, NVDA, QCOM, GILD, BMY, NVDA, GILD, BMY, PFE)
    -> entry-zone opportunity cost: 4 resolved (0 still pending), hypothetical win rate 0.0%, avg -1.13R if filled immediately at signal time
  Open trades:        12
  Open unrealized P&L: $+25.89  (4 marked position(s))
==================================================

[threshold] Closed 1 trade(s) this run.

==================================================
PAPER TRADING SUMMARY  (0 closed, 22 open, 2 expired, 24 superseded)
==================================================
  Win rate (wins + profitable time stops/earnings/confidence exits): 0.0%
  Target hits:        0
  Stops:              0
  Time stops:         0  (+0 profitable)
  Earnings exits:     0  (+0 profitable)
  Confidence early exits: 0  (+0 profitable)
  Avg R:R on wins:    0.00R
  Expired (never filled): 2
  Superseded (pending, replaced by a newer signal): 24  (MU, QCOM, ABBV, AMGN, AMZN, SBUX, QCOM, UMBF, KEY, AMZN, TGT, MU, QCOM, UMBF, KEY, JNJ, AMZN, SBUX, MU, JNJ, AMZN, TGT, MU, TSM)
    -> entry-zone opportunity cost: 2 resolved (0 still pending), hypothetical win rate 0.0%, avg -1.81R if filled immediately at signal time
  Open trades:        22
  Open unrealized P&L: $-627.06  (8 marked position(s))
==================================================

[rank] Closed 2 trade(s) this run.
2026-09-03 08:07:03,741 [__main__] INFO — 13 open paper trade(s) to check
2026-09-03 08:07:04,421 [__main__] INFO — JNJ 2026-08-19: still open after 11 trading days | mark=277.36 | $+7.87 (+0.34R)
2026-09-03 08:07:05,204 [__main__] INFO — TGT 2026-08-20: time_stop | exit=164.58 | pnl=+2.19% | +0.28R | $+14.08 | 10d
2026-09-03 08:07:05,879 [__main__] INFO — AMGN 2026-08-25: still open after 7 trading days | mark=442.58 | $+26.91 (+0.07R)
2026-09-03 08:07:06,877 [__main__] INFO — TSM 2026-08-28: entry zone ($432.84-$439.24) not reached yet — order still pending
2026-09-03 08:07:07,907 [__main__] INFO — ABT 2026-08-28: entry zone ($116.71-$117.97) not reached yet — order still pending
2026-09-03 08:07:09,356 [__main__] INFO — MU 2026-08-29: entry zone ($1020.58-$1051.68) not reached yet — order still pending
2026-09-03 08:07:09,958 [__main__] INFO — QCOM 2026-08-29: still open after 4 trading days | mark=168.02 | $+45.65 (+0.11R)
2026-09-03 08:07:11,659 [__main__] INFO — NVDA 2026-09-01: still open after 2 trading days | mark=226.01 | $-76.10 (-0.17R)
2026-09-03 08:07:12,479 [__main__] INFO — PFE 2026-09-01: still open after 2 trading days | mark=28.68 | $-35.33 (-0.07R)
2026-09-03 08:07:12,952 [__main__] INFO — BMY 2026-09-01: entry zone ($68.25-$69.03) not reached yet — order still pending
2026-09-03 08:07:12,952 [__main__] WARNING — VRTX: no price data since 2026-09-03 — skipping
2026-09-03 08:07:12,952 [__main__] INFO — MRK: signal is from today — no bars possible yet, skipping
2026-09-03 08:07:12,952 [__main__] INFO — GILD: signal is from today — no bars possible yet, skipping
2026-09-03 08:07:12,955 [__main__] INFO — Paper updater complete — 1 trade(s) closed
2026-09-03 08:07:12,978 [__main__] INFO — Calibration check: status=insufficient_data weights_updated=False
2026-09-03 08:07:16,285 [__main__] INFO — 26 open paper trade(s) to check
2026-09-03 08:07:16,416 [__main__] INFO — NVDA 2026-08-27: still open after 5 trading days | mark=226.00 | $-37.24 (-0.09R)
2026-09-03 08:07:17,399 [__main__] INFO — ABBV 2026-08-27: entry zone ($265.52-$268.42) never reached within 5 trading days — expired, no capital ever at risk
2026-09-03 08:07:18,418 [__main__] INFO — AMGN 2026-08-27: still open after 5 trading days | mark=442.69 | $-25.14 (-0.09R)
2026-09-03 08:07:19,497 [__main__] INFO — ABT 2026-08-28: entry zone ($116.72-$117.96) not reached yet — order still pending
2026-09-03 08:07:20,490 [__main__] INFO — QCOM 2026-08-29: still open after 4 trading days | mark=167.98 | $+43.12 (+0.11R)
2026-09-03 08:07:21,428 [__main__] INFO — UMBF 2026-08-29: entry zone ($152.56-$154.08) not reached yet — order still pending
2026-09-03 08:07:22,448 [__main__] INFO — KEY 2026-08-29: still open after 4 trading days | mark=21.90 | $-239.77 (-0.48R)
2026-09-03 08:07:23,407 [__main__] INFO — GILD 2026-08-29: still open after 4 trading days | mark=149.74 | $+50.92 (+0.14R)
2026-09-03 08:07:24,469 [__main__] INFO — FITB 2026-08-31: still open after 3 trading days | mark=54.72 | $-202.93 (-0.42R)
2026-09-03 08:07:25,427 [__main__] INFO — MTB 2026-08-31: still open after 3 trading days | mark=237.57 | $-314.54 (-0.76R)
2026-09-03 08:07:26,426 [__main__] INFO — BMY 2026-08-31: entry zone ($68.25-$69.03) not reached yet — order still pending
2026-09-03 08:07:27,428 [__main__] INFO — PFE 2026-08-31: still open after 3 trading days | mark=28.68 | $-42.66 (-0.09R)
2026-09-03 08:07:28,418 [__main__] INFO — SBUX 2026-08-31: entry zone ($109.24-$110.52) not reached yet — order still pending
2026-09-03 08:07:29,399 [__main__] INFO — AMZN 2026-08-31: entry zone ($285.40-$289.00) not reached yet — order still pending
2026-09-03 08:07:30,419 [__main__] INFO — TSM 2026-09-01: entry zone ($433.03-$439.05) not reached yet — order still pending
2026-09-03 08:07:31,408 [__main__] INFO — PNFP 2026-09-01: entry zone ($96.44-$97.62) not reached yet — order still pending
2026-09-03 08:07:33,246 [__main__] INFO — NKE 2026-09-01: still open after 2 trading days | mark=38.27 | $-39.90 (-0.08R)
2026-09-03 08:07:33,465 [__main__] INFO — TGT 2026-09-01: entry zone ($169.53-$171.97) not reached yet — order still pending
2026-09-03 08:07:33,465 [__main__] WARNING — MU: no price data since 2026-09-03 — skipping
2026-09-03 08:07:33,465 [__main__] WARNING — TXN: no price data since 2026-09-03 — skipping
2026-09-03 08:07:33,465 [__main__] WARNING — ZION: no price data since 2026-09-03 — skipping
2026-09-03 08:07:33,465 [__main__] WARNING — HBAN: no price data since 2026-09-03 — skipping
2026-09-03 08:07:33,465 [__main__] WARNING — JNJ: no price data since 2026-09-03 — skipping
2026-09-03 08:07:33,465 [__main__] WARNING — MRK: no price data since 2026-09-03 — skipping
2026-09-03 08:07:33,465 [__main__] WARNING — ORLY: no price data since 2026-09-03 — skipping
2026-09-03 08:07:33,465 [__main__] WARNING — HD: no price data since 2026-09-03 — skipping
2026-09-03 08:07:34,402 [__main__] INFO — ABBV 2026-08-27: hypothetical (immediate-fill) outcome loss | -1.00R — entry-zone opportunity cost
2026-09-03 08:07:34,402 [__main__] INFO — 1 hypothetical (entry-zone opportunity cost) outcome(s) resolved
2026-09-03 08:07:34,404 [__main__] INFO — Paper updater complete — 1 trade(s) closed

==================================================
PAPER TRADING SUMMARY  (7 closed, 12 open, 4 expired, 15 superseded)
==================================================
  Win rate (wins + profitable time stops/earnings/confidence exits): 57.1%
  Target hits:        0
  Stops:              2
  Time stops:         4  (+4 profitable)
  Earnings exits:     1  (+0 profitable)
  Confidence early exits: 0  (+0 profitable)
  Avg R:R on wins:    0.00R
  Closed but never funded (sized to 0 units): 2  (LLY, MU) — real directional result, no capital at risk, excluded from win rate
  Expired (never filled): 4
  Superseded (pending, replaced by a newer signal): 15  (NVDA, QCOM, ABT, NVDA, QCOM, GILD, BMY, NVDA, GILD, BMY, PFE, VRTX, GILD, GILD, MRK)
    -> entry-zone opportunity cost: 4 resolved (0 still pending), hypothetical win rate 0.0%, avg -1.13R if filled immediately at signal time
  Open trades:        12
  Open unrealized P&L: $-31.00  (5 marked position(s))
==================================================

[threshold] Closed 1 trade(s) this run.

==================================================
PAPER TRADING SUMMARY  (0 closed, 25 open, 3 expired, 28 superseded)
==================================================
  Win rate (wins + profitable time stops/earnings/confidence exits): 0.0%
  Target hits:        0
  Stops:              0
  Time stops:         0  (+0 profitable)
  Earnings exits:     0  (+0 profitable)
  Confidence early exits: 0  (+0 profitable)
  Avg R:R on wins:    0.00R
  Expired (never filled): 3
  Superseded (pending, replaced by a newer signal): 28  (MU, QCOM, ABBV, AMGN, AMZN, SBUX, QCOM, UMBF, KEY, AMZN, TGT, MU, QCOM, UMBF, KEY, JNJ, AMZN, SBUX, MU, JNJ, AMZN, TGT, MU, TSM, MU, ZION, JNJ, MRK)
    -> entry-zone opportunity cost: 3 resolved (0 still pending), hypothetical win rate 0.0%, avg -1.54R if filled immediately at signal time
  Open trades:        25
  Open unrealized P&L: $-808.14  (9 marked position(s))
==================================================

[rank] Closed 1 trade(s) this run.
2026-09-04 08:07:02,992 [__main__] INFO — 12 open paper trade(s) to check
2026-09-04 08:07:03,644 [__main__] INFO — JNJ 2026-08-19: still open after 12 trading days | mark=275.91 | $+4.96 (+0.21R)
2026-09-04 08:07:04,127 [__main__] INFO — AMGN 2026-08-25: still open after 8 trading days | mark=437.95 | $-58.34 (-0.15R)
2026-09-04 08:07:05,136 [__main__] INFO — TSM 2026-08-28: entry zone ($432.84-$439.24) never reached within 5 trading days — expired, no capital ever at risk
2026-09-04 08:07:06,157 [__main__] INFO — ABT 2026-08-28: entry zone ($116.71-$117.97) never reached within 5 trading days — expired, no capital ever at risk
2026-09-04 08:07:07,529 [__main__] INFO — MU 2026-08-29: entry zone ($1020.58-$1051.68) never reached within 5 trading days — expired, no capital ever at risk
2026-09-04 08:07:08,199 [__main__] INFO — QCOM 2026-08-29: still open after 5 trading days | mark=168.96 | $+105.26 (+0.26R)
2026-09-04 08:07:09,209 [__main__] INFO — NVDA 2026-09-01: still open after 3 trading days | mark=232.16 | $+104.74 (+0.24R)
2026-09-04 08:07:10,218 [__main__] INFO — PFE 2026-09-01: still open after 3 trading days | mark=28.50 | $-91.45 (-0.19R)
2026-09-04 08:07:11,671 [__main__] INFO — VRTX 2026-09-02: still open after 2 trading days | mark=550.63 | $-111.11 (-0.26R)
2026-09-04 08:07:11,672 [__main__] WARNING — MRK: no price data since 2026-09-04 — skipping
2026-09-04 08:07:11,672 [__main__] WARNING — GILD: no price data since 2026-09-04 — skipping
2026-09-04 08:07:11,672 [__main__] INFO — BMY: signal is from today — no bars possible yet, skipping
2026-09-04 08:07:12,191 [__main__] INFO — TSM 2026-08-28: hypothetical (immediate-fill) outcome loss | -1.17R — entry-zone opportunity cost
2026-09-04 08:07:13,221 [__main__] INFO — ABT 2026-08-28: hypothetical (immediate-fill) outcome loss | -1.02R — entry-zone opportunity cost
2026-09-04 08:07:14,234 [__main__] INFO — MU 2026-08-29: hypothetical (immediate-fill) outcome loss | -1.03R — entry-zone opportunity cost
2026-09-04 08:07:14,234 [__main__] INFO — 3 hypothetical (entry-zone opportunity cost) outcome(s) resolved
2026-09-04 08:07:14,242 [__main__] INFO — Paper updater complete — 3 trade(s) closed
2026-09-04 08:07:14,284 [__main__] INFO — Calibration check: status=insufficient_data weights_updated=False
2026-09-04 08:07:14,814 [__main__] INFO — 26 open paper trade(s) to check
2026-09-04 08:07:15,201 [__main__] INFO — NVDA 2026-08-27: still open after 6 trading days | mark=232.16 | $+131.41 (+0.30R)
2026-09-04 08:07:16,190 [__main__] INFO — AMGN 2026-08-27: still open after 6 trading days | mark=437.96 | $-91.19 (-0.32R)
2026-09-04 08:07:17,213 [__main__] INFO — ABT 2026-08-28: entry zone ($116.72-$117.96) never reached within 5 trading days — expired, no capital ever at risk
2026-09-04 08:07:18,213 [__main__] INFO — QCOM 2026-08-29: still open after 5 trading days | mark=169.12 | $+115.72 (+0.29R)
2026-09-04 08:07:19,347 [__main__] INFO — KEY 2026-08-29: loss | exit=22.20 | pnl=-2.72% | -1.00R | $-499.10 | 5d
2026-09-04 08:07:20,212 [__main__] INFO — GILD 2026-08-29: still open after 5 trading days | mark=150.27 | $+76.38 (+0.21R)
2026-09-04 08:07:21,212 [__main__] INFO — FITB 2026-08-31: still open after 4 trading days | mark=55.05 | $-267.91 (-0.55R)
2026-09-04 08:07:22,238 [__main__] INFO — MTB 2026-08-31: loss | exit=239.15 | pnl=-2.89% | -1.00R | $-411.41 | 3d
2026-09-04 08:07:23,245 [__main__] INFO — BMY 2026-08-31: entry zone ($68.25-$69.03) not reached yet — order still pending
2026-09-04 08:07:24,226 [__main__] INFO — PFE 2026-08-31: still open after 4 trading days | mark=28.51 | $-94.46 (-0.20R)
2026-09-04 08:07:25,204 [__main__] INFO — SBUX 2026-08-31: entry zone ($109.24-$110.52) not reached yet — order still pending
2026-09-04 08:07:26,205 [__main__] INFO — TSM 2026-09-01: entry zone ($433.03-$439.05) not reached yet — order still pending
2026-09-04 08:07:27,214 [__main__] INFO — PNFP 2026-09-01: entry zone ($96.44-$97.62) not reached yet — order still pending
2026-09-04 08:07:28,203 [__main__] INFO — NKE 2026-09-01: still open after 3 trading days | mark=38.16 | $-19.00 (-0.04R)
2026-09-04 08:07:29,214 [__main__] INFO — ZION 2026-09-02: entry zone ($65.82-$66.52) not reached yet — order still pending
2026-09-04 08:07:30,215 [__main__] INFO — HBAN 2026-09-02: entry zone ($16.31-$16.49) not reached yet — order still pending
2026-09-04 08:07:31,626 [__main__] INFO — ORLY 2026-09-02: still open after 2 trading days | mark=87.48 | $-0.00 (-0.00R)
2026-09-04 08:07:32,932 [__main__] INFO — HD 2026-09-02: still open after 2 trading days | mark=319.00 | $-34.26 (-0.07R)
2026-09-04 08:07:32,932 [__main__] WARNING — MU: no price data since 2026-09-04 — skipping
2026-09-04 08:07:32,932 [__main__] WARNING — TXN: no price data since 2026-09-04 — skipping
2026-09-04 08:07:32,932 [__main__] WARNING — TFC: no price data since 2026-09-04 — skipping
2026-09-04 08:07:32,932 [__main__] WARNING — UMBF: no price data since 2026-09-04 — skipping
2026-09-04 08:07:32,932 [__main__] WARNING — JNJ: no price data since 2026-09-04 — skipping
2026-09-04 08:07:32,932 [__main__] WARNING — MRK: no price data since 2026-09-04 — skipping
2026-09-04 08:07:32,932 [__main__] WARNING — AMZN: no price data since 2026-09-04 — skipping
2026-09-04 08:07:32,932 [__main__] WARNING — TGT: no price data since 2026-09-04 — skipping
2026-09-04 08:07:33,220 [__main__] INFO — ABT 2026-08-28: hypothetical (immediate-fill) outcome loss | -1.05R — entry-zone opportunity cost
2026-09-04 08:07:33,220 [__main__] INFO — 1 hypothetical (entry-zone opportunity cost) outcome(s) resolved
2026-09-04 08:07:33,224 [__main__] INFO — Paper updater complete — 3 trade(s) closed

==================================================
PAPER TRADING SUMMARY  (7 closed, 9 open, 7 expired, 16 superseded)
==================================================
  Win rate (wins + profitable time stops/earnings/confidence exits): 57.1%
  Target hits:        0
  Stops:              2
  Time stops:         4  (+4 profitable)
  Earnings exits:     1  (+0 profitable)
  Confidence early exits: 0  (+0 profitable)
  Avg R:R on wins:    0.00R
  Closed but never funded (sized to 0 units): 2  (LLY, MU) — real directional result, no capital at risk, excluded from win rate
  Expired (never filled): 7
  Superseded (pending, replaced by a newer signal): 16  (NVDA, QCOM, ABT, NVDA, QCOM, GILD, BMY, NVDA, GILD, BMY, PFE, BMY, VRTX, GILD, GILD, MRK)
    -> entry-zone opportunity cost: 7 resolved (0 still pending), hypothetical win rate 0.0%, avg -1.11R if filled immediately at signal time
  Open trades:        9
  Open unrealized P&L: $-45.94  (6 marked position(s))
==================================================

[threshold] Closed 3 trade(s) this run.

==================================================
PAPER TRADING SUMMARY  (2 closed, 23 open, 4 expired, 35 superseded)
==================================================
  Win rate (wins + profitable time stops/earnings/confidence exits): 0.0%
  Target hits:        0
  Stops:              2
  Time stops:         0  (+0 profitable)
  Earnings exits:     0  (+0 profitable)
  Confidence early exits: 0  (+0 profitable)
  Avg R:R on wins:    0.00R
  Expired (never filled): 4
  Superseded (pending, replaced by a newer signal): 35  (MU, QCOM, ABBV, AMGN, AMZN, SBUX, QCOM, UMBF, KEY, AMZN, TGT, MU, QCOM, UMBF, KEY, JNJ, AMZN, SBUX, MU, UMBF, JNJ, AMZN, TGT, MU, TSM, AMZN, MU, ZION, JNJ, MRK, TGT, MU, TXN, JNJ, MRK)
    -> entry-zone opportunity cost: 4 resolved (0 still pending), hypothetical win rate 0.0%, avg -1.42R if filled immediately at signal time
  Open trades:        23
  Open unrealized P&L: $-183.31  (9 marked position(s))
==================================================

[rank] Closed 3 trade(s) this run.
2026-09-07 08:07:01,816 [__main__] INFO — 9 open paper trade(s) to check
2026-09-07 08:07:02,254 [__main__] INFO — JNJ 2026-08-19: still open after 12 trading days | mark=275.23 | $+3.60 (+0.15R)
2026-09-07 08:07:02,939 [__main__] INFO — AMGN 2026-08-25: still open after 8 trading days | mark=437.23 | $-71.71 (-0.18R)
2026-09-07 08:07:03,959 [__main__] INFO — QCOM 2026-08-29: still open after 5 trading days | mark=168.74 | $+91.31 (+0.23R)
2026-09-07 08:07:04,999 [__main__] INFO — NVDA 2026-09-01: still open after 3 trading days | mark=230.36 | $+51.71 (+0.12R)
2026-09-07 08:07:05,993 [__main__] INFO — PFE 2026-09-01: still open after 3 trading days | mark=28.45 | $-109.10 (-0.22R)
2026-09-07 08:07:06,920 [__main__] INFO — VRTX 2026-09-02: still open after 2 trading days | mark=546.12 | $-170.99 (-0.40R)
2026-09-07 08:07:08,003 [__main__] INFO — MRK 2026-09-03: entry zone ($155.89-$157.95) not reached yet — order still pending
2026-09-07 08:07:09,507 [__main__] INFO — GILD 2026-09-03: still open after 1 trading days | mark=151.00 | $+107.89 (+0.23R)
2026-09-07 08:07:09,965 [__main__] INFO — BMY 2026-09-04: no bars after signal yet — still open
2026-09-07 08:07:09,969 [__main__] INFO — Paper updater complete — 0 trade(s) closed
2026-09-07 08:07:10,453 [__main__] INFO — 23 open paper trade(s) to check
2026-09-07 08:07:10,952 [__main__] INFO — NVDA 2026-08-27: still open after 6 trading days | mark=230.36 | $+82.14 (+0.19R)
2026-09-07 08:07:11,953 [__main__] INFO — AMGN 2026-08-27: still open after 6 trading days | mark=437.23 | $-101.38 (-0.36R)
2026-09-07 08:07:12,951 [__main__] INFO — QCOM 2026-08-29: still open after 5 trading days | mark=168.74 | $+91.31 (+0.23R)
2026-09-07 08:07:13,931 [__main__] INFO — GILD 2026-08-29: still open after 5 trading days | mark=151.00 | $+111.44 (+0.31R)
2026-09-07 08:07:15,148 [__main__] INFO — FITB 2026-08-31: still open after 4 trading days | mark=54.87 | $-231.92 (-0.48R)
2026-09-07 08:07:15,972 [__main__] INFO — PFE 2026-08-31: still open after 4 trading days | mark=28.45 | $-112.75 (-0.24R)
2026-09-07 08:07:16,947 [__main__] INFO — SBUX 2026-08-31: entry zone ($109.24-$110.52) not reached yet — order still pending
2026-09-07 08:07:17,942 [__main__] INFO — PNFP 2026-09-01: entry zone ($96.44-$97.62) not reached yet — order still pending
2026-09-07 08:07:18,973 [__main__] INFO — NKE 2026-09-01: still open after 3 trading days | mark=38.40 | $-64.60 (-0.13R)
2026-09-07 08:07:19,975 [__main__] INFO — ZION 2026-09-02: entry zone ($65.82-$66.52) not reached yet — order still pending
2026-09-07 08:07:20,986 [__main__] INFO — HBAN 2026-09-02: entry zone ($16.31-$16.49) not reached yet — order still pending
2026-09-07 08:07:21,932 [__main__] INFO — ORLY 2026-09-02: still open after 2 trading days | mark=87.89 | $-98.09 (-0.20R)
2026-09-07 08:07:23,005 [__main__] INFO — HD 2026-09-02: still open after 2 trading days | mark=321.05 | $-123.15 (-0.25R)
2026-09-07 08:07:24,048 [__main__] INFO — TXN 2026-09-03: entry zone ($248.20-$252.66) not reached yet — order still pending
2026-09-07 08:07:25,006 [__main__] INFO — MRK 2026-09-03: entry zone ($155.89-$157.95) not reached yet — order still pending
2026-09-07 08:07:25,967 [__main__] INFO — MU 2026-09-04: no bars after signal yet — still open
2026-09-07 08:07:27,017 [__main__] INFO — TSM 2026-09-04: no bars after signal yet — still open
2026-09-07 08:07:27,967 [__main__] INFO — UMBF 2026-09-04: no bars after signal yet — still open
2026-09-07 08:07:28,955 [__main__] INFO — TFC 2026-09-04: no bars after signal yet — still open
2026-09-07 08:07:29,976 [__main__] INFO — JNJ 2026-09-04: no bars after signal yet — still open
2026-09-07 08:07:30,998 [__main__] INFO — BMY 2026-09-04: no bars after signal yet — still open
2026-09-07 08:07:32,019 [__main__] INFO — TGT 2026-09-04: no bars after signal yet — still open
2026-09-07 08:07:32,929 [__main__] INFO — AMZN 2026-09-04: no bars after signal yet — still open
2026-09-07 08:07:32,933 [__main__] INFO — Paper updater complete — 0 trade(s) closed

==================================================
PAPER TRADING SUMMARY  (7 closed, 9 open, 7 expired, 16 superseded)
==================================================
  Win rate (wins + profitable time stops/earnings/confidence exits): 57.1%
  Target hits:        0
  Stops:              2
  Time stops:         4  (+4 profitable)
  Earnings exits:     1  (+0 profitable)
  Confidence early exits: 0  (+0 profitable)
  Avg R:R on wins:    0.00R
  Closed but never funded (sized to 0 units): 2  (LLY, MU) — real directional result, no capital at risk, excluded from win rate
  Expired (never filled): 7
  Superseded (pending, replaced by a newer signal): 16  (NVDA, QCOM, ABT, NVDA, QCOM, GILD, BMY, NVDA, GILD, BMY, PFE, BMY, VRTX, GILD, GILD, MRK)
    -> entry-zone opportunity cost: 7 resolved (0 still pending), hypothetical win rate 0.0%, avg -1.11R if filled immediately at signal time
  Open trades:        9
  Open unrealized P&L: $-97.29  (7 marked position(s))
==================================================

[threshold] Closed 0 trade(s) this run.

==================================================
PAPER TRADING SUMMARY  (2 closed, 23 open, 4 expired, 43 superseded)
==================================================
  Win rate (wins + profitable time stops/earnings/confidence exits): 0.0%
  Target hits:        0
  Stops:              2
  Time stops:         0  (+0 profitable)
  Earnings exits:     0  (+0 profitable)
  Confidence early exits: 0  (+0 profitable)
  Avg R:R on wins:    0.00R
  Expired (never filled): 4
  Superseded (pending, replaced by a newer signal): 43  (MU, QCOM, ABBV, AMGN, AMZN, SBUX, QCOM, UMBF, KEY, AMZN, TGT, MU, QCOM, UMBF, KEY, JNJ, AMZN, SBUX, MU, UMBF, JNJ, AMZN, TGT, MU, TSM, BMY, AMZN, MU, TSM, ZION, JNJ, MRK, TGT, MU, TXN, JNJ, MRK, MU, TFC, UMBF, JNJ, AMZN, TGT)
    -> entry-zone opportunity cost: 4 resolved (0 still pending), hypothetical win rate 0.0%, avg -1.42R if filled immediately at signal time
  Open trades:        23
  Open unrealized P&L: $-447.00  (9 marked position(s))
==================================================

[rank] Closed 0 trade(s) this run.
2026-09-08 08:07:02,824 [__main__] INFO — 9 open paper trade(s) to check
2026-09-08 08:07:03,436 [__main__] INFO — JNJ 2026-08-19: time_stop | exit=268.68 | pnl=-1.74% | -0.41R | $-9.50 | 10d
2026-09-08 08:07:04,094 [__main__] INFO — AMGN 2026-08-25: loss | exit=408.90 | pnl=-7.30% | -1.48R | $-593.95 | 9d
2026-09-08 08:07:05,099 [__main__] INFO — QCOM 2026-08-29: still open after 6 trading days | mark=176.43 | $+578.91 (+1.45R)
2026-09-08 08:07:06,105 [__main__] INFO — NVDA 2026-09-01: still open after 4 trading days | mark=227.14 | $-42.91 (-0.10R)
2026-09-08 08:07:07,146 [__main__] INFO — PFE 2026-09-01: still open after 4 trading days | mark=27.92 | $-277.57 (-0.57R)
2026-09-08 08:07:08,095 [__main__] INFO — VRTX 2026-09-02: loss | exit=526.74 | pnl=-5.77% | -1.00R | $-428.26 | 3d
2026-09-08 08:07:09,139 [__main__] INFO — MRK 2026-09-03: entry zone ($155.89-$157.95) not reached yet — order still pending
2026-09-08 08:07:10,103 [__main__] INFO — GILD 2026-09-03: still open after 2 trading days | mark=146.38 | $-173.59 (-0.36R)
2026-09-08 08:07:11,136 [__main__] INFO — BMY 2026-09-04: entry zone ($68.26-$69.02) not reached yet — order still pending
2026-09-08 08:07:11,140 [__main__] INFO — Paper updater complete — 3 trade(s) closed
2026-09-08 08:07:11,164 [__main__] INFO — Calibration check: status=insufficient_data weights_updated=False
2026-09-08 08:07:11,621 [__main__] INFO — 28 open paper trade(s) to check
2026-09-08 08:07:12,107 [__main__] INFO — NVDA 2026-08-27: still open after 7 trading days | mark=227.14 | $-6.02 (-0.01R)
2026-09-08 08:07:13,116 [__main__] INFO — AMGN 2026-08-27: loss | exit=408.90 | pnl=-8.01% | -1.75R | $-497.00 | 4d
2026-09-08 08:07:14,118 [__main__] INFO — QCOM 2026-08-29: still open after 6 trading days | mark=176.28 | $+569.39 (+1.43R)
2026-09-08 08:07:15,106 [__main__] INFO — GILD 2026-08-29: still open after 6 trading days | mark=146.38 | $-110.39 (-0.31R)
2026-09-08 08:07:16,181 [__main__] INFO — FITB 2026-08-31: still open after 5 trading days | mark=54.70 | $-197.93 (-0.41R)
2026-09-08 08:07:17,215 [__main__] INFO — PFE 2026-08-31: still open after 5 trading days | mark=27.93 | $-271.23 (-0.57R)
2026-09-08 08:07:18,097 [__main__] INFO — SBUX 2026-08-31: entry zone ($109.24-$110.52) never reached within 5 trading days — expired, no capital ever at risk
2026-09-08 08:07:19,089 [__main__] INFO — PNFP 2026-09-01: entry zone ($96.44-$97.62) not reached yet — order still pending
2026-09-08 08:07:20,180 [__main__] INFO — NKE 2026-09-01: still open after 4 trading days | mark=38.28 | $-40.85 (-0.08R)
2026-09-08 08:07:21,129 [__main__] INFO — ZION 2026-09-02: entry zone ($65.82-$66.52) not reached yet — order still pending
2026-09-08 08:07:22,121 [__main__] INFO — HBAN 2026-09-02: entry zone ($16.31-$16.49) not reached yet — order still pending
2026-09-08 08:07:23,104 [__main__] INFO — ORLY 2026-09-02: still open after 3 trading days | mark=86.17 | $+313.42 (+0.64R)
2026-09-08 08:07:24,141 [__main__] INFO — HD 2026-09-02: still open after 3 trading days | mark=317.76 | $+19.51 (+0.04R)
2026-09-08 08:07:25,143 [__main__] INFO — TXN 2026-09-03: entry zone ($248.20-$252.66) not reached yet — order still pending
2026-09-08 08:07:26,152 [__main__] INFO — MRK 2026-09-03: entry zone ($155.89-$157.95) not reached yet — order still pending
2026-09-08 08:07:27,639 [__main__] INFO — TSM 2026-09-04: still open after 1 trading days | mark=437.92 | $-2.70 (-0.01R)
2026-09-08 08:07:28,122 [__main__] INFO — TFC 2026-09-04: entry zone ($53.29-$53.77) not reached yet — order still pending
2026-09-08 08:07:29,135 [__main__] INFO — JNJ 2026-09-04: entry zone ($279.69-$282.45) not reached yet — order still pending
2026-09-08 08:07:30,167 [__main__] INFO — BMY 2026-09-04: entry zone ($68.26-$69.02) not reached yet — order still pending
2026-09-08 08:07:31,092 [__main__] INFO — AMZN 2026-09-04: entry zone ($278.47-$281.81) not reached yet — order still pending
2026-09-08 08:07:31,092 [__main__] WARNING — MU: no price data since 2026-09-08 — skipping
2026-09-08 08:07:31,093 [__main__] WARNING — ADI: no price data since 2026-09-08 — skipping
2026-09-08 08:07:31,093 [__main__] WARNING — UMBF: no price data since 2026-09-08 — skipping
2026-09-08 08:07:31,093 [__main__] WARNING — ONB: no price data since 2026-09-08 — skipping
2026-09-08 08:07:31,093 [__main__] WARNING — ABBV: no price data since 2026-09-08 — skipping
2026-09-08 08:07:31,093 [__main__] WARNING — VRTX: no price data since 2026-09-08 — skipping
2026-09-08 08:07:31,093 [__main__] WARNING — TGT: no price data since 2026-09-08 — skipping
2026-09-08 08:07:31,093 [__main__] WARNING — LOW: no price data since 2026-09-08 — skipping
2026-09-08 08:07:32,110 [__main__] INFO — SBUX 2026-08-31: hypothetical (immediate-fill) outcome loss | -1.00R — entry-zone opportunity cost
2026-09-08 08:07:32,110 [__main__] INFO — 1 hypothetical (entry-zone opportunity cost) outcome(s) resolved
2026-09-08 08:07:32,114 [__main__] INFO — Paper updater complete — 2 trade(s) closed

==================================================
PAPER TRADING SUMMARY  (10 closed, 6 open, 7 expired, 16 superseded)
==================================================
  Win rate (wins + profitable time stops/earnings/confidence exits): 40.0%
  Target hits:        0
  Stops:              4
  Time stops:         5  (+4 profitable)
  Earnings exits:     1  (+0 profitable)
  Confidence early exits: 0  (+0 profitable)
  Avg R:R on wins:    0.00R
  Closed but never funded (sized to 0 units): 2  (LLY, MU) — real directional result, no capital at risk, excluded from win rate
  Expired (never filled): 7
  Superseded (pending, replaced by a newer signal): 16  (NVDA, QCOM, ABT, NVDA, QCOM, GILD, BMY, NVDA, GILD, BMY, PFE, BMY, VRTX, GILD, GILD, MRK)
    -> entry-zone opportunity cost: 7 resolved (0 still pending), hypothetical win rate 0.0%, avg -1.11R if filled immediately at signal time
  Open trades:        6
  Open unrealized P&L: $+84.84  (4 marked position(s))
==================================================

[threshold] Closed 3 trade(s) this run.

==================================================
PAPER TRADING SUMMARY  (3 closed, 26 open, 5 expired, 46 superseded)
==================================================
  Win rate (wins + profitable time stops/earnings/confidence exits): 0.0%
  Target hits:        0
  Stops:              3
  Time stops:         0  (+0 profitable)
  Earnings exits:     0  (+0 profitable)
  Confidence early exits: 0  (+0 profitable)
  Avg R:R on wins:    0.00R
  Expired (never filled): 5
  Superseded (pending, replaced by a newer signal): 46  (MU, QCOM, ABBV, AMGN, AMZN, SBUX, QCOM, UMBF, KEY, AMZN, TGT, MU, QCOM, UMBF, KEY, JNJ, AMZN, SBUX, MU, UMBF, JNJ, AMZN, TGT, MU, TSM, BMY, AMZN, MU, TSM, ZION, JNJ, MRK, TGT, MU, TXN, JNJ, MRK, MU, TFC, UMBF, JNJ, AMZN, TGT, MU, UMBF, TGT)
    -> entry-zone opportunity cost: 5 resolved (0 still pending), hypothetical win rate 0.0%, avg -1.33R if filled immediately at signal time
  Open trades:        26
  Open unrealized P&L: $+273.20  (9 marked position(s))
==================================================

[rank] Closed 2 trade(s) this run.
2026-09-09 08:07:03,902 [__main__] INFO — 9 open paper trade(s) to check
2026-09-09 08:07:04,271 [__main__] INFO — QCOM 2026-08-29: still open after 7 trading days | mark=175.50 | $+519.94 (+1.30R)
2026-09-09 08:07:05,028 [__main__] INFO — NVDA 2026-09-01: still open after 5 trading days | mark=224.37 | $-124.28 (-0.28R)
2026-09-09 08:07:06,352 [__main__] INFO — PFE 2026-09-01: still open after 5 trading days | mark=27.87 | $-295.22 (-0.60R)
2026-09-09 08:07:07,082 [__main__] INFO — MRK 2026-09-03: entry zone ($155.89-$157.95) not reached yet — order still pending
2026-09-09 08:07:08,039 [__main__] INFO — GILD 2026-09-03: still open after 3 trading days | mark=145.62 | $-220.34 (-0.46R)
2026-09-09 08:07:09,059 [__main__] INFO — BMY 2026-09-04: entry zone ($68.26-$69.02) not reached yet — order still pending
2026-09-09 08:07:09,059 [__main__] WARNING — AMD: no price data since 2026-09-09 — skipping
2026-09-09 08:07:09,059 [__main__] INFO — TSM: signal is from today — no bars possible yet, skipping
2026-09-09 08:07:09,059 [__main__] INFO — MU: signal is from today — no bars possible yet, skipping
2026-09-09 08:07:09,062 [__main__] INFO — Paper updater complete — 0 trade(s) closed
2026-09-09 08:07:10,320 [__main__] INFO — 29 open paper trade(s) to check
2026-09-09 08:07:10,464 [__main__] INFO — NVDA 2026-08-27: still open after 8 trading days | mark=224.40 | $-81.05 (-0.19R)
2026-09-09 08:07:11,528 [__main__] INFO — QCOM 2026-08-29: still open after 7 trading days | mark=175.41 | $+514.23 (+1.29R)
2026-09-09 08:07:12,456 [__main__] INFO — GILD 2026-08-29: still open after 7 trading days | mark=145.58 | $-148.91 (-0.41R)
2026-09-09 08:07:13,465 [__main__] INFO — FITB 2026-08-31: still open after 6 trading days | mark=54.35 | $-127.96 (-0.26R)
2026-09-09 08:07:14,476 [__main__] INFO — PFE 2026-08-31: still open after 6 trading days | mark=27.86 | $-291.01 (-0.61R)
2026-09-09 08:07:15,444 [__main__] INFO — PNFP 2026-09-01: entry zone ($96.44-$97.62) never reached within 5 trading days — expired, no capital ever at risk
2026-09-09 08:07:16,890 [__main__] INFO — NKE 2026-09-01: still open after 5 trading days | mark=37.22 | $+160.54 (+0.33R)
2026-09-09 08:07:17,901 [__main__] INFO — ZION 2026-09-02: entry zone ($65.82-$66.52) not reached yet — order still pending
2026-09-09 08:07:18,848 [__main__] INFO — ORLY 2026-09-02: still open after 4 trading days | mark=84.99 | $+595.74 (+1.21R)
2026-09-09 08:07:19,919 [__main__] INFO — HD 2026-09-02: still open after 4 trading days | mark=311.05 | $+310.69 (+0.63R)
2026-09-09 08:07:20,887 [__main__] INFO — TXN 2026-09-03: entry zone ($248.20-$252.66) not reached yet — order still pending
2026-09-09 08:07:21,931 [__main__] INFO — MRK 2026-09-03: entry zone ($155.89-$157.95) not reached yet — order still pending
2026-09-09 08:07:22,880 [__main__] INFO — TSM 2026-09-04: still open after 2 trading days | mark=435.52 | $-67.43 (-0.15R)
2026-09-09 08:07:23,950 [__main__] INFO — TFC 2026-09-04: entry zone ($53.29-$53.77) not reached yet — order still pending
2026-09-09 08:07:24,859 [__main__] INFO — AMZN 2026-09-04: entry zone ($278.47-$281.81) not reached yet — order still pending
2026-09-09 08:07:25,994 [__main__] INFO — ADI 2026-09-07: entry zone ($345.19-$350.81) not reached yet — order still pending
2026-09-09 08:07:26,911 [__main__] INFO — UMBF 2026-09-07: entry zone ($152.56-$154.08) not reached yet — order still pending
2026-09-09 08:07:27,890 [__main__] INFO — ONB 2026-09-07: entry zone ($24.83-$25.07) not reached yet — order still pending
2026-09-09 08:07:28,890 [__main__] INFO — ABBV 2026-09-07: entry zone ($265.55-$268.39) not reached yet — order still pending
2026-09-09 08:07:29,880 [__main__] INFO — VRTX 2026-09-07: entry zone ($556.99-$563.51) not reached yet — order still pending
2026-09-09 08:07:31,407 [__main__] INFO — LOW 2026-09-07: still open after 2 trading days | mark=198.52 | $+64.99 (+0.14R)
2026-09-09 08:07:31,407 [__main__] WARNING — MU: no price data since 2026-09-09 — skipping
2026-09-09 08:07:31,407 [__main__] WARNING — AVGO: no price data since 2026-09-09 — skipping
2026-09-09 08:07:31,407 [__main__] WARNING — HBAN: no price data since 2026-09-09 — skipping
2026-09-09 08:07:31,407 [__main__] WARNING — MTB: no price data since 2026-09-09 — skipping
2026-09-09 08:07:31,407 [__main__] WARNING — BMY: no price data since 2026-09-09 — skipping
2026-09-09 08:07:31,407 [__main__] WARNING — JNJ: no price data since 2026-09-09 — skipping
2026-09-09 08:07:31,407 [__main__] WARNING — BKNG: no price data since 2026-09-09 — skipping
2026-09-09 08:07:31,407 [__main__] WARNING — TGT: no price data since 2026-09-09 — skipping
2026-09-09 08:07:31,886 [__main__] INFO — Paper updater complete — 1 trade(s) closed

==================================================
PAPER TRADING SUMMARY  (10 closed, 9 open, 7 expired, 18 superseded)
==================================================
  Win rate (wins + profitable time stops/earnings/confidence exits): 40.0%
  Target hits:        0
  Stops:              4
  Time stops:         5  (+4 profitable)
  Earnings exits:     1  (+0 profitable)
  Confidence early exits: 0  (+0 profitable)
  Avg R:R on wins:    0.00R
  Closed but never funded (sized to 0 units): 2  (LLY, MU) — real directional result, no capital at risk, excluded from win rate
  Expired (never filled): 7
  Superseded (pending, replaced by a newer signal): 18  (NVDA, QCOM, ABT, NVDA, QCOM, GILD, BMY, NVDA, GILD, BMY, PFE, BMY, VRTX, GILD, GILD, MRK, TSM, MU)
    -> entry-zone opportunity cost: 7 resolved (0 still pending), hypothetical win rate 0.0%, avg -1.11R if filled immediately at signal time
  Open trades:        9
  Open unrealized P&L: $-119.90  (4 marked position(s))
==================================================

[threshold] Closed 0 trade(s) this run.

==================================================
PAPER TRADING SUMMARY  (3 closed, 28 open, 6 expired, 51 superseded)
==================================================
  Win rate (wins + profitable time stops/earnings/confidence exits): 0.0%
  Target hits:        0
  Stops:              3
  Time stops:         0  (+0 profitable)
  Earnings exits:     0  (+0 profitable)
  Confidence early exits: 0  (+0 profitable)
  Avg R:R on wins:    0.00R
  Expired (never filled): 6
  Superseded (pending, replaced by a newer signal): 51  (MU, QCOM, ABBV, AMGN, AMZN, SBUX, QCOM, UMBF, KEY, AMZN, TGT, MU, QCOM, UMBF, KEY, JNJ, AMZN, SBUX, MU, UMBF, JNJ, AMZN, TGT, MU, TSM, BMY, AMZN, MU, TSM, ZION, JNJ, MRK, TGT, MU, TXN, HBAN, JNJ, MRK, MU, TFC, UMBF, JNJ, AMZN, TGT, MU, UMBF, JNJ, BMY, TGT, MU, TGT)
    -> entry-zone opportunity cost: 5 resolved (1 still pending), hypothetical win rate 0.0%, avg -1.33R if filled immediately at signal time
  Open trades:        28
  Open unrealized P&L: $+929.83  (10 marked position(s))
==================================================

[rank] Closed 1 trade(s) this run.
2026-09-10 08:07:02,341 [__main__] INFO — 9 open paper trade(s) to check
2026-09-10 08:07:03,351 [__main__] INFO — QCOM 2026-08-29: still open after 8 trading days | mark=177.35 | $+637.24 (+1.60R)
2026-09-10 08:07:03,471 [__main__] INFO — NVDA 2026-09-01: still open after 6 trading days | mark=218.48 | $-297.48 (-0.68R)
2026-09-10 08:07:04,523 [__main__] INFO — PFE 2026-09-01: still open after 6 trading days | mark=27.42 | $-438.01 (-0.89R)
2026-09-10 08:07:05,514 [__main__] INFO — MRK 2026-09-03: entry zone ($155.89-$157.95) not reached yet — order still pending
2026-09-10 08:07:06,473 [__main__] INFO — GILD 2026-09-03: still open after 4 trading days | mark=144.04 | $-316.65 (-0.66R)
2026-09-10 08:07:07,493 [__main__] INFO — BMY 2026-09-04: entry zone ($68.26-$69.02) not reached yet — order still pending
2026-09-10 08:07:09,137 [__main__] INFO — AMD 2026-09-08: still open after 2 trading days | mark=509.14 | $-21.56 (-0.10R)
2026-09-10 08:07:09,137 [__main__] WARNING — MU: no price data since 2026-09-10 — skipping
2026-09-10 08:07:09,137 [__main__] INFO — TSM: signal is from today — no bars possible yet, skipping
2026-09-10 08:07:09,140 [__main__] INFO — Paper updater complete — 0 trade(s) closed
2026-09-10 08:07:09,607 [__main__] INFO — 31 open paper trade(s) to check
2026-09-10 08:07:09,749 [__main__] INFO — NVDA 2026-08-27: still open after 9 trading days | mark=218.42 | $-244.79 (-0.57R)
2026-09-10 08:07:10,754 [__main__] INFO — QCOM 2026-08-29: still open after 8 trading days | mark=177.24 | $+630.27 (+1.58R)
2026-09-10 08:07:11,739 [__main__] INFO — GILD 2026-08-29: still open after 8 trading days | mark=144.04 | $-223.13 (-0.62R)
2026-09-10 08:07:12,750 [__main__] INFO — FITB 2026-08-31: still open after 7 trading days | mark=54.03 | $-63.98 (-0.13R)
2026-09-10 08:07:13,771 [__main__] INFO — PFE 2026-08-31: still open after 7 trading days | mark=27.42 | $-425.08 (-0.89R)
2026-09-10 08:07:14,759 [__main__] INFO — NKE 2026-09-01: still open after 6 trading days | mark=37.04 | $+193.79 (+0.40R)
2026-09-10 08:07:15,763 [__main__] INFO — ZION 2026-09-02: entry zone ($65.82-$66.52) never reached within 5 trading days — expired, no capital ever at risk
2026-09-10 08:07:16,710 [__main__] INFO — ORLY 2026-09-02: still open after 5 trading days | mark=85.58 | $+453.38 (+0.92R)
2026-09-10 08:07:17,764 [__main__] INFO — HD 2026-09-02: still open after 5 trading days | mark=307.26 | $+474.85 (+0.97R)
2026-09-10 08:07:18,763 [__main__] INFO — TXN 2026-09-03: entry zone ($248.20-$252.66) not reached yet — order still pending
2026-09-10 08:07:19,803 [__main__] INFO — MRK 2026-09-03: entry zone ($155.89-$157.95) not reached yet — order still pending
2026-09-10 08:07:20,796 [__main__] INFO — TSM 2026-09-04: still open after 3 trading days | mark=431.97 | $-163.17 (-0.37R)
2026-09-10 08:07:21,775 [__main__] INFO — TFC 2026-09-04: entry zone ($53.29-$53.77) not reached yet — order still pending
2026-09-10 08:07:22,743 [__main__] INFO — AMZN 2026-09-04: entry zone ($278.47-$281.81) not reached yet — order still pending
2026-09-10 08:07:23,735 [__main__] INFO — ADI 2026-09-07: entry zone ($345.19-$350.81) not reached yet — order still pending
2026-09-10 08:07:24,811 [__main__] INFO — UMBF 2026-09-07: entry zone ($152.56-$154.08) not reached yet — order still pending
2026-09-10 08:07:25,745 [__main__] INFO — ABBV 2026-09-07: entry zone ($265.55-$268.39) not reached yet — order still pending
2026-09-10 08:07:26,735 [__main__] INFO — VRTX 2026-09-07: entry zone ($556.99-$563.51) not reached yet — order still pending
2026-09-10 08:07:27,754 [__main__] INFO — LOW 2026-09-07: still open after 3 trading days | mark=196.29 | $+162.74 (+0.35R)
2026-09-10 08:07:28,765 [__main__] INFO — AVGO 2026-09-08: entry zone ($429.44-$436.02) not reached yet — order still pending
2026-09-10 08:07:31,386 [__main__] INFO — HBAN 2026-09-08: still open after 2 trading days | mark=16.57 | $-71.72 (-0.15R)
2026-09-10 08:07:31,536 [__main__] INFO — JNJ 2026-09-08: entry zone ($279.64-$282.50) not reached yet — order still pending
2026-09-10 08:07:32,569 [__main__] INFO — TGT 2026-09-08: entry zone ($169.66-$171.84) not reached yet — order still pending
2026-09-10 08:07:32,569 [__main__] WARNING — MU: no price data since 2026-09-10 — skipping
2026-09-10 08:07:32,569 [__main__] WARNING — AMD: no price data since 2026-09-10 — skipping
2026-09-10 08:07:32,569 [__main__] WARNING — MTB: no price data since 2026-09-10 — skipping
2026-09-10 08:07:32,569 [__main__] WARNING — ONB: no price data since 2026-09-10 — skipping
2026-09-10 08:07:32,569 [__main__] WARNING — BMY: no price data since 2026-09-10 — skipping
2026-09-10 08:07:32,570 [__main__] WARNING — TMO: no price data since 2026-09-10 — skipping
2026-09-10 08:07:32,570 [__main__] WARNING — SBUX: no price data since 2026-09-10 — skipping
2026-09-10 08:07:32,570 [__main__] WARNING — BKNG: no price data since 2026-09-10 — skipping
2026-09-10 08:07:34,496 [__main__] INFO — ZION 2026-09-02: hypothetical (immediate-fill) outcome loss | -1.04R — entry-zone opportunity cost
2026-09-10 08:07:34,496 [__main__] INFO — 1 hypothetical (entry-zone opportunity cost) outcome(s) resolved
2026-09-10 08:07:34,500 [__main__] INFO — Paper updater complete — 1 trade(s) closed

==================================================
PAPER TRADING SUMMARY  (10 closed, 9 open, 7 expired, 19 superseded)
==================================================
  Win rate (wins + profitable time stops/earnings/confidence exits): 40.0%
  Target hits:        0
  Stops:              4
  Time stops:         5  (+4 profitable)
  Earnings exits:     1  (+0 profitable)
  Confidence early exits: 0  (+0 profitable)
  Avg R:R on wins:    0.00R
  Closed but never funded (sized to 0 units): 2  (LLY, MU) — real directional result, no capital at risk, excluded from win rate
  Expired (never filled): 7
  Superseded (pending, replaced by a newer signal): 19  (NVDA, QCOM, ABT, NVDA, QCOM, GILD, BMY, NVDA, GILD, BMY, PFE, BMY, VRTX, GILD, GILD, MRK, TSM, MU, TSM)
    -> entry-zone opportunity cost: 7 resolved (0 still pending), hypothetical win rate 0.0%, avg -1.11R if filled immediately at signal time
  Open trades:        9
  Open unrealized P&L: $-436.46  (5 marked position(s))
==================================================

[threshold] Closed 0 trade(s) this run.

==================================================
PAPER TRADING SUMMARY  (3 closed, 30 open, 7 expired, 56 superseded)
==================================================
  Win rate (wins + profitable time stops/earnings/confidence exits): 0.0%
  Target hits:        0
  Stops:              3
  Time stops:         0  (+0 profitable)
  Earnings exits:     0  (+0 profitable)
  Confidence early exits: 0  (+0 profitable)
  Avg R:R on wins:    0.00R
  Expired (never filled): 7
  Superseded (pending, replaced by a newer signal): 56  (MU, QCOM, ABBV, AMGN, AMZN, SBUX, QCOM, UMBF, KEY, AMZN, TGT, MU, QCOM, UMBF, KEY, JNJ, AMZN, SBUX, MU, UMBF, JNJ, AMZN, TGT, MU, TSM, BMY, AMZN, MU, TSM, ZION, JNJ, MRK, TGT, MU, TXN, HBAN, JNJ, MRK, MU, TFC, UMBF, JNJ, AMZN, TGT, MU, UMBF, JNJ, BMY, TGT, MU, ONB, TGT, MU, MTB, BMY, BKNG)
    -> entry-zone opportunity cost: 6 resolved (1 still pending), hypothetical win rate 0.0%, avg -1.29R if filled immediately at signal time
  Open trades:        30
  Open unrealized P&L: $+723.16  (11 marked position(s))
==================================================

[rank] Closed 1 trade(s) this run.
2026-09-11 08:07:02,042 [__main__] INFO — 9 open paper trade(s) to check
2026-09-11 08:07:02,336 [__main__] INFO — QCOM 2026-08-29: still open after 9 trading days | mark=182.49 | $+963.47 (+2.42R)
2026-09-11 08:07:03,155 [__main__] INFO — NVDA 2026-09-01: still open after 7 trading days | mark=220.12 | $-249.15 (-0.57R)
2026-09-11 08:07:04,219 [__main__] INFO — PFE 2026-09-01: still open after 7 trading days | mark=27.49 | $-417.16 (-0.85R)
2026-09-11 08:07:05,325 [__main__] INFO — MRK 2026-09-03: entry zone ($155.89-$157.95) never reached within 5 trading days — expired, no capital ever at risk
2026-09-11 08:07:06,211 [__main__] INFO — GILD 2026-09-03: still open after 5 trading days | mark=143.87 | $-327.01 (-0.69R)
2026-09-11 08:07:07,207 [__main__] INFO — BMY 2026-09-04: entry zone ($68.26-$69.02) not reached yet — order still pending
2026-09-11 08:07:08,364 [__main__] INFO — AMD 2026-09-08: still open after 3 trading days | mark=514.15 | $+23.45 (+0.11R)
2026-09-11 08:07:09,182 [__main__] INFO — MU 2026-09-09: entry zone ($1022.62-$1049.64) not reached yet — order still pending
2026-09-11 08:07:09,182 [__main__] WARNING — TSM: no price data since 2026-09-11 — skipping
2026-09-11 08:07:10,200 [__main__] INFO — MRK 2026-09-03: hypothetical (immediate-fill) outcome loss | -1.13R — entry-zone opportunity cost
2026-09-11 08:07:10,200 [__main__] INFO — 1 hypothetical (entry-zone opportunity cost) outcome(s) resolved
2026-09-11 08:07:10,203 [__main__] INFO — Paper updater complete — 1 trade(s) closed
2026-09-11 08:07:10,228 [__main__] INFO — Calibration check: status=insufficient_data weights_updated=False
2026-09-11 08:07:10,723 [__main__] INFO — 30 open paper trade(s) to check
2026-09-11 08:07:11,179 [__main__] INFO — NVDA 2026-08-27: time_stop | exit=220.08 | pnl=-3.09% | -0.45R | $-195.53 | 10d
2026-09-11 08:07:12,202 [__main__] INFO — QCOM 2026-08-29: still open after 9 trading days | mark=182.59 | $+969.49 (+2.43R)
2026-09-11 08:07:13,181 [__main__] INFO — GILD 2026-08-29: still open after 9 trading days | mark=143.81 | $-233.94 (-0.65R)
2026-09-11 08:07:14,202 [__main__] INFO — FITB 2026-08-31: still open after 8 trading days | mark=54.35 | $-127.96 (-0.26R)
2026-09-11 08:07:15,225 [__main__] INFO — PFE 2026-08-31: still open after 8 trading days | mark=27.50 | $-403.75 (-0.85R)
2026-09-11 08:07:16,191 [__main__] INFO — NKE 2026-09-01: still open after 7 trading days | mark=36.91 | $+218.49 (+0.45R)
2026-09-11 08:07:17,166 [__main__] INFO — ORLY 2026-09-02: still open after 6 trading days | mark=86.16 | $+315.81 (+0.64R)
2026-09-11 08:07:18,181 [__main__] INFO — HD 2026-09-02: still open after 6 trading days | mark=309.15 | $+392.87 (+0.80R)
2026-09-11 08:07:19,211 [__main__] INFO — MRK 2026-09-03: entry zone ($155.89-$157.95) never reached within 5 trading days — expired, no capital ever at risk
2026-09-11 08:07:20,181 [__main__] INFO — TSM 2026-09-04: still open after 4 trading days | mark=432.78 | $-141.32 (-0.32R)
2026-09-11 08:07:21,203 [__main__] INFO — TFC 2026-09-04: entry zone ($53.29-$53.77) not reached yet — order still pending
2026-09-11 08:07:22,172 [__main__] INFO — AMZN 2026-09-04: entry zone ($278.47-$281.81) not reached yet — order still pending
2026-09-11 08:07:23,177 [__main__] INFO — ADI 2026-09-07: entry zone ($345.19-$350.81) not reached yet — order still pending
2026-09-11 08:07:24,218 [__main__] INFO — UMBF 2026-09-07: entry zone ($152.56-$154.08) not reached yet — order still pending
2026-09-11 08:07:25,182 [__main__] INFO — VRTX 2026-09-07: entry zone ($556.99-$563.51) not reached yet — order still pending
2026-09-11 08:07:26,258 [__main__] INFO — LOW 2026-09-07: still open after 4 trading days | mark=197.42 | $+113.45 (+0.24R)
2026-09-11 08:07:27,238 [__main__] INFO — AVGO 2026-09-08: entry zone ($429.44-$436.02) not reached yet — order still pending
2026-09-11 08:07:28,225 [__main__] INFO — HBAN 2026-09-08: still open after 3 trading days | mark=16.76 | $-236.34 (-0.48R)
2026-09-11 08:07:29,652 [__main__] INFO — AMD 2026-09-09: still open after 2 trading days | mark=514.34 | $-6.89 (-0.02R)
2026-09-11 08:07:30,227 [__main__] INFO — BMY 2026-09-09: entry zone ($68.26-$69.02) not reached yet — order still pending
2026-09-11 08:07:31,184 [__main__] INFO — TMO 2026-09-09: entry zone ($643.04-$650.96) not reached yet — order still pending
2026-09-11 08:07:32,666 [__main__] INFO — BKNG 2026-09-09: still open after 2 trading days | mark=173.57 | $-37.97 (-0.09R)
2026-09-11 08:07:32,666 [__main__] WARNING — MU: no price data since 2026-09-11 — skipping
2026-09-11 08:07:32,666 [__main__] WARNING — TXN: no price data since 2026-09-11 — skipping
2026-09-11 08:07:32,666 [__main__] WARNING — ONB: no price data since 2026-09-11 — skipping
2026-09-11 08:07:32,666 [__main__] WARNING — MTB: no price data since 2026-09-11 — skipping
2026-09-11 08:07:32,666 [__main__] WARNING — JNJ: no price data since 2026-09-11 — skipping
2026-09-11 08:07:32,666 [__main__] WARNING — ABBV: no price data since 2026-09-11 — skipping
2026-09-11 08:07:32,666 [__main__] WARNING — SBUX: no price data since 2026-09-11 — skipping
2026-09-11 08:07:32,666 [__main__] WARNING — TGT: no price data since 2026-09-11 — skipping
2026-09-11 08:07:34,197 [__main__] INFO — MRK 2026-09-03: hypothetical (immediate-fill) outcome loss | -1.13R — entry-zone opportunity cost
2026-09-11 08:07:34,197 [__main__] INFO — 1 hypothetical (entry-zone opportunity cost) outcome(s) resolved
2026-09-11 08:07:34,201 [__main__] INFO — Paper updater complete — 2 trade(s) closed

==================================================
PAPER TRADING SUMMARY  (10 closed, 8 open, 8 expired, 19 superseded)
==================================================
  Win rate (wins + profitable time stops/earnings/confidence exits): 40.0%
  Target hits:        0
  Stops:              4
  Time stops:         5  (+4 profitable)
  Earnings exits:     1  (+0 profitable)
  Confidence early exits: 0  (+0 profitable)
  Avg R:R on wins:    0.00R
  Closed but never funded (sized to 0 units): 2  (LLY, MU) — real directional result, no capital at risk, excluded from win rate
  Expired (never filled): 8
  Superseded (pending, replaced by a newer signal): 19  (NVDA, QCOM, ABT, NVDA, QCOM, GILD, BMY, NVDA, GILD, BMY, PFE, BMY, VRTX, GILD, GILD, MRK, TSM, MU, TSM)
    -> entry-zone opportunity cost: 8 resolved (0 still pending), hypothetical win rate 0.0%, avg -1.11R if filled immediately at signal time
  Open trades:        8
  Open unrealized P&L: $-6.40  (5 marked position(s))
==================================================

[threshold] Closed 1 trade(s) this run.

==================================================
PAPER TRADING SUMMARY  (4 closed, 28 open, 8 expired, 64 superseded)
==================================================
  Win rate (wins + profitable time stops/earnings/confidence exits): 0.0%
  Target hits:        0
  Stops:              3
  Time stops:         1  (+0 profitable)
  Earnings exits:     0  (+0 profitable)
  Confidence early exits: 0  (+0 profitable)
  Avg R:R on wins:    0.00R
  Expired (never filled): 8
  Superseded (pending, replaced by a newer signal): 64  (MU, QCOM, ABBV, AMGN, AMZN, SBUX, QCOM, UMBF, KEY, AMZN, TGT, MU, QCOM, UMBF, KEY, JNJ, AMZN, SBUX, MU, UMBF, JNJ, AMZN, TGT, MU, TSM, BMY, AMZN, MU, TSM, ZION, JNJ, MRK, TGT, MU, TXN, HBAN, JNJ, MRK, MU, TXN, TFC, UMBF, JNJ, AMZN, TGT, MU, UMBF, JNJ, BMY, TGT, MU, ONB, ABBV, TGT, MU, MTB, BMY, JNJ, BKNG, TGT, MU, MTB, ONB, SBUX)
    -> entry-zone opportunity cost: 7 resolved (1 still pending), hypothetical win rate 0.0%, avg -1.26R if filled immediately at signal time
  Open trades:        28
  Open unrealized P&L: $+821.94  (12 marked position(s))
==================================================

[rank] Closed 2 trade(s) this run.
2026-09-14 08:07:02,704 [__main__] INFO — 8 open paper trade(s) to check
2026-09-14 08:07:03,049 [__main__] INFO — QCOM 2026-08-29: still open after 10 trading days | mark=178.06 | $+682.26 (+1.71R)
2026-09-14 08:07:03,822 [__main__] INFO — NVDA 2026-09-01: loss | exit=211.08 | pnl=-7.66% | -1.17R | $-514.74 | 7d
2026-09-14 08:07:04,861 [__main__] INFO — PFE 2026-09-01: still open after 8 trading days | mark=27.76 | $-330.87 (-0.67R)
2026-09-14 08:07:05,833 [__main__] INFO — GILD 2026-09-03: still open after 6 trading days | mark=145.29 | $-240.46 (-0.50R)
2026-09-14 08:07:06,871 [__main__] INFO — BMY 2026-09-04: entry zone ($68.26-$69.02) never reached within 5 trading days — expired, no capital ever at risk
2026-09-14 08:07:08,008 [__main__] INFO — AMD 2026-09-08: loss | exit=486.13 | pnl=-4.97% | -1.09R | $-228.69 | 4d
2026-09-14 08:07:08,903 [__main__] INFO — MU 2026-09-09: entry zone ($1022.62-$1049.64) not reached yet — order still pending
2026-09-14 08:07:09,832 [__main__] INFO — TSM 2026-09-11: entry zone ($441.49-$447.09) not reached yet — order still pending
2026-09-14 08:07:10,866 [__main__] INFO — BMY 2026-09-04: hypothetical (immediate-fill) outcome loss | -1.00R — entry-zone opportunity cost
2026-09-14 08:07:10,866 [__main__] INFO — 1 hypothetical (entry-zone opportunity cost) outcome(s) resolved
2026-09-14 08:07:10,868 [__main__] INFO — Paper updater complete — 3 trade(s) closed
2026-09-14 08:07:10,892 [__main__] INFO — Calibration check: status=insufficient_data weights_updated=False
2026-09-14 08:07:11,377 [__main__] INFO — 28 open paper trade(s) to check
2026-09-14 08:07:11,842 [__main__] INFO — QCOM 2026-08-29: still open after 10 trading days | mark=177.96 | $+675.92 (+1.69R)
2026-09-14 08:07:12,843 [__main__] INFO — GILD 2026-08-29: still open after 10 trading days | mark=145.23 | $-165.72 (-0.46R)
2026-09-14 08:07:13,868 [__main__] INFO — FITB 2026-08-31: still open after 9 trading days | mark=54.63 | $-183.94 (-0.38R)
2026-09-14 08:07:14,936 [__main__] INFO — PFE 2026-08-31: still open after 9 trading days | mark=27.75 | $-324.52 (-0.68R)
2026-09-14 08:07:15,928 [__main__] INFO — NKE 2026-09-01: still open after 8 trading days | mark=37.23 | $+157.68 (+0.33R)
2026-09-14 08:07:16,823 [__main__] INFO — ORLY 2026-09-02: still open after 7 trading days | mark=86.99 | $+117.23 (+0.24R)
2026-09-14 08:07:17,870 [__main__] INFO — HD 2026-09-02: still open after 7 trading days | mark=310.88 | $+317.85 (+0.65R)
2026-09-14 08:07:18,845 [__main__] INFO — TSM 2026-09-04: loss | exit=416.01 | pnl=-5.02% | -1.35R | $-593.61 | 5d
2026-09-14 08:07:19,875 [__main__] INFO — TFC 2026-09-04: entry zone ($53.29-$53.77) never reached within 5 trading days — expired, no capital ever at risk
2026-09-14 08:07:20,814 [__main__] INFO — VRTX 2026-09-07: entry zone ($556.99-$563.51) never reached within 5 trading days — expired, no capital ever at risk
2026-09-14 08:07:22,423 [__main__] INFO — LOW 2026-09-07: still open after 5 trading days | mark=198.47 | $+67.19 (+0.14R)
2026-09-14 08:07:23,456 [__main__] INFO — AVGO 2026-09-08: entry zone ($429.44-$436.02) not reached yet — order still pending
2026-09-14 08:07:24,426 [__main__] INFO — HBAN 2026-09-08: still open after 4 trading days | mark=16.85 | $-316.42 (-0.65R)
2026-09-14 08:07:25,417 [__main__] INFO — AMD 2026-09-09: still open after 3 trading days | mark=486.73 | $-208.11 (-0.61R)
2026-09-14 08:07:26,438 [__main__] INFO — BMY 2026-09-09: entry zone ($68.26-$69.02) not reached yet — order still pending
2026-09-14 08:07:27,417 [__main__] INFO — TMO 2026-09-09: entry zone ($643.04-$650.96) not reached yet — order still pending
2026-09-14 08:07:28,400 [__main__] INFO — BKNG 2026-09-09: still open after 3 trading days | mark=176.79 | $-125.09 (-0.29R)
2026-09-14 08:07:29,437 [__main__] INFO — TXN 2026-09-10: entry zone ($246.07-$250.19) not reached yet — order still pending
2026-09-14 08:07:30,437 [__main__] INFO — MTB 2026-09-10: entry zone ($230.25-$232.29) not reached yet — order still pending
2026-09-14 08:07:31,450 [__main__] INFO — TGT 2026-09-10: entry zone ($169.66-$171.84) not reached yet — order still pending
2026-09-14 08:07:32,420 [__main__] INFO — ADI 2026-09-11: entry zone ($392.96-$398.52) not reached yet — order still pending
2026-09-14 08:07:33,691 [__main__] INFO — MU 2026-09-11: entry zone ($1029.44-$1055.36) not reached yet — order still pending
2026-09-14 08:07:34,531 [__main__] INFO — UMBF 2026-09-11: entry zone ($136.36-$137.79) not reached yet — order still pending
2026-09-14 08:07:35,489 [__main__] INFO — ONB 2026-09-11: entry zone ($24.83-$25.07) not reached yet — order still pending
2026-09-14 08:07:36,449 [__main__] INFO — JNJ 2026-09-11: entry zone ($279.69-$282.45) not reached yet — order still pending
2026-09-14 08:07:37,472 [__main__] INFO — ABBV 2026-09-11: entry zone ($265.53-$268.41) not reached yet — order still pending
2026-09-14 08:07:39,327 [__main__] INFO — SBUX 2026-09-11: still open after 1 trading days | mark=98.61 | $+17.39 (+0.05R)
2026-09-14 08:07:39,486 [__main__] INFO — AMZN 2026-09-11: entry zone ($268.02-$271.14) not reached yet — order still pending
2026-09-14 08:07:41,472 [__main__] INFO — TFC 2026-09-04: hypothetical (immediate-fill) outcome loss | -1.00R — entry-zone opportunity cost
2026-09-14 08:07:42,416 [__main__] INFO — VRTX 2026-09-07: hypothetical (immediate-fill) outcome loss | -1.88R — entry-zone opportunity cost
2026-09-14 08:07:42,416 [__main__] INFO — 2 hypothetical (entry-zone opportunity cost) outcome(s) resolved
2026-09-14 08:07:42,420 [__main__] INFO — Paper updater complete — 3 trade(s) closed

==================================================
PAPER TRADING SUMMARY  (12 closed, 5 open, 9 expired, 20 superseded)
==================================================
  Win rate (wins + profitable time stops/earnings/confidence exits): 33.3%
  Target hits:        0
  Stops:              6
  Time stops:         5  (+4 profitable)
  Earnings exits:     1  (+0 profitable)
  Confidence early exits: 0  (+0 profitable)
  Avg R:R on wins:    0.00R
  Closed but never funded (sized to 0 units): 2  (LLY, MU) — real directional result, no capital at risk, excluded from win rate
  Expired (never filled): 9
  Superseded (pending, replaced by a newer signal): 20  (NVDA, QCOM, ABT, NVDA, QCOM, GILD, BMY, NVDA, GILD, BMY, PFE, BMY, VRTX, GILD, GILD, MRK, TSM, MU, TSM, TSM)
    -> entry-zone opportunity cost: 9 resolved (0 still pending), hypothetical win rate 0.0%, avg -1.10R if filled immediately at signal time
  Open trades:        5
  Open unrealized P&L: $+110.93  (3 marked position(s))
==================================================

[threshold] Closed 3 trade(s) this run.

==================================================
PAPER TRADING SUMMARY  (5 closed, 25 open, 10 expired, 72 superseded)
==================================================
  Win rate (wins + profitable time stops/earnings/confidence exits): 0.0%
  Target hits:        0
  Stops:              4
  Time stops:         1  (+0 profitable)
  Earnings exits:     0  (+0 profitable)
  Confidence early exits: 0  (+0 profitable)
  Avg R:R on wins:    0.00R
  Expired (never filled): 10
  Superseded (pending, replaced by a newer signal): 72  (MU, QCOM, ABBV, AMGN, AMZN, SBUX, QCOM, UMBF, KEY, AMZN, TGT, MU, QCOM, UMBF, KEY, JNJ, AMZN, SBUX, MU, UMBF, JNJ, AMZN, TGT, MU, TSM, BMY, AMZN, MU, TSM, ZION, JNJ, MRK, TGT, MU, TXN, HBAN, JNJ, MRK, MU, TXN, TFC, UMBF, JNJ, AMZN, TGT, MU, UMBF, JNJ, BMY, TGT, AMZN, MU, ADI, UMBF, ONB, ABBV, TGT, MU, MTB, BMY, JNJ, BKNG, TGT, MU, MTB, ONB, SBUX, MU, ONB, JNJ, ABBV, SBUX)
    -> entry-zone opportunity cost: 9 resolved (1 still pending), hypothetical win rate 0.0%, avg -1.30R if filled immediately at signal time
  Open trades:        25
  Open unrealized P&L: $+29.46  (12 marked position(s))
==================================================

[rank] Closed 3 trade(s) this run.
2026-09-15 08:07:03,621 [__main__] INFO — 5 open paper trade(s) to check
2026-09-15 08:07:04,091 [__main__] INFO — QCOM 2026-08-29: still open after 11 trading days | mark=186.48 | $+1216.15 (+3.05R)
2026-09-15 08:07:04,865 [__main__] INFO — PFE 2026-09-01: loss | exit=27.26 | pnl=-5.31% | -1.00R | $-490.96 | 9d
2026-09-15 08:07:05,741 [__main__] INFO — GILD 2026-09-03: still open after 7 trading days | mark=144.48 | $-289.53 (-0.61R)
2026-09-15 08:07:06,929 [__main__] INFO — MU 2026-09-09: entry zone ($1022.62-$1049.64) not reached yet — order still pending
2026-09-15 08:07:07,763 [__main__] INFO — TSM 2026-09-11: entry zone ($441.49-$447.09) not reached yet — order still pending
2026-09-15 08:07:07,766 [__main__] INFO — Paper updater complete — 1 trade(s) closed
2026-09-15 08:07:07,794 [__main__] INFO — Calibration check: status=pass weights_updated=True
2026-09-15 08:07:08,753 [__main__] INFO — 28 open paper trade(s) to check
2026-09-15 08:07:08,899 [__main__] INFO — QCOM 2026-08-29: still open after 11 trading days | mark=186.48 | $+1215.83 (+3.05R)
2026-09-15 08:07:09,878 [__main__] INFO — GILD 2026-08-29: time_stop | exit=144.48 | pnl=-2.82% | -0.56R | $-201.75 | 10d
2026-09-15 08:07:10,900 [__main__] INFO — FITB 2026-08-31: time_stop | exit=54.91 | pnl=-2.23% | -0.50R | $-239.92 | 10d
2026-09-15 08:07:12,055 [__main__] INFO — PFE 2026-08-31: loss | exit=27.26 | pnl=-5.41% | -1.00R | $-475.36 | 10d
2026-09-15 08:07:13,052 [__main__] INFO — NKE 2026-09-01: still open after 9 trading days | mark=36.33 | $+329.64 (+0.68R)
2026-09-15 08:07:14,054 [__main__] INFO — ORLY 2026-09-02: still open after 8 trading days | mark=86.07 | $+336.15 (+0.68R)
2026-09-15 08:07:15,038 [__main__] INFO — HD 2026-09-02: still open after 8 trading days | mark=306.43 | $+510.81 (+1.04R)
2026-09-15 08:07:16,033 [__main__] INFO — LOW 2026-09-07: still open after 6 trading days | mark=195.47 | $+198.93 (+0.42R)
2026-09-15 08:07:17,014 [__main__] INFO — AVGO 2026-09-08: entry zone ($429.44-$436.02) never reached within 5 trading days — expired, no capital ever at risk
2026-09-15 08:07:18,066 [__main__] INFO — HBAN 2026-09-08: still open after 5 trading days | mark=16.77 | $-244.70 (-0.50R)
2026-09-15 08:07:19,012 [__main__] INFO — AMD 2026-09-09: still open after 4 trading days | mark=504.67 | $-77.42 (-0.23R)
2026-09-15 08:07:20,064 [__main__] INFO — BMY 2026-09-09: entry zone ($68.26-$69.02) not reached yet — order still pending
2026-09-15 08:07:21,100 [__main__] INFO — TMO 2026-09-09: entry zone ($643.04-$650.96) not reached yet — order still pending
2026-09-15 08:07:22,033 [__main__] INFO — BKNG 2026-09-09: still open after 4 trading days | mark=171.40 | $+5.47 (+0.01R)
2026-09-15 08:07:23,045 [__main__] INFO — ADI 2026-09-11: entry zone ($392.96-$398.52) not reached yet — order still pending
2026-09-15 08:07:24,299 [__main__] INFO — MU 2026-09-11: entry zone ($1029.44-$1055.36) not reached yet — order still pending
2026-09-15 08:07:25,057 [__main__] INFO — UMBF 2026-09-11: entry zone ($136.36-$137.79) not reached yet — order still pending
2026-09-15 08:07:26,057 [__main__] INFO — ONB 2026-09-11: entry zone ($24.83-$25.07) not reached yet — order still pending
2026-09-15 08:07:27,037 [__main__] INFO — SBUX 2026-09-11: still open after 2 trading days | mark=96.75 | $+194.66 (+0.54R)
2026-09-15 08:07:28,025 [__main__] INFO — AMZN 2026-09-11: entry zone ($268.02-$271.14) not reached yet — order still pending
2026-09-15 08:07:28,025 [__main__] WARNING — TXN: no price data since 2026-09-15 — skipping
2026-09-15 08:07:28,025 [__main__] WARNING — TSM: no price data since 2026-09-15 — skipping
2026-09-15 08:07:28,025 [__main__] WARNING — MTB: no price data since 2026-09-15 — skipping
2026-09-15 08:07:28,025 [__main__] WARNING — RF: no price data since 2026-09-15 — skipping
2026-09-15 08:07:28,025 [__main__] WARNING — JNJ: no price data since 2026-09-15 — skipping
2026-09-15 08:07:28,025 [__main__] WARNING — ABBV: no price data since 2026-09-15 — skipping
2026-09-15 08:07:28,025 [__main__] WARNING — TGT: no price data since 2026-09-15 — skipping
2026-09-15 08:07:28,025 [__main__] WARNING — TSLA: no price data since 2026-09-15 — skipping
2026-09-15 08:07:30,049 [__main__] INFO — AVGO 2026-09-08: hypothetical (immediate-fill) outcome loss | -2.25R — entry-zone opportunity cost
2026-09-15 08:07:30,049 [__main__] INFO — 1 hypothetical (entry-zone opportunity cost) outcome(s) resolved
2026-09-15 08:07:30,054 [__main__] INFO — Paper updater complete — 4 trade(s) closed

==================================================
PAPER TRADING SUMMARY  (13 closed, 4 open, 9 expired, 20 superseded)
==================================================
  Win rate (wins + profitable time stops/earnings/confidence exits): 30.8%
  Target hits:        0
  Stops:              7
  Time stops:         5  (+4 profitable)
  Earnings exits:     1  (+0 profitable)
  Confidence early exits: 0  (+0 profitable)
  Avg R:R on wins:    0.00R
  Closed but never funded (sized to 0 units): 2  (LLY, MU) — real directional result, no capital at risk, excluded from win rate
  Expired (never filled): 9
  Superseded (pending, replaced by a newer signal): 20  (NVDA, QCOM, ABT, NVDA, QCOM, GILD, BMY, NVDA, GILD, BMY, PFE, BMY, VRTX, GILD, GILD, MRK, TSM, MU, TSM, TSM)
    -> entry-zone opportunity cost: 9 resolved (0 still pending), hypothetical win rate 0.0%, avg -1.10R if filled immediately at signal time
  Open trades:        4
  Open unrealized P&L: $+926.62  (2 marked position(s))
==================================================

[threshold] Closed 1 trade(s) this run.

==================================================
PAPER TRADING SUMMARY  (8 closed, 24 open, 11 expired, 77 superseded)
==================================================
  Win rate (wins + profitable time stops/earnings/confidence exits): 0.0%
  Target hits:        0
  Stops:              5
  Time stops:         3  (+0 profitable)
  Earnings exits:     0  (+0 profitable)
  Confidence early exits: 0  (+0 profitable)
  Avg R:R on wins:    0.00R
  Expired (never filled): 11
  Superseded (pending, replaced by a newer signal): 77  (MU, QCOM, ABBV, AMGN, AMZN, SBUX, QCOM, UMBF, KEY, AMZN, TGT, MU, QCOM, UMBF, KEY, JNJ, AMZN, SBUX, MU, UMBF, JNJ, AMZN, TGT, MU, TSM, BMY, AMZN, MU, TSM, ZION, JNJ, MRK, TGT, MU, TXN, HBAN, JNJ, MRK, MU, TXN, TFC, UMBF, JNJ, AMZN, TGT, MU, UMBF, JNJ, BMY, TGT, AMZN, MU, ADI, UMBF, ONB, ABBV, TGT, MU, MTB, BMY, JNJ, BKNG, TGT, MU, MTB, ONB, SBUX, MU, TXN, ONB, MTB, JNJ, ABBV, SBUX, TGT, JNJ, ABBV)
    -> entry-zone opportunity cost: 10 resolved (1 still pending), hypothetical win rate 0.0%, avg -1.40R if filled immediately at signal time
  Open trades:        24
  Open unrealized P&L: $+2469.37  (9 marked position(s))
==================================================

[rank] Closed 4 trade(s) this run.
2026-09-16 08:07:01,836 [__main__] INFO — 4 open paper trade(s) to check
2026-09-16 08:07:02,237 [__main__] INFO — QCOM 2026-08-29: still open after 12 trading days | mark=189.34 | $+1397.20 (+3.50R)
2026-09-16 08:07:03,035 [__main__] INFO — GILD 2026-09-03: still open after 8 trading days | mark=148.14 | $-54.56 (-0.11R)
2026-09-16 08:07:03,990 [__main__] INFO — MU 2026-09-09: entry zone ($1022.62-$1049.64) never reached within 5 trading days — expired, no capital ever at risk
2026-09-16 08:07:07,932 [__main__] INFO — TSM 2026-09-11: entry zone ($441.49-$447.09) not reached yet — order still pending
2026-09-16 08:07:08,965 [__main__] INFO — MU 2026-09-09: hypothetical (immediate-fill) outcome loss | -1.00R — entry-zone opportunity cost
2026-09-16 08:07:08,965 [__main__] INFO — 1 hypothetical (entry-zone opportunity cost) outcome(s) resolved
2026-09-16 08:07:08,968 [__main__] INFO — Paper updater complete — 1 trade(s) closed
2026-09-16 08:07:08,993 [__main__] INFO — Calibration check: status=pass weights_updated=True
2026-09-16 08:07:09,613 [__main__] INFO — 27 open paper trade(s) to check
2026-09-16 08:07:09,960 [__main__] INFO — QCOM 2026-08-29: still open after 12 trading days | mark=189.34 | $+1397.49 (+3.50R)
2026-09-16 08:07:10,957 [__main__] INFO — NKE 2026-09-01: time_stop | exit=36.36 | pnl=+4.47% | +0.67R | $+323.22 | 10d
2026-09-16 08:07:11,926 [__main__] INFO — ORLY 2026-09-02: still open after 9 trading days | mark=85.00 | $+593.35 (+1.20R)
2026-09-16 08:07:12,947 [__main__] INFO — HD 2026-09-02: still open after 9 trading days | mark=307.25 | $+475.26 (+0.97R)
2026-09-16 08:07:13,979 [__main__] INFO — LOW 2026-09-07: still open after 7 trading days | mark=196.00 | $+175.65 (+0.37R)
2026-09-16 08:07:14,987 [__main__] INFO — HBAN 2026-09-08: still open after 6 trading days | mark=16.47 | $+12.66 (+0.03R)
2026-09-16 08:07:15,927 [__main__] INFO — AMD 2026-09-09: still open after 5 trading days | mark=522.61 | $+53.37 (+0.16R)
2026-09-16 08:07:17,060 [__main__] INFO — BMY 2026-09-09: entry zone ($68.26-$69.02) never reached within 5 trading days — expired, no capital ever at risk
2026-09-16 08:07:18,734 [__main__] INFO — TMO 2026-09-09: still open after 5 trading days | mark=644.41 | $+13.99 (+0.04R)
2026-09-16 08:07:18,928 [__main__] INFO — BKNG 2026-09-09: still open after 5 trading days | mark=173.28 | $-40.11 (-0.09R)
2026-09-16 08:07:19,959 [__main__] INFO — ADI 2026-09-11: entry zone ($392.96-$398.52) not reached yet — order still pending
2026-09-16 08:07:21,164 [__main__] INFO — MU 2026-09-11: entry zone ($1029.44-$1055.36) not reached yet — order still pending
2026-09-16 08:07:22,479 [__main__] INFO — UMBF 2026-09-11: still open after 3 trading days | mark=137.86 | $-11.86 (-0.02R)
2026-09-16 08:07:22,992 [__main__] INFO — ONB 2026-09-11: entry zone ($24.83-$25.07) not reached yet — order still pending
2026-09-16 08:07:23,931 [__main__] INFO — SBUX 2026-09-11: still open after 3 trading days | mark=97.01 | $+169.37 (+0.47R)
2026-09-16 08:07:24,980 [__main__] INFO — AMZN 2026-09-11: entry zone ($268.02-$271.14) not reached yet — order still pending
2026-09-16 08:07:26,021 [__main__] INFO — TSM 2026-09-14: entry zone ($441.39-$447.19) not reached yet — order still pending
2026-09-16 08:07:26,990 [__main__] INFO — JNJ 2026-09-14: entry zone ($279.68-$282.46) not reached yet — order still pending
2026-09-16 08:07:28,035 [__main__] INFO — TGT 2026-09-14: entry zone ($169.68-$171.82) not reached yet — order still pending
2026-09-16 08:07:28,035 [__main__] WARNING — KLAC: no price data since 2026-09-16 — skipping
2026-09-16 08:07:28,035 [__main__] WARNING — TXN: no price data since 2026-09-16 — skipping
2026-09-16 08:07:28,035 [__main__] WARNING — MTB: no price data since 2026-09-16 — skipping
2026-09-16 08:07:28,035 [__main__] WARNING — RF: no price data since 2026-09-16 — skipping
2026-09-16 08:07:28,035 [__main__] WARNING — ABBV: no price data since 2026-09-16 — skipping
2026-09-16 08:07:28,035 [__main__] WARNING — PFE: no price data since 2026-09-16 — skipping
2026-09-16 08:07:28,035 [__main__] WARNING — TJX: no price data since 2026-09-16 — skipping
2026-09-16 08:07:28,035 [__main__] WARNING — TSLA: no price data since 2026-09-16 — skipping
2026-09-16 08:07:28,939 [__main__] INFO — PNFP 2026-09-01: hypothetical (immediate-fill) outcome time_stop | -0.44R — entry-zone opportunity cost
2026-09-16 08:07:29,971 [__main__] INFO — BMY 2026-09-09: hypothetical (immediate-fill) outcome loss | -1.09R — entry-zone opportunity cost
2026-09-16 08:07:29,971 [__main__] INFO — 2 hypothetical (entry-zone opportunity cost) outcome(s) resolved
2026-09-16 08:07:29,976 [__main__] INFO — Paper updater complete — 2 trade(s) closed

==================================================
PAPER TRADING SUMMARY  (13 closed, 3 open, 10 expired, 20 superseded)
==================================================
  Win rate (wins + profitable time stops/earnings/confidence exits): 30.8%
  Target hits:        0
  Stops:              7
  Time stops:         5  (+4 profitable)
  Earnings exits:     1  (+0 profitable)
  Confidence early exits: 0  (+0 profitable)
  Avg R:R on wins:    0.00R
  Closed but never funded (sized to 0 units): 2  (LLY, MU) — real directional result, no capital at risk, excluded from win rate
  Expired (never filled): 10
  Superseded (pending, replaced by a newer signal): 20  (NVDA, QCOM, ABT, NVDA, QCOM, GILD, BMY, NVDA, GILD, BMY, PFE, BMY, VRTX, GILD, GILD, MRK, TSM, MU, TSM, TSM)
    -> entry-zone opportunity cost: 10 resolved (0 still pending), hypothetical win rate 0.0%, avg -1.09R if filled immediately at signal time
  Open trades:        3
  Open unrealized P&L: $+1342.64  (2 marked position(s))
==================================================

[threshold] Closed 1 trade(s) this run.

==================================================
PAPER TRADING SUMMARY  (9 closed, 25 open, 12 expired, 82 superseded)
==================================================
  Win rate (wins + profitable time stops/earnings/confidence exits): 11.1%
  Target hits:        0
  Stops:              5
  Time stops:         4  (+1 profitable)
  Earnings exits:     0  (+0 profitable)
  Confidence early exits: 0  (+0 profitable)
  Avg R:R on wins:    0.00R
  Expired (never filled): 12
  Superseded (pending, replaced by a newer signal): 82  (MU, QCOM, ABBV, AMGN, AMZN, SBUX, QCOM, UMBF, KEY, AMZN, TGT, MU, QCOM, UMBF, KEY, JNJ, AMZN, SBUX, MU, UMBF, JNJ, AMZN, TGT, MU, TSM, BMY, AMZN, MU, TSM, ZION, JNJ, MRK, TGT, MU, TXN, HBAN, JNJ, MRK, MU, TXN, TFC, UMBF, JNJ, AMZN, TGT, MU, UMBF, JNJ, BMY, TGT, AMZN, MU, ADI, UMBF, ONB, ABBV, TGT, MU, MTB, BMY, JNJ, BKNG, TGT, MU, MTB, ONB, SBUX, MU, TXN, ONB, MTB, JNJ, ABBV, SBUX, TGT, JNJ, ABBV, TXN, MTB, RF, ABBV, TSLA)
    -> entry-zone opportunity cost: 12 resolved (0 still pending), hypothetical win rate 0.0%, avg -1.29R if filled immediately at signal time
  Open trades:        25
  Open unrealized P&L: $+2839.17  (10 marked position(s))
==================================================

[rank] Closed 2 trade(s) this run.
2026-09-17 08:07:03,799 [__main__] INFO — 3 open paper trade(s) to check
2026-09-17 08:07:05,027 [__main__] INFO — QCOM 2026-08-29: still open after 13 trading days | mark=188.62 | $+1351.84 (+3.39R)
2026-09-17 08:07:05,115 [__main__] INFO — GILD 2026-09-03: still open after 9 trading days | mark=148.12 | $-55.82 (-0.12R)
2026-09-17 08:07:06,147 [__main__] INFO — TSM 2026-09-11: entry zone ($441.49-$447.09) not reached yet — order still pending
2026-09-17 08:07:06,151 [__main__] INFO — Paper updater complete — 0 trade(s) closed
2026-09-17 08:07:07,188 [__main__] INFO — 27 open paper trade(s) to check
2026-09-17 08:07:07,782 [__main__] INFO — QCOM 2026-08-29: still open after 13 trading days | mark=188.59 | $+1349.62 (+3.38R)
2026-09-17 08:07:08,310 [__main__] INFO — ORLY 2026-09-02: time_stop | exit=84.88 | pnl=+2.97% | +1.26R | $+622.06 | 10d
2026-09-17 08:07:09,395 [__main__] INFO — HD 2026-09-02: still open after 10 trading days | mark=305.08 | $+569.14 (+1.16R)
2026-09-17 08:07:10,344 [__main__] INFO — LOW 2026-09-07: still open after 8 trading days | mark=195.42 | $+201.13 (+0.43R)
2026-09-17 08:07:11,344 [__main__] INFO — HBAN 2026-09-08: still open after 7 trading days | mark=15.76 | $+611.74 (+1.25R)
2026-09-17 08:07:12,318 [__main__] INFO — AMD 2026-09-09: still open after 6 trading days | mark=543.61 | $+206.34 (+0.61R)
2026-09-17 08:07:13,333 [__main__] INFO — TMO 2026-09-09: still open after 6 trading days | mark=653.92 | $+111.12 (+0.34R)
2026-09-17 08:07:14,315 [__main__] INFO — BKNG 2026-09-09: still open after 6 trading days | mark=169.32 | $+55.90 (+0.13R)
2026-09-17 08:07:15,323 [__main__] INFO — ADI 2026-09-11: entry zone ($392.96-$398.52) not reached yet — order still pending
2026-09-17 08:07:16,538 [__main__] INFO — MU 2026-09-11: entry zone ($1029.44-$1055.36) not reached yet — order still pending
2026-09-17 08:07:17,357 [__main__] INFO — UMBF 2026-09-11: still open after 4 trading days | mark=134.06 | $+632.03 (+1.30R)
2026-09-17 08:07:18,975 [__main__] INFO — ONB 2026-09-11: loss | exit=25.85 | pnl=-3.11% | -1.28R | $-629.00 | 1d
2026-09-17 08:07:19,569 [__main__] INFO — SBUX 2026-09-11: still open after 4 trading days | mark=96.79 | $+190.84 (+0.53R)
2026-09-17 08:07:20,600 [__main__] INFO — AMZN 2026-09-11: entry zone ($268.02-$271.14) not reached yet — order still pending
2026-09-17 08:07:21,573 [__main__] INFO — TSM 2026-09-14: entry zone ($441.39-$447.19) not reached yet — order still pending
2026-09-17 08:07:22,562 [__main__] INFO — TGT 2026-09-14: entry zone ($169.68-$171.82) not reached yet — order still pending
2026-09-17 08:07:24,121 [__main__] INFO — RF 2026-09-15: still open after 2 trading days | mark=28.59 | $+674.40 (+1.45R)
2026-09-17 08:07:24,542 [__main__] INFO — ABBV 2026-09-15: entry zone ($265.48-$268.46) not reached yet — order still pending
2026-09-17 08:07:27,437 [__main__] INFO — TJX 2026-09-15: still open after 2 trading days | mark=124.43 | $+69.12 (+0.17R)
2026-09-17 08:07:27,437 [__main__] WARNING — KLAC: no price data since 2026-09-17 — skipping
2026-09-17 08:07:27,437 [__main__] WARNING — TXN: no price data since 2026-09-17 — skipping
2026-09-17 08:07:27,437 [__main__] WARNING — MTB: no price data since 2026-09-17 — skipping
2026-09-17 08:07:27,437 [__main__] WARNING — ZION: no price data since 2026-09-17 — skipping
2026-09-17 08:07:27,437 [__main__] WARNING — JNJ: no price data since 2026-09-17 — skipping
2026-09-17 08:07:27,437 [__main__] WARNING — PFE: no price data since 2026-09-17 — skipping
2026-09-17 08:07:27,437 [__main__] WARNING — NKE: no price data since 2026-09-17 — skipping
2026-09-17 08:07:27,437 [__main__] WARNING — TSLA: no price data since 2026-09-17 — skipping
2026-09-17 08:07:27,442 [__main__] INFO — Paper updater complete — 2 trade(s) closed

==================================================
PAPER TRADING SUMMARY  (13 closed, 3 open, 10 expired, 20 superseded)
==================================================
  Win rate (wins + profitable time stops/earnings/confidence exits): 30.8%
  Target hits:        0
  Stops:              7
  Time stops:         5  (+4 profitable)
  Earnings exits:     1  (+0 profitable)
  Confidence early exits: 0  (+0 profitable)
  Avg R:R on wins:    0.00R
  Closed but never funded (sized to 0 units): 2  (LLY, MU) — real directional result, no capital at risk, excluded from win rate
  Expired (never filled): 10
  Superseded (pending, replaced by a newer signal): 20  (NVDA, QCOM, ABT, NVDA, QCOM, GILD, BMY, NVDA, GILD, BMY, PFE, BMY, VRTX, GILD, GILD, MRK, TSM, MU, TSM, TSM)
    -> entry-zone opportunity cost: 10 resolved (0 still pending), hypothetical win rate 0.0%, avg -1.09R if filled immediately at signal time
  Open trades:        3
  Open unrealized P&L: $+1296.02  (2 marked position(s))
==================================================

[threshold] Closed 0 trade(s) this run.

==================================================
PAPER TRADING SUMMARY  (11 closed, 25 open, 12 expired, 88 superseded)
==================================================
  Win rate (wins + profitable time stops/earnings/confidence exits): 18.2%
  Target hits:        0
  Stops:              6
  Time stops:         5  (+2 profitable)
  Earnings exits:     0  (+0 profitable)
  Confidence early exits: 0  (+0 profitable)
  Avg R:R on wins:    0.00R
  Expired (never filled): 12
  Superseded (pending, replaced by a newer signal): 88  (MU, QCOM, ABBV, AMGN, AMZN, SBUX, QCOM, UMBF, KEY, AMZN, TGT, MU, QCOM, UMBF, KEY, JNJ, AMZN, SBUX, MU, UMBF, JNJ, AMZN, TGT, MU, TSM, BMY, AMZN, MU, TSM, ZION, JNJ, MRK, TGT, MU, TXN, HBAN, JNJ, MRK, MU, TXN, TFC, UMBF, JNJ, AMZN, TGT, MU, UMBF, JNJ, BMY, TGT, AMZN, MU, ADI, UMBF, ONB, ABBV, TGT, MU, MTB, BMY, JNJ, BKNG, TGT, MU, MTB, ONB, SBUX, MU, TXN, ONB, MTB, JNJ, ABBV, SBUX, TGT, JNJ, ABBV, TXN, MTB, RF, JNJ, ABBV, TSLA, KLAC, TXN, MTB, PFE, TSLA)
    -> entry-zone opportunity cost: 12 resolved (0 still pending), hypothetical win rate 0.0%, avg -1.29R if filled immediately at signal time
  Open trades:        25
  Open unrealized P&L: $+4671.38  (11 marked position(s))
==================================================

[rank] Closed 2 trade(s) this run.
2026-09-18 08:07:02,358 [__main__] INFO — 3 open paper trade(s) to check
2026-09-18 08:07:02,681 [__main__] INFO — QCOM 2026-08-29: still open after 14 trading days | mark=180.58 | $+841.89 (+2.11R)
2026-09-18 08:07:03,498 [__main__] INFO — GILD 2026-09-03: time_stop | exit=150.36 | pnl=+0.91% | +0.18R | $+84.67 | 10d
2026-09-18 08:07:04,080 [__main__] INFO — TSM: signal is from today — no bars possible yet, skipping
2026-09-18 08:07:04,083 [__main__] INFO — Paper updater complete — 1 trade(s) closed
2026-09-18 08:07:04,116 [__main__] INFO — Calibration check: status=pass weights_updated=True
2026-09-18 08:07:04,566 [__main__] INFO — 28 open paper trade(s) to check
2026-09-18 08:07:04,716 [__main__] INFO — QCOM 2026-08-29: still open after 14 trading days | mark=180.60 | $+843.00 (+2.11R)
2026-09-18 08:07:05,828 [__main__] INFO — HD 2026-09-02: still open after 11 trading days | mark=301.26 | $+734.99 (+1.50R)
2026-09-18 08:07:06,753 [__main__] INFO — LOW 2026-09-07: still open after 9 trading days | mark=192.99 | $+307.84 (+0.66R)
2026-09-18 08:07:07,789 [__main__] INFO — HBAN 2026-09-08: still open after 8 trading days | mark=15.88 | $+510.48 (+1.04R)
2026-09-18 08:07:08,706 [__main__] INFO — AMD 2026-09-09: still open after 7 trading days | mark=543.27 | $+203.89 (+0.60R)
2026-09-18 08:07:09,729 [__main__] INFO — TMO 2026-09-09: still open after 7 trading days | mark=655.16 | $+123.75 (+0.38R)
2026-09-18 08:07:10,688 [__main__] INFO — BKNG 2026-09-09: still open after 7 trading days | mark=169.46 | $+52.50 (+0.12R)
2026-09-18 08:07:11,732 [__main__] INFO — ADI 2026-09-11: entry zone ($392.96-$398.52) never reached within 5 trading days — expired, no capital ever at risk
2026-09-18 08:07:12,916 [__main__] INFO — MU 2026-09-11: entry zone ($1029.44-$1055.36) never reached within 5 trading days — expired, no capital ever at risk
2026-09-18 08:07:13,753 [__main__] INFO — UMBF 2026-09-11: still open after 5 trading days | mark=134.38 | $+577.80 (+1.19R)
2026-09-18 08:07:14,698 [__main__] INFO — SBUX 2026-09-11: still open after 5 trading days | mark=96.49 | $+219.47 (+0.61R)
2026-09-18 08:07:15,701 [__main__] INFO — AMZN 2026-09-11: entry zone ($268.02-$271.14) never reached within 5 trading days — expired, no capital ever at risk
2026-09-18 08:07:16,729 [__main__] INFO — RF 2026-09-15: still open after 3 trading days | mark=28.42 | $+813.50 (+1.75R)
2026-09-18 08:07:17,719 [__main__] INFO — TJX 2026-09-15: loss | exit=128.09 | pnl=-2.51% | -1.00R | $-417.36 | 3d
2026-09-18 08:07:19,177 [__main__] INFO — KLAC 2026-09-16: still open after 2 trading days | mark=172.73 | $-117.54 (-0.27R)
2026-09-18 08:07:19,730 [__main__] INFO — TXN 2026-09-16: entry zone ($245.94-$250.32) not reached yet — order still pending
2026-09-18 08:07:21,136 [__main__] INFO — ZION 2026-09-16: still open after 2 trading days | mark=65.30 | $+149.65 (+0.30R)
2026-09-18 08:07:21,741 [__main__] INFO — JNJ 2026-09-16: entry zone ($279.72-$282.42) not reached yet — order still pending
2026-09-18 08:07:23,204 [__main__] INFO — NKE 2026-09-16: still open after 2 trading days | mark=36.22 | $-49.38 (-0.10R)
2026-09-18 08:07:23,694 [__main__] INFO — TSLA 2026-09-16: entry zone ($380.73-$387.35) not reached yet — order still pending
2026-09-18 08:07:23,694 [__main__] WARNING — TSM: no price data since 2026-09-18 — skipping
2026-09-18 08:07:23,694 [__main__] WARNING — NVDA: no price data since 2026-09-18 — skipping
2026-09-18 08:07:23,694 [__main__] WARNING — CFR: no price data since 2026-09-18 — skipping
2026-09-18 08:07:23,694 [__main__] WARNING — MTB: no price data since 2026-09-18 — skipping
2026-09-18 08:07:23,694 [__main__] WARNING — PFE: no price data since 2026-09-18 — skipping
2026-09-18 08:07:23,694 [__main__] WARNING — ABBV: no price data since 2026-09-18 — skipping
2026-09-18 08:07:23,694 [__main__] WARNING — ORLY: no price data since 2026-09-18 — skipping
2026-09-18 08:07:23,694 [__main__] WARNING — TGT: no price data since 2026-09-18 — skipping
2026-09-18 08:07:24,711 [__main__] INFO — ADI 2026-09-11: hypothetical (immediate-fill) outcome loss | -1.87R — entry-zone opportunity cost
2026-09-18 08:07:25,723 [__main__] INFO — MU 2026-09-11: hypothetical (immediate-fill) outcome loss | -2.01R — entry-zone opportunity cost
2026-09-18 08:07:26,682 [__main__] INFO — AMZN 2026-09-11: hypothetical (immediate-fill) outcome loss | -1.17R — entry-zone opportunity cost
2026-09-18 08:07:26,682 [__main__] INFO — 3 hypothetical (entry-zone opportunity cost) outcome(s) resolved
2026-09-18 08:07:26,686 [__main__] INFO — Paper updater complete — 4 trade(s) closed

==================================================
PAPER TRADING SUMMARY  (14 closed, 2 open, 10 expired, 22 superseded)
==================================================
  Win rate (wins + profitable time stops/earnings/confidence exits): 35.7%
  Target hits:        0
  Stops:              7
  Time stops:         6  (+5 profitable)
  Earnings exits:     1  (+0 profitable)
  Confidence early exits: 0  (+0 profitable)
  Avg R:R on wins:    0.00R
  Closed but never funded (sized to 0 units): 2  (LLY, MU) — real directional result, no capital at risk, excluded from win rate
  Expired (never filled): 10
  Superseded (pending, replaced by a newer signal): 22  (NVDA, QCOM, ABT, NVDA, QCOM, GILD, BMY, NVDA, GILD, BMY, PFE, BMY, VRTX, GILD, GILD, MRK, TSM, MU, TSM, TSM, TSM, TSM)
    -> entry-zone opportunity cost: 10 resolved (0 still pending), hypothetical win rate 0.0%, avg -1.09R if filled immediately at signal time
  Open trades:        2
  Open unrealized P&L: $+841.89  (1 marked position(s))
==================================================

[threshold] Closed 1 trade(s) this run.

==================================================
PAPER TRADING SUMMARY  (12 closed, 24 open, 15 expired, 93 superseded)
==================================================
  Win rate (wins + profitable time stops/earnings/confidence exits): 16.7%
  Target hits:        0
  Stops:              7
  Time stops:         5  (+2 profitable)
  Earnings exits:     0  (+0 profitable)
  Confidence early exits: 0  (+0 profitable)
  Avg R:R on wins:    0.00R
  Expired (never filled): 15
  Superseded (pending, replaced by a newer signal): 93  (MU, QCOM, ABBV, AMGN, AMZN, SBUX, QCOM, UMBF, KEY, AMZN, TGT, MU, QCOM, UMBF, KEY, JNJ, AMZN, SBUX, MU, UMBF, JNJ, AMZN, TGT, MU, TSM, BMY, AMZN, MU, TSM, ZION, JNJ, MRK, TGT, MU, TXN, HBAN, JNJ, MRK, MU, TXN, TFC, UMBF, JNJ, AMZN, TGT, MU, UMBF, JNJ, BMY, TGT, AMZN, MU, ADI, UMBF, ONB, ABBV, TGT, MU, MTB, BMY, JNJ, BKNG, TGT, MU, MTB, ONB, SBUX, MU, TXN, ONB, MTB, JNJ, ABBV, SBUX, TGT, JNJ, ABBV, TXN, TSM, MTB, RF, JNJ, ABBV, TGT, TSLA, KLAC, TXN, MTB, ABBV, PFE, TSLA, MTB, PFE)
    -> entry-zone opportunity cost: 15 resolved (0 still pending), hypothetical win rate 0.0%, avg -1.37R if filled immediately at signal time
  Open trades:        24
  Open unrealized P&L: $+4369.95  (13 marked position(s))
==================================================

[rank] Closed 4 trade(s) this run.
2026-09-21 08:07:02,040 [__main__] INFO — 6 open paper trade(s) to check
2026-09-21 08:07:02,413 [__main__] INFO — QCOM 2026-08-29: time_stop | exit=188.59 | pnl=+12.72% | +3.38R | $+1349.81 | 15d
2026-09-21 08:07:02,876 [__main__] INFO — NVDA: signal is from today — no bars possible yet, skipping
2026-09-21 08:07:02,876 [__main__] INFO — TSM: signal is from today — no bars possible yet, skipping
2026-09-21 08:07:02,876 [__main__] INFO — MU: signal is from today — no bars possible yet, skipping
2026-09-21 08:07:02,876 [__main__] INFO — TXN: signal is from today — no bars possible yet, skipping
2026-09-21 08:07:02,876 [__main__] INFO — ADI: signal is from today — no bars possible yet, skipping
2026-09-21 08:07:02,879 [__main__] INFO — Paper updater complete — 1 trade(s) closed
2026-09-21 08:07:02,904 [__main__] INFO — Calibration check: status=pass weights_updated=True
2026-09-21 08:07:03,425 [__main__] INFO — 26 open paper trade(s) to check
2026-09-21 08:07:03,568 [__main__] INFO — QCOM 2026-08-29: time_stop | exit=188.59 | pnl=+12.72% | +3.38R | $+1349.81 | 15d
2026-09-21 08:07:04,639 [__main__] INFO — HD 2026-09-02: still open after 12 trading days | mark=297.22 | $+910.18 (+1.86R)
2026-09-21 08:07:05,580 [__main__] INFO — LOW 2026-09-07: still open after 10 trading days | mark=190.74 | $+406.65 (+0.87R)
2026-09-21 08:07:06,631 [__main__] INFO — HBAN 2026-09-08: still open after 9 trading days | mark=15.94 | $+451.42 (+0.92R)
2026-09-21 08:07:07,527 [__main__] INFO — AMD 2026-09-09: still open after 8 trading days | mark=613.75 | $+717.49 (+2.12R)
2026-09-21 08:07:08,569 [__main__] INFO — TMO 2026-09-09: still open after 8 trading days | mark=655.73 | $+129.54 (+0.40R)
2026-09-21 08:07:09,548 [__main__] INFO — BKNG 2026-09-09: still open after 8 trading days | mark=168.58 | $+73.84 (+0.17R)
2026-09-21 08:07:10,579 [__main__] INFO — UMBF 2026-09-11: still open after 6 trading days | mark=134.02 | $+638.80 (+1.32R)
2026-09-21 08:07:11,549 [__main__] INFO — SBUX 2026-09-11: still open after 6 trading days | mark=94.36 | $+422.71 (+1.18R)
2026-09-21 08:07:12,582 [__main__] INFO — RF 2026-09-15: still open after 4 trading days | mark=28.55 | $+712.33 (+1.54R)
2026-09-21 08:07:13,563 [__main__] INFO — KLAC 2026-09-16: still open after 3 trading days | mark=181.38 | $-337.50 (-0.76R)
2026-09-21 08:07:14,583 [__main__] INFO — TXN 2026-09-16: entry zone ($245.94-$250.32) not reached yet — order still pending
2026-09-21 08:07:15,572 [__main__] INFO — ZION 2026-09-16: still open after 3 trading days | mark=64.58 | $+338.68 (+0.69R)
2026-09-21 08:07:16,570 [__main__] INFO — NKE 2026-09-16: still open after 3 trading days | mark=35.53 | $+125.36 (+0.26R)
2026-09-21 08:07:17,758 [__main__] INFO — TSLA 2026-09-16: entry zone ($380.73-$387.35) not reached yet — order still pending
2026-09-21 08:07:18,623 [__main__] INFO — NVDA 2026-09-17: entry zone ($232.86-$236.13) not reached yet — order still pending
2026-09-21 08:07:19,582 [__main__] INFO — PFE 2026-09-17: entry zone ($29.08-$29.34) not reached yet — order still pending
2026-09-21 08:07:21,028 [__main__] INFO — ABBV 2026-09-17: still open after 2 trading days | mark=265.30 | $-11.39 (-0.02R)
2026-09-21 08:07:21,966 [__main__] INFO — TSM 2026-09-18: still open after 1 trading days | mark=440.21 | $-23.20 (-0.05R)
2026-09-21 08:07:22,557 [__main__] INFO — ADI 2026-09-18: entry zone ($380.93-$386.63) not reached yet — order still pending
2026-09-21 08:07:23,567 [__main__] INFO — CFR 2026-09-18: entry zone ($156.77-$158.33) not reached yet — order still pending
2026-09-21 08:07:24,574 [__main__] INFO — MTB 2026-09-18: entry zone ($221.73-$224.05) not reached yet — order still pending
2026-09-21 08:07:26,003 [__main__] INFO — GILD 2026-09-18: still open after 1 trading days | mark=151.46 | $+41.90 (+0.14R)
2026-09-21 08:07:26,606 [__main__] INFO — JNJ 2026-09-18: entry zone ($279.76-$282.38) not reached yet — order still pending
2026-09-21 08:07:27,991 [__main__] INFO — ORLY 2026-09-18: still open after 1 trading days | mark=83.13 | $+116.07 (+0.25R)
2026-09-21 08:07:28,575 [__main__] INFO — TGT 2026-09-18: entry zone ($169.70-$171.80) not reached yet — order still pending
2026-09-21 08:07:28,580 [__main__] INFO — Paper updater complete — 1 trade(s) closed

==================================================
PAPER TRADING SUMMARY  (15 closed, 5 open, 10 expired, 26 superseded)
==================================================
  Win rate (wins + profitable time stops/earnings/confidence exits): 40.0%
  Target hits:        0
  Stops:              7
  Time stops:         7  (+6 profitable)
  Earnings exits:     1  (+0 profitable)
  Confidence early exits: 0  (+0 profitable)
  Avg R:R on wins:    0.00R
  Closed but never funded (sized to 0 units): 2  (LLY, MU) — real directional result, no capital at risk, excluded from win rate
  Expired (never filled): 10
  Superseded (pending, replaced by a newer signal): 26  (NVDA, QCOM, ABT, NVDA, QCOM, GILD, BMY, NVDA, GILD, BMY, PFE, BMY, VRTX, GILD, GILD, MRK, TSM, MU, TSM, TSM, TSM, TSM, TSM, NVDA, MU, ADI)
    -> entry-zone opportunity cost: 10 resolved (0 still pending), hypothetical win rate 0.0%, avg -1.09R if filled immediately at signal time
  Open trades:        5
==================================================

[threshold] Closed 1 trade(s) this run.

==================================================
PAPER TRADING SUMMARY  (13 closed, 25 open, 15 expired, 99 superseded)
==================================================
  Win rate (wins + profitable time stops/earnings/confidence exits): 23.1%
  Target hits:        0
  Stops:              7
  Time stops:         6  (+3 profitable)
  Earnings exits:     0  (+0 profitable)
  Confidence early exits: 0  (+0 profitable)
  Avg R:R on wins:    0.00R
  Expired (never filled): 15
  Superseded (pending, replaced by a newer signal): 99  (MU, QCOM, ABBV, AMGN, AMZN, SBUX, QCOM, UMBF, KEY, AMZN, TGT, MU, QCOM, UMBF, KEY, JNJ, AMZN, SBUX, MU, UMBF, JNJ, AMZN, TGT, MU, TSM, BMY, AMZN, MU, TSM, ZION, JNJ, MRK, TGT, MU, TXN, HBAN, JNJ, MRK, MU, TXN, TFC, UMBF, JNJ, AMZN, TGT, MU, UMBF, JNJ, BMY, TGT, AMZN, MU, ADI, UMBF, ONB, ABBV, TGT, MU, MTB, BMY, JNJ, BKNG, TGT, MU, MTB, ONB, SBUX, MU, TXN, ONB, MTB, JNJ, ABBV, SBUX, TGT, JNJ, ABBV, TXN, TSM, MTB, RF, JNJ, ABBV, TGT, TSLA, KLAC, TXN, MTB, ABBV, PFE, TSLA, MTB, JNJ, PFE, TSM, CFR, MTB, ORLY, TGT)
    -> entry-zone opportunity cost: 15 resolved (0 still pending), hypothetical win rate 0.0%, avg -1.37R if filled immediately at signal time
  Open trades:        25
  Open unrealized P&L: $+4712.88  (16 marked position(s))
==================================================

[rank] Closed 1 trade(s) this run.
2026-09-22 08:07:02,227 [__main__] INFO — 8 open paper trade(s) to check
2026-09-22 08:07:02,252 [__main__] WARNING — TSM: no price data since 2026-09-22 — skipping
2026-09-22 08:07:02,252 [__main__] WARNING — MU: no price data since 2026-09-22 — skipping
2026-09-22 08:07:02,252 [__main__] WARNING — TXN: no price data since 2026-09-22 — skipping
2026-09-22 08:07:02,252 [__main__] WARNING — ADI: no price data since 2026-09-22 — skipping
2026-09-22 08:07:02,252 [__main__] WARNING — AMD: no price data since 2026-09-22 — skipping
2026-09-22 08:07:02,252 [__main__] WARNING — PFE: no price data since 2026-09-22 — skipping
2026-09-22 08:07:02,252 [__main__] INFO — NVDA: signal is from today — no bars possible yet, skipping
2026-09-22 08:07:02,252 [__main__] INFO — QCOM: signal is from today — no bars possible yet, skipping
2026-09-22 08:07:02,256 [__main__] INFO — Paper updater complete — 0 trade(s) closed
2026-09-22 08:07:02,743 [__main__] INFO — 28 open paper trade(s) to check
2026-09-22 08:07:03,175 [__main__] INFO — HD 2026-09-02: still open after 13 trading days | mark=300.70 | $+759.07 (+1.55R)
2026-09-22 08:07:03,881 [__main__] INFO — LOW 2026-09-07: time_stop | exit=193.84 | pnl=+3.08% | +0.58R | $+270.51 | 10d
2026-09-22 08:07:04,963 [__main__] INFO — HBAN 2026-09-08: still open after 10 trading days | mark=15.71 | $+649.71 (+1.33R)
2026-09-22 08:07:05,851 [__main__] INFO — AMD 2026-09-09: still open after 9 trading days | mark=617.38 | $+743.94 (+2.20R)
2026-09-22 08:07:06,882 [__main__] INFO — TMO 2026-09-09: still open after 9 trading days | mark=659.45 | $+167.52 (+0.52R)
2026-09-22 08:07:07,863 [__main__] INFO — BKNG 2026-09-09: still open after 9 trading days | mark=163.12 | $+206.33 (+0.48R)
2026-09-22 08:07:08,967 [__main__] INFO — UMBF 2026-09-11: still open after 7 trading days | mark=133.62 | $+707.43 (+1.46R)
2026-09-22 08:07:09,884 [__main__] INFO — SBUX 2026-09-11: still open after 7 trading days | mark=95.35 | $+328.72 (+0.92R)
2026-09-22 08:07:10,906 [__main__] INFO — RF 2026-09-15: still open after 5 trading days | mark=27.99 | $+1184.41 (+2.55R)
2026-09-22 08:07:11,872 [__main__] INFO — KLAC 2026-09-16: loss | exit=185.50 | pnl=-10.35% | -1.00R | $-442.20 | 3d
2026-09-22 08:07:13,008 [__main__] INFO — TXN 2026-09-16: entry zone ($245.94-$250.32) not reached yet — order still pending
2026-09-22 08:07:13,904 [__main__] INFO — ZION 2026-09-16: still open after 4 trading days | mark=64.01 | $+488.32 (+0.99R)
2026-09-22 08:07:14,968 [__main__] INFO — NKE 2026-09-16: still open after 4 trading days | mark=36.24 | $-56.98 (-0.12R)
2026-09-22 08:07:15,875 [__main__] INFO — ABBV 2026-09-17: still open after 3 trading days | mark=265.97 | $+17.20 (+0.04R)
2026-09-22 08:07:16,904 [__main__] INFO — TSM 2026-09-18: still open after 2 trading days | mark=446.11 | $+208.77 (+0.47R)
2026-09-22 08:07:18,498 [__main__] INFO — ADI 2026-09-18: still open after 2 trading days | mark=384.67 | $+131.63 (+0.33R)
2026-09-22 08:07:18,884 [__main__] INFO — GILD 2026-09-18: still open after 2 trading days | mark=151.74 | $+59.76 (+0.20R)
2026-09-22 08:07:19,937 [__main__] INFO — JNJ 2026-09-18: entry zone ($279.76-$282.38) not reached yet — order still pending
2026-09-22 08:07:20,903 [__main__] INFO — ORLY 2026-09-18: loss | exit=86.35 | pnl=-3.07% | -1.00R | $-458.92 | 2d
2026-09-22 08:07:21,895 [__main__] INFO — TGT 2026-09-18: entry zone ($169.70-$171.80) not reached yet — order still pending
2026-09-22 08:07:21,895 [__main__] WARNING — QCOM: no price data since 2026-09-22 — skipping
2026-09-22 08:07:21,896 [__main__] WARNING — NVDA: no price data since 2026-09-22 — skipping
2026-09-22 08:07:21,896 [__main__] WARNING — CFR: no price data since 2026-09-22 — skipping
2026-09-22 08:07:21,896 [__main__] WARNING — MTB: no price data since 2026-09-22 — skipping
2026-09-22 08:07:21,896 [__main__] WARNING — PFE: no price data since 2026-09-22 — skipping
2026-09-22 08:07:21,896 [__main__] WARNING — LLY: no price data since 2026-09-22 — skipping
2026-09-22 08:07:21,896 [__main__] WARNING — AMZN: no price data since 2026-09-22 — skipping
2026-09-22 08:07:21,896 [__main__] WARNING — TSLA: no price data since 2026-09-22 — skipping
2026-09-22 08:07:21,902 [__main__] INFO — Paper updater complete — 3 trade(s) closed

==================================================
PAPER TRADING SUMMARY  (15 closed, 8 open, 10 expired, 28 superseded)
==================================================
  Win rate (wins + profitable time stops/earnings/confidence exits): 40.0%
  Target hits:        0
  Stops:              7
  Time stops:         7  (+6 profitable)
  Earnings exits:     1  (+0 profitable)
  Confidence early exits: 0  (+0 profitable)
  Avg R:R on wins:    0.00R
  Closed but never funded (sized to 0 units): 2  (LLY, MU) — real directional result, no capital at risk, excluded from win rate
  Expired (never filled): 10
  Superseded (pending, replaced by a newer signal): 28  (NVDA, QCOM, ABT, NVDA, QCOM, GILD, BMY, NVDA, GILD, BMY, PFE, BMY, VRTX, GILD, GILD, MRK, TSM, MU, TSM, TSM, TSM, TSM, TSM, NVDA, MU, ADI, NVDA, QCOM)
    -> entry-zone opportunity cost: 10 resolved (0 still pending), hypothetical win rate 0.0%, avg -1.09R if filled immediately at signal time
  Open trades:        8
==================================================

[threshold] Closed 0 trade(s) this run.

==================================================
PAPER TRADING SUMMARY  (16 closed, 25 open, 15 expired, 104 superseded)
==================================================
  Win rate (wins + profitable time stops/earnings/confidence exits): 25.0%
  Target hits:        0
  Stops:              9
  Time stops:         7  (+4 profitable)
  Earnings exits:     0  (+0 profitable)
  Confidence early exits: 0  (+0 profitable)
  Avg R:R on wins:    0.00R
  Expired (never filled): 15
  Superseded (pending, replaced by a newer signal): 104  (MU, QCOM, ABBV, AMGN, AMZN, SBUX, QCOM, UMBF, KEY, AMZN, TGT, MU, QCOM, UMBF, KEY, JNJ, AMZN, SBUX, MU, UMBF, JNJ, AMZN, TGT, MU, TSM, BMY, AMZN, MU, TSM, ZION, JNJ, MRK, TGT, MU, TXN, HBAN, JNJ, MRK, MU, TXN, TFC, UMBF, JNJ, AMZN, TGT, MU, UMBF, JNJ, BMY, TGT, AMZN, MU, ADI, UMBF, ONB, ABBV, TGT, MU, MTB, BMY, JNJ, BKNG, TGT, MU, MTB, ONB, SBUX, MU, TXN, ONB, MTB, JNJ, ABBV, SBUX, TGT, JNJ, ABBV, TXN, TSM, MTB, RF, JNJ, ABBV, TGT, TSLA, KLAC, TXN, MTB, ABBV, PFE, TSLA, MTB, JNJ, PFE, TSLA, TSM, NVDA, CFR, MTB, PFE, ORLY, TGT, CFR, MTB)
    -> entry-zone opportunity cost: 15 resolved (0 still pending), hypothetical win rate 0.0%, avg -1.37R if filled immediately at signal time
  Open trades:        25
  Open unrealized P&L: $+5595.83  (14 marked position(s))
==================================================

[rank] Closed 3 trade(s) this run.
2026-09-23 08:07:04,130 [__main__] INFO — 8 open paper trade(s) to check
2026-09-23 08:07:04,611 [__main__] WARNING — TXN: no price data since 2026-09-22 — skipping
2026-09-23 08:07:04,612 [__main__] WARNING — NVDA: no price data since 2026-09-23 — skipping
2026-09-23 08:07:04,612 [__main__] INFO — AMD: signal is from today — no bars possible yet, skipping
2026-09-23 08:07:04,612 [__main__] INFO — TSM: signal is from today — no bars possible yet, skipping
2026-09-23 08:07:04,612 [__main__] INFO — MU: signal is from today — no bars possible yet, skipping
2026-09-23 08:07:04,612 [__main__] INFO — ADI: signal is from today — no bars possible yet, skipping
2026-09-23 08:07:04,612 [__main__] INFO — QCOM: signal is from today — no bars possible yet, skipping
2026-09-23 08:07:04,612 [__main__] INFO — PFE: signal is from today — no bars possible yet, skipping
2026-09-23 08:07:05,284 [__main__] INFO — NVDA 2026-08-27: hypothetical (immediate-fill) outcome time_stop | -0.68R — entry-zone opportunity cost
2026-09-23 08:07:06,280 [__main__] INFO — QCOM 2026-08-27: hypothetical (immediate-fill) outcome time_stop | +1.13R — entry-zone opportunity cost
2026-09-23 08:07:07,278 [__main__] INFO — ABT 2026-08-27: hypothetical (immediate-fill) outcome loss | -1.01R — entry-zone opportunity cost
2026-09-23 08:07:08,261 [__main__] INFO — NVDA 2026-08-28: hypothetical (immediate-fill) outcome loss | -1.02R — entry-zone opportunity cost
2026-09-23 08:07:09,340 [__main__] INFO — QCOM 2026-08-28: hypothetical (immediate-fill) outcome win | +3.00R — entry-zone opportunity cost
2026-09-23 08:07:10,262 [__main__] INFO — GILD 2026-08-28: hypothetical (immediate-fill) outcome time_stop | -0.48R — entry-zone opportunity cost
2026-09-23 08:07:11,311 [__main__] INFO — BMY 2026-08-28: hypothetical (immediate-fill) outcome loss | -1.00R — entry-zone opportunity cost
2026-09-23 08:07:12,274 [__main__] INFO — NVDA 2026-08-29: hypothetical (immediate-fill) outcome loss | -1.02R — entry-zone opportunity cost
2026-09-23 08:07:13,259 [__main__] INFO — GILD 2026-08-31: hypothetical (immediate-fill) outcome time_stop | -0.39R — entry-zone opportunity cost
2026-09-23 08:07:14,311 [__main__] INFO — BMY 2026-08-31: hypothetical (immediate-fill) outcome loss | -1.00R — entry-zone opportunity cost
2026-09-23 08:07:15,304 [__main__] INFO — PFE 2026-08-31: hypothetical (immediate-fill) outcome loss | -1.00R — entry-zone opportunity cost
2026-09-23 08:07:16,303 [__main__] INFO — BMY 2026-09-01: hypothetical (immediate-fill) outcome loss | -1.00R — entry-zone opportunity cost
2026-09-23 08:07:17,263 [__main__] INFO — VRTX 2026-09-01: hypothetical (immediate-fill) outcome loss | -1.00R — entry-zone opportunity cost
2026-09-23 08:07:18,273 [__main__] INFO — GILD 2026-09-01: hypothetical (immediate-fill) outcome time_stop | -0.26R — entry-zone opportunity cost
2026-09-23 08:07:19,325 [__main__] INFO — GILD 2026-09-02: hypothetical (immediate-fill) outcome time_stop | +0.11R — entry-zone opportunity cost
2026-09-23 08:07:20,320 [__main__] INFO — MRK 2026-09-02: hypothetical (immediate-fill) outcome loss | -1.00R — entry-zone opportunity cost
2026-09-23 08:07:21,278 [__main__] INFO — TSM 2026-09-08: hypothetical (immediate-fill) outcome loss | -1.01R — entry-zone opportunity cost
2026-09-23 08:07:22,293 [__main__] INFO — MU 2026-09-08: hypothetical (immediate-fill) outcome loss | -1.00R — entry-zone opportunity cost
2026-09-23 08:07:23,285 [__main__] INFO — TSM 2026-09-09: hypothetical (immediate-fill) outcome loss | -1.00R — entry-zone opportunity cost
2026-09-23 08:07:24,263 [__main__] INFO — TSM 2026-09-10: hypothetical (immediate-fill) outcome loss | -1.00R — entry-zone opportunity cost
2026-09-23 08:07:25,264 [__main__] INFO — TSM 2026-09-11: hypothetical (immediate-fill) outcome loss | -2.10R — entry-zone opportunity cost
2026-09-23 08:07:26,264 [__main__] INFO — TSM 2026-09-17: hypothetical (immediate-fill) outcome loss | -1.00R — entry-zone opportunity cost
2026-09-23 08:07:40,310 [__main__] INFO — 22 hypothetical (never-filled opportunity cost) outcome(s) resolved
2026-09-23 08:07:40,314 [__main__] INFO — Paper updater complete — 0 trade(s) closed
2026-09-23 08:07:40,945 [__main__] INFO — 28 open paper trade(s) to check
2026-09-23 08:07:41,361 [__main__] INFO — HD 2026-09-02: still open after 12 trading days | mark=297.20 | $+911.05 (+1.86R)
2026-09-23 08:07:42,278 [__main__] INFO — HBAN 2026-09-08: still open after 9 trading days | mark=16.04 | $+371.26 (+0.76R)
2026-09-23 08:07:43,280 [__main__] INFO — AMD 2026-09-09: still open after 8 trading days | mark=615.52 | $+730.36 (+2.16R)
2026-09-23 08:07:44,301 [__main__] INFO — TMO 2026-09-09: still open after 8 trading days | mark=658.76 | $+160.47 (+0.50R)
2026-09-23 08:07:45,270 [__main__] INFO — BKNG 2026-09-09: still open after 8 trading days | mark=168.52 | $+75.29 (+0.17R)
2026-09-23 08:07:46,327 [__main__] INFO — UMBF 2026-09-11: still open after 6 trading days | mark=133.53 | $+721.83 (+1.49R)
2026-09-23 08:07:47,281 [__main__] INFO — SBUX 2026-09-11: still open after 6 trading days | mark=94.90 | $+371.18 (+1.03R)
2026-09-23 08:07:48,293 [__main__] INFO — RF 2026-09-15: still open after 4 trading days | mark=28.55 | $+708.12 (+1.53R)
2026-09-23 08:07:49,290 [__main__] INFO — TXN 2026-09-16: entry zone ($245.94-$250.32) not reached yet — order still pending
2026-09-23 08:07:50,302 [__main__] INFO — ZION 2026-09-16: still open after 3 trading days | mark=64.98 | $+233.66 (+0.48R)
2026-09-23 08:07:51,346 [__main__] INFO — NKE 2026-09-16: still open after 3 trading days | mark=36.10 | $-20.26 (-0.04R)
2026-09-23 08:07:52,326 [__main__] INFO — ABBV 2026-09-17: still open after 2 trading days | mark=264.48 | $-46.86 (-0.10R)
2026-09-23 08:07:53,273 [__main__] INFO — TSM 2026-09-18: still open after 1 trading days | mark=445.14 | $+170.64 (+0.39R)
2026-09-23 08:07:54,282 [__main__] INFO — ADI 2026-09-18: still open after 1 trading days | mark=383.00 | $+72.95 (+0.18R)
2026-09-23 08:07:55,296 [__main__] INFO — GILD 2026-09-18: still open after 1 trading days | mark=150.56 | $-16.89 (-0.06R)
2026-09-23 08:07:56,293 [__main__] INFO — TGT 2026-09-18: entry zone ($169.70-$171.80) not reached yet — order still pending
2026-09-23 08:07:57,269 [__main__] WARNING — NVDA: no price data since 2026-09-22 — skipping
2026-09-23 08:07:58,308 [__main__] WARNING — CFR: no price data since 2026-09-22 — skipping
2026-09-23 08:07:59,379 [__main__] WARNING — LLY: no price data since 2026-09-22 — skipping
2026-09-23 08:08:00,254 [__main__] WARNING — AMZN: no price data since 2026-09-22 — skipping
2026-09-23 08:08:00,254 [__main__] WARNING — QCOM: no price data since 2026-09-23 — skipping
2026-09-23 08:08:00,254 [__main__] WARNING — MU: no price data since 2026-09-23 — skipping
2026-09-23 08:08:00,254 [__main__] WARNING — FITB: no price data since 2026-09-23 — skipping
2026-09-23 08:08:00,255 [__main__] WARNING — MTB: no price data since 2026-09-23 — skipping
2026-09-23 08:08:00,255 [__main__] WARNING — PFE: no price data since 2026-09-23 — skipping
2026-09-23 08:08:00,255 [__main__] WARNING — JNJ: no price data since 2026-09-23 — skipping
2026-09-23 08:08:00,255 [__main__] WARNING — ORLY: no price data since 2026-09-23 — skipping
2026-09-23 08:08:00,255 [__main__] WARNING — TSLA: no price data since 2026-09-23 — skipping
2026-09-23 08:08:01,341 [__main__] INFO — MU 2026-08-26: hypothetical (immediate-fill) outcome loss | -1.00R — entry-zone opportunity cost
2026-09-23 08:08:02,287 [__main__] INFO — QCOM 2026-08-26: hypothetical (immediate-fill) outcome time_stop | +2.48R — entry-zone opportunity cost
2026-09-23 08:08:03,281 [__main__] INFO — ABBV 2026-08-26: hypothetical (immediate-fill) outcome loss | -1.00R — entry-zone opportunity cost
2026-09-23 08:08:04,282 [__main__] INFO — AMGN 2026-08-26: hypothetical (immediate-fill) outcome loss | -1.68R — entry-zone opportunity cost
2026-09-23 08:08:05,342 [__main__] INFO — AMZN 2026-08-26: hypothetical (immediate-fill) outcome loss | -1.82R — entry-zone opportunity cost
2026-09-23 08:08:06,287 [__main__] INFO — SBUX 2026-08-26: hypothetical (immediate-fill) outcome loss | -1.00R — entry-zone opportunity cost
2026-09-23 08:08:07,364 [__main__] INFO — QCOM 2026-08-27: hypothetical (immediate-fill) outcome time_stop | +1.13R — entry-zone opportunity cost
2026-09-23 08:08:08,303 [__main__] INFO — UMBF 2026-08-27: hypothetical (immediate-fill) outcome loss | -1.32R — entry-zone opportunity cost
2026-09-23 08:08:09,393 [__main__] INFO — KEY 2026-08-27: hypothetical (immediate-fill) outcome loss | -1.00R — entry-zone opportunity cost
2026-09-23 08:08:10,270 [__main__] INFO — AMZN 2026-08-27: hypothetical (immediate-fill) outcome loss | -1.91R — entry-zone opportunity cost
2026-09-23 08:08:11,392 [__main__] INFO — TGT 2026-08-27: hypothetical (immediate-fill) outcome loss | -1.00R — entry-zone opportunity cost
2026-09-23 08:08:12,313 [__main__] INFO — MU 2026-08-28: hypothetical (immediate-fill) outcome loss | -1.00R — entry-zone opportunity cost
2026-09-23 08:08:13,290 [__main__] INFO — QCOM 2026-08-28: hypothetical (immediate-fill) outcome time_stop | +1.48R — entry-zone opportunity cost
2026-09-23 08:08:14,293 [__main__] INFO — UMBF 2026-08-28: hypothetical (immediate-fill) outcome loss | -1.42R — entry-zone opportunity cost
2026-09-23 08:08:15,383 [__main__] INFO — KEY 2026-08-28: hypothetical (immediate-fill) outcome loss | -1.00R — entry-zone opportunity cost
2026-09-23 08:08:16,334 [__main__] INFO — JNJ 2026-08-28: hypothetical (immediate-fill) outcome time_stop | -0.72R — entry-zone opportunity cost
2026-09-23 08:08:17,341 [__main__] INFO — AMZN 2026-08-28: hypothetical (immediate-fill) outcome loss | -1.48R — entry-zone opportunity cost
2026-09-23 08:08:18,296 [__main__] INFO — SBUX 2026-08-28: hypothetical (immediate-fill) outcome loss | -1.00R — entry-zone opportunity cost
2026-09-23 08:08:19,302 [__main__] INFO — MU 2026-08-29: hypothetical (immediate-fill) outcome loss | -1.03R — entry-zone opportunity cost
2026-09-23 08:08:20,376 [__main__] INFO — UMBF 2026-08-29: hypothetical (immediate-fill) outcome loss | -1.38R — entry-zone opportunity cost
2026-09-23 08:08:21,324 [__main__] INFO — JNJ 2026-08-29: hypothetical (immediate-fill) outcome time_stop | -0.70R — entry-zone opportunity cost
2026-09-23 08:08:22,271 [__main__] INFO — AMZN 2026-08-29: hypothetical (immediate-fill) outcome loss | -1.55R — entry-zone opportunity cost
2026-09-23 08:08:23,318 [__main__] INFO — TGT 2026-08-29: hypothetical (immediate-fill) outcome loss | -1.00R — entry-zone opportunity cost
2026-09-23 08:08:24,302 [__main__] INFO — MU 2026-08-31: hypothetical (immediate-fill) outcome loss | -1.16R — entry-zone opportunity cost
2026-09-23 08:08:25,282 [__main__] INFO — TSM 2026-08-31: hypothetical (immediate-fill) outcome loss | -1.00R — entry-zone opportunity cost
2026-09-23 08:08:26,395 [__main__] INFO — BMY 2026-08-31: hypothetical (immediate-fill) outcome loss | -1.00R — entry-zone opportunity cost
2026-09-23 08:08:27,274 [__main__] INFO — AMZN 2026-08-31: hypothetical (immediate-fill) outcome loss | -2.00R — entry-zone opportunity cost
2026-09-23 08:08:28,315 [__main__] INFO — MU 2026-09-01: hypothetical (immediate-fill) outcome loss | -1.00R — entry-zone opportunity cost
2026-09-23 08:08:29,312 [__main__] INFO — TSM 2026-09-01: hypothetical (immediate-fill) outcome loss | -1.00R — entry-zone opportunity cost
2026-09-23 08:08:30,325 [__main__] INFO — ZION 2026-09-01: hypothetical (immediate-fill) outcome loss | -1.00R — entry-zone opportunity cost
2026-09-23 08:08:31,379 [__main__] INFO — JNJ 2026-09-01: hypothetical (immediate-fill) outcome loss | -1.00R — entry-zone opportunity cost
2026-09-23 08:08:32,346 [__main__] INFO — MRK 2026-09-01: hypothetical (immediate-fill) outcome loss | -1.00R — entry-zone opportunity cost
2026-09-23 08:08:33,330 [__main__] INFO — TGT 2026-09-01: hypothetical (immediate-fill) outcome loss | -1.00R — entry-zone opportunity cost
2026-09-23 08:08:34,316 [__main__] INFO — MU 2026-09-02: hypothetical (immediate-fill) outcome loss | -1.00R — entry-zone opportunity cost
2026-09-23 08:08:35,317 [__main__] INFO — TXN 2026-09-02: hypothetical (immediate-fill) outcome loss | -1.00R — entry-zone opportunity cost
2026-09-23 08:08:36,318 [__main__] INFO — HBAN 2026-09-02: hypothetical (immediate-fill) outcome time_stop | +0.70R — entry-zone opportunity cost
2026-09-23 08:08:37,338 [__main__] INFO — JNJ 2026-09-02: hypothetical (immediate-fill) outcome loss | -1.00R — entry-zone opportunity cost
2026-09-23 08:08:38,361 [__main__] INFO — MRK 2026-09-02: hypothetical (immediate-fill) outcome loss | -1.00R — entry-zone opportunity cost
2026-09-23 08:08:39,372 [__main__] INFO — MU 2026-09-03: hypothetical (immediate-fill) outcome loss | -1.60R — entry-zone opportunity cost
2026-09-23 08:08:40,330 [__main__] INFO — TXN 2026-09-03: hypothetical (immediate-fill) outcome loss | -1.00R — entry-zone opportunity cost
2026-09-23 08:08:41,320 [__main__] INFO — TFC 2026-09-03: hypothetical (immediate-fill) outcome loss | -1.00R — entry-zone opportunity cost
2026-09-23 08:08:42,329 [__main__] INFO — UMBF 2026-09-03: hypothetical (immediate-fill) outcome loss | -1.54R — entry-zone opportunity cost
2026-09-23 08:08:43,348 [__main__] INFO — JNJ 2026-09-03: hypothetical (immediate-fill) outcome loss | -1.00R — entry-zone opportunity cost
2026-09-23 08:08:44,298 [__main__] INFO — AMZN 2026-09-03: hypothetical (immediate-fill) outcome loss | -1.39R — entry-zone opportunity cost
2026-09-23 08:08:45,332 [__main__] INFO — TGT 2026-09-03: hypothetical (immediate-fill) outcome loss | -1.04R — entry-zone opportunity cost
2026-09-23 08:08:46,321 [__main__] INFO — MU 2026-09-04: hypothetical (immediate-fill) outcome loss | -1.00R — entry-zone opportunity cost
2026-09-23 08:08:47,316 [__main__] INFO — UMBF 2026-09-04: hypothetical (immediate-fill) outcome loss | -1.46R — entry-zone opportunity cost
2026-09-23 08:08:48,323 [__main__] INFO — JNJ 2026-09-04: hypothetical (immediate-fill) outcome loss | -1.00R — entry-zone opportunity cost
2026-09-23 08:08:49,346 [__main__] INFO — BMY 2026-09-04: hypothetical (immediate-fill) outcome loss | -1.00R — entry-zone opportunity cost
2026-09-23 08:08:50,314 [__main__] INFO — TGT 2026-09-04: hypothetical (immediate-fill) outcome loss | -1.00R — entry-zone opportunity cost
2026-09-23 08:08:51,283 [__main__] INFO — AMZN 2026-09-04: hypothetical (immediate-fill) outcome loss | -1.56R — entry-zone opportunity cost
2026-09-23 08:08:52,304 [__main__] INFO — MU 2026-09-07: hypothetical (immediate-fill) outcome loss | -1.00R — entry-zone opportunity cost
2026-09-23 08:08:53,301 [__main__] INFO — ADI 2026-09-07: hypothetical (immediate-fill) outcome loss | -1.14R — entry-zone opportunity cost
2026-09-23 08:08:54,315 [__main__] INFO — UMBF 2026-09-07: hypothetical (immediate-fill) outcome loss | -1.46R — entry-zone opportunity cost
2026-09-23 08:08:55,321 [__main__] INFO — ONB 2026-09-07: hypothetical (immediate-fill) outcome loss | -1.00R — entry-zone opportunity cost
2026-09-23 08:08:56,294 [__main__] INFO — ABBV 2026-09-07: hypothetical (immediate-fill) outcome loss | -1.30R — entry-zone opportunity cost
2026-09-23 08:08:57,325 [__main__] INFO — TGT 2026-09-07: hypothetical (immediate-fill) outcome loss | -1.00R — entry-zone opportunity cost
2026-09-23 08:08:58,325 [__main__] INFO — MU 2026-09-08: hypothetical (immediate-fill) outcome loss | -1.00R — entry-zone opportunity cost
2026-09-23 08:08:59,313 [__main__] INFO — MTB 2026-09-08: hypothetical (immediate-fill) outcome loss | -1.00R — entry-zone opportunity cost
2026-09-23 08:09:00,325 [__main__] INFO — BMY 2026-09-08: hypothetical (immediate-fill) outcome loss | -1.15R — entry-zone opportunity cost
2026-09-23 08:09:01,430 [__main__] INFO — JNJ 2026-09-08: hypothetical (immediate-fill) outcome loss | -1.00R — entry-zone opportunity cost
2026-09-23 08:09:03,305 [__main__] INFO — TGT 2026-09-08: hypothetical (immediate-fill) outcome loss | -1.05R — entry-zone opportunity cost
2026-09-23 08:09:04,327 [__main__] INFO — MU 2026-09-09: hypothetical (immediate-fill) outcome loss | -1.00R — entry-zone opportunity cost
2026-09-23 08:09:05,319 [__main__] INFO — MTB 2026-09-09: hypothetical (immediate-fill) outcome loss | -1.00R — entry-zone opportunity cost
2026-09-23 08:09:06,306 [__main__] INFO — ONB 2026-09-09: hypothetical (immediate-fill) outcome loss | -1.00R — entry-zone opportunity cost
2026-09-23 08:09:08,307 [__main__] INFO — MU 2026-09-10: hypothetical (immediate-fill) outcome loss | -1.00R — entry-zone opportunity cost
2026-09-23 08:09:09,326 [__main__] INFO — TXN 2026-09-10: hypothetical (immediate-fill) outcome loss | -1.00R — entry-zone opportunity cost
2026-09-23 08:09:10,317 [__main__] INFO — ONB 2026-09-10: hypothetical (immediate-fill) outcome loss | -1.11R — entry-zone opportunity cost
2026-09-23 08:09:11,321 [__main__] INFO — MTB 2026-09-10: hypothetical (immediate-fill) outcome loss | -1.13R — entry-zone opportunity cost
2026-09-23 08:09:12,350 [__main__] INFO — JNJ 2026-09-10: hypothetical (immediate-fill) outcome loss | -1.04R — entry-zone opportunity cost
2026-09-23 08:09:13,323 [__main__] INFO — ABBV 2026-09-10: hypothetical (immediate-fill) outcome loss | -1.02R — entry-zone opportunity cost
2026-09-23 08:09:15,307 [__main__] INFO — TGT 2026-09-10: hypothetical (immediate-fill) outcome loss | -1.46R — entry-zone opportunity cost
2026-09-23 08:09:16,349 [__main__] INFO — JNJ 2026-09-11: hypothetical (immediate-fill) outcome loss | -1.00R — entry-zone opportunity cost
2026-09-23 08:09:18,331 [__main__] INFO — TXN 2026-09-14: hypothetical (immediate-fill) outcome loss | -1.00R — entry-zone opportunity cost
2026-09-23 08:09:19,307 [__main__] INFO — TSM 2026-09-14: hypothetical (immediate-fill) outcome loss | -1.00R — entry-zone opportunity cost
2026-09-23 08:09:20,331 [__main__] INFO — MTB 2026-09-14: hypothetical (immediate-fill) outcome loss | -1.04R — entry-zone opportunity cost
2026-09-23 08:09:21,309 [__main__] INFO — RF 2026-09-14: hypothetical (immediate-fill) outcome loss | -1.00R — entry-zone opportunity cost
2026-09-23 08:09:22,343 [__main__] INFO — JNJ 2026-09-14: hypothetical (immediate-fill) outcome loss | -1.22R — entry-zone opportunity cost
2026-09-23 08:09:23,322 [__main__] INFO — ABBV 2026-09-14: hypothetical (immediate-fill) outcome loss | -1.00R — entry-zone opportunity cost
2026-09-23 08:09:24,320 [__main__] INFO — TGT 2026-09-14: hypothetical (immediate-fill) outcome loss | -1.24R — entry-zone opportunity cost
2026-09-23 08:09:25,289 [__main__] INFO — TSLA 2026-09-14: hypothetical (immediate-fill) outcome loss | -1.00R — entry-zone opportunity cost
2026-09-23 08:09:26,300 [__main__] INFO — KLAC 2026-09-15: hypothetical (immediate-fill) outcome loss | -1.10R — entry-zone opportunity cost
2026-09-23 08:09:27,334 [__main__] INFO — TXN 2026-09-15: hypothetical (immediate-fill) outcome loss | -1.00R — entry-zone opportunity cost
2026-09-23 08:09:30,351 [__main__] INFO — PFE 2026-09-15: hypothetical (immediate-fill) outcome loss | -1.27R — entry-zone opportunity cost
2026-09-23 08:09:33,336 [__main__] INFO — JNJ 2026-09-16: hypothetical (immediate-fill) outcome loss | -1.08R — entry-zone opportunity cost
2026-09-23 08:09:34,332 [__main__] INFO — PFE 2026-09-16: hypothetical (immediate-fill) outcome loss | -1.32R — entry-zone opportunity cost
2026-09-23 08:09:36,314 [__main__] INFO — TSM 2026-09-17: hypothetical (immediate-fill) outcome loss | -1.00R — entry-zone opportunity cost
2026-09-23 08:09:37,314 [__main__] INFO — NVDA 2026-09-17: hypothetical (immediate-fill) outcome loss | -1.03R — entry-zone opportunity cost
2026-09-23 08:09:40,346 [__main__] INFO — PFE 2026-09-17: hypothetical (immediate-fill) outcome loss | -1.34R — entry-zone opportunity cost
2026-09-23 08:09:42,335 [__main__] INFO — TGT 2026-09-17: hypothetical (immediate-fill) outcome loss | -1.12R — entry-zone opportunity cost
2026-09-23 08:09:45,410 [__main__] INFO — JNJ 2026-09-18: hypothetical (immediate-fill) outcome loss | -1.00R — entry-zone opportunity cost
2026-09-23 08:09:49,295 [__main__] INFO — 91 hypothetical (never-filled opportunity cost) outcome(s) resolved
2026-09-23 08:09:49,301 [__main__] INFO — Paper updater complete — 0 trade(s) closed

==================================================
PAPER TRADING SUMMARY  (15 closed, 8 open, 10 expired, 36 superseded)
==================================================
  Win rate (wins + profitable time stops/earnings/confidence exits): 40.0%
  Target hits:        0
  Stops:              7
  Time stops:         7  (+6 profitable)
  Earnings exits:     1  (+0 profitable)
  Confidence early exits: 0  (+0 profitable)
  Avg R:R on wins:    0.00R
  Closed but never funded (sized to 0 units): 2  (LLY, MU) — real directional result, no capital at risk, excluded from win rate
  Expired (never filled): 10
  Superseded (pending, replaced by a newer signal): 36  (NVDA, QCOM, ABT, NVDA, QCOM, GILD, BMY, NVDA, GILD, BMY, PFE, BMY, VRTX, GILD, GILD, MRK, TSM, MU, TSM, TSM, TSM, TSM, TSM, NVDA, MU, ADI, NVDA, TSM, MU, ADI, QCOM, AMD, PFE, QCOM, PFE, MU)
    -> entry-zone opportunity cost: 10 resolved (0 still pending), hypothetical win rate 0.0%, avg -1.09R if filled immediately at signal time
  Open trades:        8
==================================================

[threshold] Closed 0 trade(s) this run.

==================================================
PAPER TRADING SUMMARY  (16 closed, 28 open, 15 expired, 109 superseded)
==================================================
  Win rate (wins + profitable time stops/earnings/confidence exits): 25.0%
  Target hits:        0
  Stops:              9
  Time stops:         7  (+4 profitable)
  Earnings exits:     0  (+0 profitable)
  Confidence early exits: 0  (+0 profitable)
  Avg R:R on wins:    0.00R
  Expired (never filled): 15
  Superseded (pending, replaced by a newer signal): 109  (MU, QCOM, ABBV, AMGN, AMZN, SBUX, QCOM, UMBF, KEY, AMZN, TGT, MU, QCOM, UMBF, KEY, JNJ, AMZN, SBUX, MU, UMBF, JNJ, AMZN, TGT, MU, TSM, BMY, AMZN, MU, TSM, ZION, JNJ, MRK, TGT, MU, TXN, HBAN, JNJ, MRK, MU, TXN, TFC, UMBF, JNJ, AMZN, TGT, MU, UMBF, JNJ, BMY, TGT, AMZN, MU, ADI, UMBF, ONB, ABBV, TGT, MU, MTB, BMY, JNJ, BKNG, TGT, MU, MTB, ONB, SBUX, MU, TXN, ONB, MTB, JNJ, ABBV, SBUX, TGT, JNJ, ABBV, TXN, TSM, MTB, RF, JNJ, ABBV, TGT, TSLA, KLAC, TXN, MTB, ABBV, PFE, TSLA, MTB, JNJ, PFE, TSLA, TSM, NVDA, CFR, MTB, PFE, ORLY, TGT, CFR, MTB, JNJ, QCOM, MTB, PFE, TSLA)
    -> entry-zone opportunity cost: 15 resolved (0 still pending), hypothetical win rate 0.0%, avg -1.37R if filled immediately at signal time
  Open trades:        28
  Open unrealized P&L: $+4442.80  (14 marked position(s))
==================================================

[rank] Closed 0 trade(s) this run.
