logged_at_utc,scan_type,ticker,yf_first,yf_last,yf_bars,sa_first,sa_last,sa_bars,common_days,sa_staleness_days,close_pct_diff_last,close_pct_diff_max,close_pct_diff_mean,adj_pct_diff_last,adj_pct_diff_max,last_common_date,yf_close,sa_close,sa_adj,yf_volume,sa_volume,volume_pct_diff_last,ohlc_pct_diff_max_last,note
2026-08-31T12:39:15.806423+00:00,pre_market,ABBV,2026-03-02,2026-08-28,126,2025-08-28,2026-08-28,252,126,0,-0.0,1.5237,0.7227,25447.9996,26497.0001,2026-08-28,255.48,255.48,1.0,3224400,3224862.698204,-0.0143,0.0001,
2026-08-31T12:39:15.806423+00:00,pre_market,ABT,2026-03-02,2026-08-28,126,2025-08-28,2026-08-28,252,126,0,0.0,1.3272,0.675,11147.0001,11566.9998,2026-08-28,112.47,112.47,1.0,7545100,7545562,-0.0061,0.0,
2026-08-31T12:39:15.806423+00:00,pre_market,ADI,2026-03-02,2026-08-28,126,2025-08-28,2026-08-28,252,126,0,-0.0,0.5844,0.1412,36077.9999,44448.0011,2026-08-28,361.78,361.78,1.0,3338300,3350464.853866,-0.3631,0.0,
2026-08-31T12:39:15.806423+00:00,pre_market,AMAT,2026-03-02,2026-08-28,126,2025-08-28,2026-08-28,252,126,0,0.0,0.2309,0.157,46067.0013,72200.0018,2026-08-28,461.67,461.67,1.0,6524800,6531804,-0.1072,0.001,
2026-08-31T12:39:15.806423+00:00,pre_market,AMD,2026-03-02,2026-08-28,126,2025-08-28,2026-08-28,252,126,0,-0.0,0.0011,0.0,46457.9987,57990.9973,2026-08-28,465.58,465.58,1.0,15338800,15373949.017776,-0.2286,0.0,
2026-08-31T12:39:15.806423+00:00,pre_market,AMGN,2026-03-02,2026-08-28,126,2025-08-28,2026-08-28,252,126,0,0.0,1.3261,0.8667,43142.0013,44283.9996,2026-08-28,432.42,432.42,1.0,1739700,1739954,-0.0146,0.0,
2026-08-31T12:39:15.806423+00:00,pre_market,AMZN,2026-03-02,2026-08-28,126,2025-08-28,2026-08-28,252,126,0,-0.0,0.0,0.0,26542.9993,28301.9989,2026-08-28,266.43,266.43,1.0,49475500,49547427.328018,-0.1452,0.0,
2026-08-31T12:39:15.806423+00:00,pre_market,ASML,2026-03-02,2026-08-28,126,2025-08-28,2026-08-28,252,126,0,0.0,0.3468,0.1719,169516.0034,198843.9698,2026-08-28,1696.16,1696.16,1.0,1257700,1259364.454404,-0.1322,0.0,
2026-08-31T12:39:15.806423+00:00,pre_market,AVGO,2026-03-02,2026-08-28,126,2025-08-28,2026-08-28,252,126,0,0.0,0.367,0.1214,36779.0009,48057.0011,2026-08-28,368.79,368.79,1.0,16572500,16596066.612318,-0.142,0.0004,
2026-08-31T12:39:15.806423+00:00,pre_market,BKNG,2026-03-02,2026-08-28,126,2025-08-28,2026-08-28,252,126,0,0.0,0.4778,0.1406,20463.0005,21341.9998,2026-08-28,205.63,205.63,1.0,3591700,3591995,-0.0082,0.0,
2026-08-31T12:39:15.806423+00:00,pre_market,BMY,2026-03-02,2026-08-28,126,2025-08-28,2026-08-28,252,126,0,0.0,2.1254,0.9372,6558.0002,6691.9998,2026-08-28,66.58,66.58,1.0,5542900,5543592,-0.0125,0.0,
2026-08-31T12:39:15.806423+00:00,pre_market,CFG,2026-03-02,2026-08-28,126,2025-08-28,2026-08-28,252,126,0,-0.0,1.3548,0.769,6870.9999,7373.0003,2026-08-28,69.71,69.71,1.0,2393200,2393194.814482,0.0002,0.0,
2026-08-31T12:39:15.806423+00:00,pre_market,CFR,2026-03-02,2026-08-28,126,2025-08-28,2026-08-28,252,126,0,0.6411,0.7559,0.377,16069.0002,17017.0394,2026-08-28,161.69,160.66,1.0,382200,384643.91738,-0.6354,0.6442,
2026-08-31T12:39:15.806423+00:00,pre_market,FITB,2026-03-02,2026-08-28,126,2025-08-28,2026-08-28,252,126,0,0.0,1.5934,0.6122,5354.0001,5836.9999,2026-08-28,54.54,54.54,1.0,5617800,5618028,-0.0041,0.0092,
2026-08-31T12:39:15.806423+00:00,pre_market,GILD,2026-03-02,2026-08-28,126,2025-08-28,2026-08-28,252,126,0,-0.0,1.2139,0.4183,14467.9993,14902.9985,2026-08-28,145.68,145.68,1.0,3946900,3946913.490047,-0.0003,0.0,
2026-08-31T12:39:15.806423+00:00,pre_market,HBAN,2026-03-02,2026-08-28,126,2025-08-28,2026-08-28,252,126,0,0.0,1.8931,0.6277,1592.0,1755.9999,2026-08-28,16.92,16.92,1.0,21522600,21522601.926058,-0.0,0.0006,
2026-08-31T12:39:15.806423+00:00,pre_market,HD,2026-03-02,2026-08-28,126,2025-08-28,2026-08-28,252,126,0,0.0,1.4037,0.4318,32919.0002,36981.0001,2026-08-28,330.19,330.19,1.0,3136100,3136575.951407,-0.0152,0.0,
2026-08-31T12:39:15.806423+00:00,pre_market,ISRG,2026-03-02,2026-08-28,126,2025-08-28,2026-08-28,252,126,0,0.0,0.0014,0.0,37160.0006,50017.9993,2026-08-28,372.6,372.6,1.0,1801600,1802434.158943,-0.0463,0.0014,
2026-08-31T12:39:15.806423+00:00,pre_market,JNJ,2026-03-02,2026-08-28,126,2025-08-28,2026-08-28,252,126,0,0.0,1.0598,0.7417,26704.0009,27240.9992,2026-08-28,268.04,268.04,1.0,5765600,5766429.461249,-0.0144,0.0,
2026-08-31T12:39:15.806423+00:00,pre_market,KEY,2026-03-02,2026-08-28,126,2025-08-28,2026-08-28,252,126,0,-0.0,1.9516,0.5059,2091.0,2299.0,2026-08-28,21.91,21.91,1.0,7591500,7591558,-0.0008,0.022,
2026-08-31T12:39:15.806423+00:00,pre_market,KLAC,2026-03-02,2026-08-28,126,2025-08-28,2026-08-28,252,126,0,-0.0,0.2402,0.1585,17453.9993,30070.9985,2026-08-28,175.54,175.54,1.0,9956300,9970532.849337,-0.1427,0.0,
2026-08-31T12:39:15.806423+00:00,pre_market,LLY,2026-03-02,2026-08-28,126,2025-08-28,2026-08-28,252,126,0,-0.0,0.3147,0.2028,117360.9985,127933.9966,2026-08-28,1174.61,1174.61,1.0,2450800,2451810.083574,-0.0412,0.0,
2026-08-31T12:39:15.806423+00:00,pre_market,LOW,2026-03-02,2026-08-28,126,2025-08-28,2026-08-28,252,126,0,0.0,1.089,0.6134,20705.0003,25761.9992,2026-08-28,208.05,208.05,1.0,2791600,2791791,-0.0068,0.001,
2026-08-31T12:39:15.806423+00:00,pre_market,MCD,2026-03-02,2026-08-28,126,2025-08-28,2026-08-28,252,126,0,0.0,1.2254,0.3465,26400.0,33382.0008,2026-08-28,265.0,265,1.0,3887300,3891302.880578,-0.1029,0.0,
2026-08-31T12:39:15.806423+00:00,pre_market,MRK,2026-03-02,2026-08-28,126,2025-08-28,2026-08-28,252,126,0,0.0,1.444,0.4716,14735.0006,15544.9997,2026-08-28,148.35,148.35,1.0,8067000,8067848.171567,-0.0105,0.0015,
2026-08-31T12:39:15.806423+00:00,pre_market,MTB,2026-03-02,2026-08-28,126,2025-08-28,2026-08-28,252,126,0,-0.0,0.6941,0.3471,23628.9993,25308.9996,2026-08-28,237.29,237.29,1.0,868300,868277,0.0026,0.0,
2026-08-31T12:39:15.806423+00:00,pre_market,MU,2026-03-02,2026-08-28,126,2025-08-28,2026-08-28,252,126,0,-0.0,0.0574,0.0172,93185.9985,121256.0007,2026-08-28,932.86,932.86,1.0,22820800,22890088.27575,-0.3027,0.0,
2026-08-31T12:39:15.806423+00:00,pre_market,NKE,2026-03-02,2026-08-28,126,2025-08-28,2026-08-28,252,126,0,-0.0,0.8869,0.4435,3859.9998,6000.9997,2026-08-28,39.6,39.6,1.0,28392600,28437375.444899,-0.1575,0.0,
2026-08-31T12:39:15.806423+00:00,pre_market,NVDA,2026-03-02,2026-08-28,126,2025-08-28,2026-08-28,252,126,0,0.0,0.1218,0.0613,21655.0003,23474.0011,2026-08-28,217.55,217.55,1.0,194586600,195116417.102767,-0.2715,0.0,
2026-08-31T12:39:15.806423+00:00,pre_market,ONB,2026-03-02,2026-08-28,126,2025-08-28,2026-08-28,252,126,0,0.0,1.2172,0.3362,2485.0,2629.0001,2026-08-28,25.85,25.85,1.0,3420200,3420206.39348,-0.0002,0.0,
2026-08-31T12:39:15.806423+00:00,pre_market,ORLY,2026-03-02,2026-08-28,126,2025-08-28,2026-08-28,252,126,0,0.0,0.0,0.0,8750.0,9840.0002,2026-08-28,88.5,88.5,1.0,4704800,4704806.921315,-0.0001,0.0,
2026-08-31T12:39:15.806423+00:00,pre_market,PFE,2026-03-02,2026-08-28,126,2025-08-28,2026-08-28,252,126,0,-0.0,3.3153,1.9725,2695.9999,2757.0,2026-08-28,27.96,27.96,1.0,27175800,27183853.208826,-0.0296,0.0,
2026-08-31T12:39:15.806423+00:00,pre_market,PNFP,2026-03-02,2026-08-28,126,2025-08-28,2026-08-28,252,126,0,-0.0,0.9728,0.5818,10008.9996,10802.9999,2026-08-28,101.09,101.09,1.0,916800,916763.957498,0.0039,0.0,
2026-08-31T12:39:15.806423+00:00,pre_market,QCOM,2026-03-02,2026-08-28,126,2025-08-28,2026-08-28,252,126,0,0.0,1.0036,0.2079,16319.0002,25002.0,2026-08-28,164.19,164.19,1.0,7752100,7754515,-0.0311,0.0,
2026-08-31T12:39:15.806423+00:00,pre_market,RF,2026-03-02,2026-08-28,126,2025-08-28,2026-08-28,252,126,0,-0.0,0.9464,0.4732,2933.0,3140.0002,2026-08-28,30.33,30.33,1.0,5901900,5901893.920023,0.0001,0.0163,
2026-08-31T12:39:15.806423+00:00,pre_market,SBUX,2026-03-02,2026-08-28,126,2025-08-28,2026-08-28,252,126,0,-0.0,1.1506,0.765,10684.9998,10755.0,2026-08-28,107.85,107.85,1.0,4832200,4832834,-0.0131,0.0,
2026-08-31T12:39:15.806423+00:00,pre_market,SYK,2026-03-02,2026-08-28,126,2025-08-28,2026-08-28,252,126,0,0.0,0.5354,0.2202,32969.0002,38602.0013,2026-08-28,330.69,330.69,1.0,2227700,2227794.03263,-0.0042,0.0,
2026-08-31T12:39:15.806423+00:00,pre_market,TFC,2026-03-02,2026-08-28,126,2025-08-28,2026-08-28,252,126,0,0.0,2.0165,1.29,4943.0,5224.9998,2026-08-28,50.43,50.43,1.0,4618600,4619550.070614,-0.0206,0.0,
2026-08-31T12:39:15.806423+00:00,pre_market,TGT,2026-03-02,2026-08-28,126,2025-08-28,2026-08-28,252,126,0,-0.0,1.6905,1.0591,16217.9993,16888.9999,2026-08-28,163.18,163.18,1.0,3643800,3644518.362704,-0.0197,0.0,
2026-08-31T12:39:15.806423+00:00,pre_market,TJX,2026-03-02,2026-08-28,126,2025-08-28,2026-08-28,252,126,0,-0.0,0.64,0.4189,13411.9995,16741.0005,2026-08-28,135.12,135.12,1.0,6800200,6801149.661429,-0.014,0.0009,
2026-08-31T12:39:15.806423+00:00,pre_market,TMO,2026-03-02,2026-08-28,126,2025-08-28,2026-08-28,252,126,0,-0.0,0.1988,0.065,62117.9993,63271.0022,2026-08-28,622.18,622.18,1.0,1016600,1016629.204243,-0.0029,0.0,
2026-08-31T12:39:15.806423+00:00,pre_market,TSLA,2026-03-02,2026-08-28,126,2025-08-28,2026-08-28,252,126,0,0.0,0.0012,0.0,34775.0,44426.9989,2026-08-28,348.75,348.75,1.0,32913300,32972214.734557,-0.1787,0.0014,
2026-08-31T12:39:15.806423+00:00,pre_market,TSM,2026-03-02,2026-08-28,126,2025-08-28,2026-08-28,252,126,0,-0.0,0.514,0.1561,41651.9989,47657.0007,2026-08-28,417.52,417.52,1.0,8878000,8896896,-0.2124,0.0,
2026-08-31T12:39:15.806423+00:00,pre_market,TXN,2026-03-02,2026-08-28,126,2025-08-28,2026-08-28,252,126,0,0.0,1.0124,0.6041,25764.0015,33128.0002,2026-08-28,258.64,258.64,1.0,5861100,5861229.706163,-0.0022,0.0,
2026-08-31T12:39:15.806423+00:00,pre_market,UMBF,2026-03-02,2026-08-28,126,2025-08-28,2026-08-28,252,126,0,0.0035,0.7023,0.1992,14358.9996,15103.9993,2026-08-28,144.59,144.585,1.0,467700,467732.116055,-0.0069,0.0035,
2026-08-31T12:39:15.806423+00:00,pre_market,UNH,2026-03-02,2026-08-28,126,2025-08-28,2026-08-28,252,126,0,0.0,1.335,0.3595,39195.0012,43535.0006,2026-08-28,392.95,392.95,1.0,2455500,2457152.620757,-0.0673,0.0,
2026-08-31T12:39:15.806423+00:00,pre_market,VRTX,2026-03-02,2026-08-28,126,2025-08-28,2026-08-28,252,126,0,0.0,0.0011,0.0,54069.0002,55184.9976,2026-08-28,541.69,541.69,1.0,886900,886917,-0.0019,0.0,
2026-08-31T12:39:15.806423+00:00,pre_market,ZION,2026-03-02,2026-08-28,126,2025-08-28,2026-08-28,252,126,0,-0.0,1.4169,0.9132,6677.9999,7230.9994,2026-08-28,67.78,67.78,1.0,909100,909123.671569,-0.0026,0.0,
2026-08-31T16:00:03.461806+00:00,mid_session,ABBV,2026-03-02,2026-08-31,127,2025-08-28,2026-08-28,252,126,3,-0.0,1.5237,0.7227,25447.9996,26497.0001,2026-08-28,255.48,255.48,1.0,3224400,3224862.698204,-0.0143,0.0001,
2026-08-31T16:00:03.461806+00:00,mid_session,ABT,2026-03-02,2026-08-31,127,2025-08-28,2026-08-28,252,126,3,0.0,1.3272,0.675,11147.0001,11566.9998,2026-08-28,112.47,112.47,1.0,7545100,7545562,-0.0061,0.0,
2026-08-31T16:00:03.461806+00:00,mid_session,ADI,2026-03-02,2026-08-31,127,2025-08-28,2026-08-28,252,126,3,-0.0,0.5844,0.1412,36077.9999,44448.0011,2026-08-28,361.78,361.78,1.0,3338300,3350464.853866,-0.3631,0.0,
2026-08-31T16:00:03.461806+00:00,mid_session,AMAT,2026-03-02,2026-08-31,127,2025-08-28,2026-08-28,252,126,3,0.0,0.2309,0.157,46067.0013,72200.0018,2026-08-28,461.67,461.67,1.0,6524800,6531804,-0.1072,0.001,
2026-08-31T16:00:03.461806+00:00,mid_session,AMD,2026-03-02,2026-08-31,127,2025-08-28,2026-08-28,252,126,3,-0.0,0.0011,0.0,46457.9987,57990.9973,2026-08-28,465.58,465.58,1.0,15338800,15373949.017776,-0.2286,0.0,
2026-08-31T16:00:03.461806+00:00,mid_session,AMGN,2026-03-02,2026-08-31,127,2025-08-28,2026-08-28,252,126,3,0.0,1.3261,0.8667,43142.0013,44283.9996,2026-08-28,432.42,432.42,1.0,1739700,1739954,-0.0146,0.0,
2026-08-31T16:00:03.461806+00:00,mid_session,AMZN,2026-03-02,2026-08-31,127,2025-08-28,2026-08-28,252,126,3,-0.0,0.0,0.0,26542.9993,28301.9989,2026-08-28,266.43,266.43,1.0,49475500,49547427.328018,-0.1452,0.0,
2026-08-31T16:00:03.461806+00:00,mid_session,ASML,2026-03-02,2026-08-31,127,2025-08-28,2026-08-28,252,126,3,0.0,0.3468,0.1719,169516.0034,198843.9698,2026-08-28,1696.16,1696.16,1.0,1257700,1259364.454404,-0.1322,0.0,
2026-08-31T16:00:03.461806+00:00,mid_session,AVGO,2026-03-02,2026-08-31,127,2025-08-28,2026-08-28,252,126,3,0.0,0.367,0.1214,36779.0009,48057.0011,2026-08-28,368.79,368.79,1.0,16572500,16596066.612318,-0.142,0.0004,
2026-08-31T16:00:03.461806+00:00,mid_session,BKNG,2026-03-02,2026-08-31,127,2025-08-28,2026-08-28,252,126,3,0.0,0.4778,0.1406,20463.0005,21341.9998,2026-08-28,205.63,205.63,1.0,3591700,3591995,-0.0082,0.0,
2026-08-31T16:00:03.461806+00:00,mid_session,BMY,2026-03-02,2026-08-31,127,2025-08-28,2026-08-28,252,126,3,0.0,2.1254,0.9372,6558.0002,6691.9998,2026-08-28,66.58,66.58,1.0,5542900,5543592,-0.0125,0.0,
2026-08-31T16:00:03.461806+00:00,mid_session,CFG,2026-03-02,2026-08-31,127,2025-08-28,2026-08-28,252,126,3,-0.0,1.3548,0.769,6870.9999,7373.0003,2026-08-28,69.71,69.71,1.0,2393200,2393194.814482,0.0002,0.0,
2026-08-31T16:00:03.461806+00:00,mid_session,CFR,2026-03-02,2026-08-31,127,2025-08-28,2026-08-28,252,126,3,0.6411,0.7559,0.377,16069.0002,17017.0394,2026-08-28,161.69,160.66,1.0,382200,384643.91738,-0.6354,0.6442,
2026-08-31T16:00:03.461806+00:00,mid_session,FITB,2026-03-02,2026-08-31,127,2025-08-28,2026-08-28,252,126,3,0.0,1.5934,0.6122,5354.0001,5836.9999,2026-08-28,54.54,54.54,1.0,5617800,5618028,-0.0041,0.0092,
2026-08-31T16:00:03.461806+00:00,mid_session,GILD,2026-03-02,2026-08-31,127,2025-08-28,2026-08-28,252,126,3,-0.0,1.2139,0.4183,14467.9993,14903.0,2026-08-28,145.68,145.68,1.0,3946900,3946913.490047,-0.0003,0.0,
2026-08-31T16:00:03.461806+00:00,mid_session,HBAN,2026-03-02,2026-08-31,127,2025-08-28,2026-08-28,252,126,3,0.0,1.8931,0.6277,1592.0,1755.9999,2026-08-28,16.92,16.92,1.0,21522600,21522601.926058,-0.0,0.0006,
2026-08-31T16:00:03.461806+00:00,mid_session,HD,2026-03-02,2026-08-31,127,2025-08-28,2026-08-28,252,126,3,0.0,1.4037,0.4318,32919.0002,36981.0001,2026-08-28,330.19,330.19,1.0,3136100,3136575.951407,-0.0152,0.0,
2026-08-31T16:00:03.461806+00:00,mid_session,ISRG,2026-03-02,2026-08-31,127,2025-08-28,2026-08-28,252,126,3,0.0,0.0014,0.0,37160.0006,50017.9993,2026-08-28,372.6,372.6,1.0,1801600,1802434.158943,-0.0463,0.0014,
2026-08-31T16:00:03.461806+00:00,mid_session,JNJ,2026-03-02,2026-08-31,127,2025-08-28,2026-08-28,252,126,3,0.0,1.0598,0.7417,26704.0009,27240.9992,2026-08-28,268.04,268.04,1.0,5765600,5766429.461249,-0.0144,0.0,
2026-08-31T16:00:03.461806+00:00,mid_session,KEY,2026-03-02,2026-08-31,127,2025-08-28,2026-08-28,252,126,3,-0.0,1.9516,0.5059,2091.0,2299.0,2026-08-28,21.91,21.91,1.0,7591500,7591558,-0.0008,0.022,
2026-08-31T16:00:03.461806+00:00,mid_session,KLAC,2026-03-02,2026-08-31,127,2025-08-28,2026-08-28,252,126,3,-0.0,0.2402,0.1585,17453.9993,30070.9985,2026-08-28,175.54,175.54,1.0,9956300,9970532.849337,-0.1427,0.0,
2026-08-31T16:00:03.461806+00:00,mid_session,LLY,2026-03-02,2026-08-31,127,2025-08-28,2026-08-28,252,126,3,-0.0,0.3147,0.2028,117360.9985,127933.9966,2026-08-28,1174.61,1174.61,1.0,2450800,2451810.083574,-0.0412,0.0,
2026-08-31T16:00:03.461806+00:00,mid_session,LOW,2026-03-02,2026-08-31,127,2025-08-28,2026-08-28,252,126,3,0.0,1.089,0.6134,20705.0003,25761.9992,2026-08-28,208.05,208.05,1.0,2791600,2791791,-0.0068,0.001,
2026-08-31T16:00:03.461806+00:00,mid_session,MCD,2026-03-02,2026-08-31,127,2025-08-28,2026-08-28,252,126,3,0.0,1.2254,0.3465,26400.0,33382.0008,2026-08-28,265.0,265,1.0,3887300,3891302.880578,-0.1029,0.0,
2026-08-31T16:00:03.461806+00:00,mid_session,MRK,2026-03-02,2026-08-31,127,2025-08-28,2026-08-28,252,126,3,0.0,1.444,0.4716,14735.0006,15544.9997,2026-08-28,148.35,148.35,1.0,8067000,8067848.171567,-0.0105,0.0015,
2026-08-31T16:00:03.461806+00:00,mid_session,MTB,2026-03-02,2026-08-31,127,2025-08-28,2026-08-28,252,126,3,-0.0,0.6941,0.3471,23628.9993,25308.9996,2026-08-28,237.29,237.29,1.0,868300,868277,0.0026,0.0,
2026-08-31T16:00:03.461806+00:00,mid_session,MU,2026-03-02,2026-08-31,127,2025-08-28,2026-08-28,252,126,3,-0.0,0.0574,0.0172,93185.9985,121256.0007,2026-08-28,932.86,932.86,1.0,22820800,22890088.27575,-0.3027,0.0,
2026-08-31T16:00:03.461806+00:00,mid_session,NKE,2026-03-02,2026-08-31,127,2025-08-28,2026-08-28,252,126,3,-0.0,0.8869,0.4435,3859.9998,6000.9997,2026-08-28,39.6,39.6,1.0,28392600,28437375.444899,-0.1575,0.0,
2026-08-31T16:00:03.461806+00:00,mid_session,NVDA,2026-03-02,2026-08-31,127,2025-09-02,2026-08-31,251,127,0,-0.009,0.1218,0.0609,21844.0308,23474.0011,2026-08-31,219.4403,219.46,1.0,48343846,46148796.154893,4.7565,0.0585,
2026-08-31T16:00:03.461806+00:00,mid_session,ONB,2026-03-02,2026-08-31,127,2025-08-28,2026-08-28,252,126,3,0.0,1.2172,0.3362,2485.0,2629.0001,2026-08-28,25.85,25.85,1.0,3420200,3420206.39348,-0.0002,0.0,
2026-08-31T16:00:03.461806+00:00,mid_session,ORLY,2026-03-02,2026-08-31,127,2025-08-28,2026-08-28,252,126,3,0.0,0.0,0.0,8750.0,9840.0002,2026-08-28,88.5,88.5,1.0,4704800,4704806.921315,-0.0001,0.0,
2026-08-31T16:00:03.461806+00:00,mid_session,PFE,2026-03-02,2026-08-31,127,2025-08-28,2026-08-28,252,126,3,-0.0,3.3153,1.9725,2695.9999,2757.0,2026-08-28,27.96,27.96,1.0,27175800,27183853.208826,-0.0296,0.0,
2026-08-31T16:00:03.461806+00:00,mid_session,PNFP,2026-03-02,2026-08-31,127,2025-08-28,2026-08-28,252,126,3,-0.0,0.9728,0.5818,10008.9996,10802.9999,2026-08-28,101.09,101.09,1.0,916800,916763.957498,0.0039,0.0,
2026-08-31T16:00:03.461806+00:00,mid_session,QCOM,2026-03-02,2026-08-31,127,2025-08-28,2026-08-28,252,126,3,0.0,1.0036,0.2079,16319.0002,25002.0,2026-08-28,164.19,164.19,1.0,7752100,7754515,-0.0311,0.0,
2026-08-31T16:00:03.461806+00:00,mid_session,RF,2026-03-02,2026-08-31,127,2025-08-28,2026-08-28,252,126,3,-0.0,0.9464,0.4732,2933.0,3140.0002,2026-08-28,30.33,30.33,1.0,5901900,5901893.920023,0.0001,0.0163,
2026-08-31T16:00:03.461806+00:00,mid_session,SBUX,2026-03-02,2026-08-31,127,2025-08-28,2026-08-28,252,126,3,-0.0,1.1506,0.765,10684.9998,10755.0,2026-08-28,107.85,107.85,1.0,4832200,4832834,-0.0131,0.0,
2026-08-31T16:00:03.461806+00:00,mid_session,SYK,2026-03-02,2026-08-31,127,2025-08-28,2026-08-28,252,126,3,0.0,0.5354,0.2202,32969.0002,38602.0013,2026-08-28,330.69,330.69,1.0,2227700,2227794.03263,-0.0042,0.0,
2026-08-31T16:00:03.461806+00:00,mid_session,TFC,2026-03-02,2026-08-31,127,2025-08-28,2026-08-28,252,126,3,0.0,2.0165,1.29,4943.0,5224.9998,2026-08-28,50.43,50.43,1.0,4618600,4619550.070614,-0.0206,0.0,
2026-08-31T16:00:03.461806+00:00,mid_session,TGT,2026-03-02,2026-08-31,127,2025-08-28,2026-08-28,252,126,3,-0.0,1.6905,1.0591,16217.9993,16888.9999,2026-08-28,163.18,163.18,1.0,3643800,3644518.362704,-0.0197,0.0,
2026-08-31T16:00:03.461806+00:00,mid_session,TJX,2026-03-02,2026-08-31,127,2025-08-28,2026-08-28,252,126,3,-0.0,0.64,0.4189,13411.9995,16741.0005,2026-08-28,135.12,135.12,1.0,6800200,6801149.661429,-0.014,0.0009,
2026-08-31T16:00:03.461806+00:00,mid_session,TMO,2026-03-02,2026-08-31,127,2025-08-28,2026-08-28,252,126,3,-0.0,0.1988,0.065,62117.9993,63271.0022,2026-08-28,622.18,622.18,1.0,1016600,1016629.204243,-0.0029,0.0,
2026-08-31T16:00:03.461806+00:00,mid_session,TSLA,2026-03-02,2026-08-31,127,2025-08-28,2026-08-28,252,126,3,0.0,0.0012,0.0,34775.0,44426.9989,2026-08-28,348.75,348.75,1.0,32913300,32972214.734557,-0.1787,0.0014,
2026-08-31T16:00:03.461806+00:00,mid_session,TSM,2026-03-02,2026-08-31,127,2025-08-28,2026-08-28,252,126,3,-0.0,0.514,0.1561,41651.9989,47657.0007,2026-08-28,417.52,417.52,1.0,8878000,8896896,-0.2124,0.0,
2026-08-31T16:00:03.461806+00:00,mid_session,TXN,2026-03-02,2026-08-31,127,2025-08-28,2026-08-28,252,126,3,0.0,1.0124,0.6041,25764.0015,33128.0002,2026-08-28,258.64,258.64,1.0,5861100,5861229.706163,-0.0022,0.0,
2026-08-31T16:00:03.461806+00:00,mid_session,UMBF,2026-03-02,2026-08-31,127,2025-08-28,2026-08-28,252,126,3,0.0035,0.7023,0.1992,14358.9996,15103.9993,2026-08-28,144.59,144.585,1.0,467700,467732.116055,-0.0069,0.0035,
2026-08-31T16:00:03.461806+00:00,mid_session,UNH,2026-03-02,2026-08-31,127,2025-08-28,2026-08-28,252,126,3,0.0,1.335,0.3595,39195.0012,43535.0006,2026-08-28,392.95,392.95,1.0,2455500,2457152.620757,-0.0673,0.0,
2026-08-31T16:00:03.461806+00:00,mid_session,VRTX,2026-03-02,2026-08-31,127,2025-08-28,2026-08-28,252,126,3,0.0,0.0011,0.0,54069.0002,55184.9976,2026-08-28,541.69,541.69,1.0,886900,886917,-0.0019,0.0,
2026-08-31T16:00:03.461806+00:00,mid_session,ZION,2026-03-02,2026-08-31,127,2025-09-02,2026-08-31,251,127,0,0.0149,1.4169,0.9061,6601.9997,7230.9994,2026-08-31,67.02,67.01,1.0,366511,348388.484512,5.2018,0.0884,
2026-08-31T20:30:03.585910+00:00,post_close,ABBV,2026-03-02,2026-08-31,127,2025-08-28,2026-08-28,252,126,3,-0.0,1.5237,0.7227,25447.9996,26497.0001,2026-08-28,255.48,255.48,1.0,3224400,3224862.698204,-0.0143,0.0001,
2026-08-31T20:30:03.585910+00:00,post_close,ABT,2026-03-02,2026-08-31,127,2025-08-28,2026-08-28,252,126,3,0.0,1.3272,0.675,11147.0001,11566.9998,2026-08-28,112.47,112.47,1.0,7545100,7545562,-0.0061,0.0,
2026-08-31T20:30:03.585910+00:00,post_close,ADI,2026-03-02,2026-08-31,127,2025-08-28,2026-08-28,252,126,3,-0.0,0.5844,0.1412,36077.9999,44448.0011,2026-08-28,361.78,361.78,1.0,3338300,3350464.853866,-0.3631,0.0,
2026-08-31T20:30:03.585910+00:00,post_close,AMAT,2026-03-02,2026-08-31,127,2025-08-28,2026-08-28,252,126,3,0.0,0.2309,0.157,46067.0013,72200.0018,2026-08-28,461.67,461.67,1.0,6524800,6531804,-0.1072,0.001,
2026-08-31T20:30:03.585910+00:00,post_close,AMD,2026-03-02,2026-08-31,127,2025-08-28,2026-08-28,252,126,3,-0.0,0.0011,0.0,46457.9987,57990.9973,2026-08-28,465.58,465.58,1.0,15338800,15373949.017776,-0.2286,0.0,
2026-08-31T20:30:03.585910+00:00,post_close,AMGN,2026-03-02,2026-08-31,127,2025-08-28,2026-08-28,252,126,3,0.0,1.3261,0.8667,43142.0013,44283.9996,2026-08-28,432.42,432.42,1.0,1739700,1739954,-0.0146,0.0,
2026-08-31T20:30:03.585910+00:00,post_close,AMZN,2026-03-02,2026-08-31,127,2025-08-28,2026-08-28,252,126,3,-0.0,0.0,0.0,26542.9993,28301.9989,2026-08-28,266.43,266.43,1.0,49475500,49547427.328018,-0.1452,0.0,
2026-08-31T20:30:03.585910+00:00,post_close,ASML,2026-03-02,2026-08-31,127,2025-08-28,2026-08-28,252,126,3,0.0,0.3468,0.1719,169516.0034,198843.9698,2026-08-28,1696.16,1696.16,1.0,1257700,1259364.454404,-0.1322,0.0,
2026-08-31T20:30:03.585910+00:00,post_close,AVGO,2026-03-02,2026-08-31,127,2025-08-28,2026-08-28,252,126,3,0.0,0.367,0.1214,36779.0009,48057.0011,2026-08-28,368.79,368.79,1.0,16572500,16596066.612318,-0.142,0.0004,
2026-08-31T20:30:03.585910+00:00,post_close,BKNG,2026-03-02,2026-08-31,127,2025-08-28,2026-08-28,252,126,3,0.0,0.4778,0.1406,20463.0005,21341.9998,2026-08-28,205.63,205.63,1.0,3591700,3591995,-0.0082,0.0,
2026-08-31T20:30:03.585910+00:00,post_close,BMY,2026-03-02,2026-08-31,127,2025-08-28,2026-08-28,252,126,3,0.0,2.1254,0.9372,6558.0002,6691.9998,2026-08-28,66.58,66.58,1.0,5542900,5543592,-0.0125,0.0,
2026-08-31T20:30:03.585910+00:00,post_close,CFG,2026-03-02,2026-08-31,127,2025-08-28,2026-08-28,252,126,3,-0.0,1.3548,0.769,6870.9999,7373.0003,2026-08-28,69.71,69.71,1.0,2393200,2393194.814482,0.0002,0.0,
2026-08-31T20:30:03.585910+00:00,post_close,CFR,2026-03-02,2026-08-31,127,2025-08-28,2026-08-28,252,126,3,0.6411,0.7559,0.377,16069.0002,17017.0394,2026-08-28,161.69,160.66,1.0,382200,384643.91738,-0.6354,0.6442,
2026-08-31T20:30:03.585910+00:00,post_close,FITB,2026-03-02,2026-08-31,127,2025-08-28,2026-08-28,252,126,3,0.0,1.5934,0.6122,5354.0001,5836.9999,2026-08-28,54.54,54.54,1.0,5617800,5618028,-0.0041,0.0092,
2026-08-31T20:30:03.585910+00:00,post_close,GILD,2026-03-02,2026-08-31,127,2025-08-28,2026-08-28,252,126,3,-0.0,1.2139,0.4183,14467.9993,14902.9985,2026-08-28,145.68,145.68,1.0,3946900,3946913.490047,-0.0003,0.0,
2026-08-31T20:30:03.585910+00:00,post_close,HBAN,2026-03-02,2026-08-31,127,2025-08-28,2026-08-28,252,126,3,0.0,1.8931,0.6277,1592.0,1755.9999,2026-08-28,16.92,16.92,1.0,21522600,21522601.926058,-0.0,0.0006,
2026-08-31T20:30:03.585910+00:00,post_close,HD,2026-03-02,2026-08-31,127,2025-08-28,2026-08-28,252,126,3,0.0,1.4037,0.4318,32919.0002,36980.997,2026-08-28,330.19,330.19,1.0,3136100,3136575.951407,-0.0152,0.0,
2026-08-31T20:30:03.585910+00:00,post_close,ISRG,2026-03-02,2026-08-31,127,2025-08-28,2026-08-28,252,126,3,0.0,0.0014,0.0,37160.0006,50017.9993,2026-08-28,372.6,372.6,1.0,1801600,1802434.158943,-0.0463,0.0014,
2026-08-31T20:30:03.585910+00:00,post_close,JNJ,2026-03-02,2026-08-31,127,2025-08-28,2026-08-28,252,126,3,0.0,1.0598,0.7417,26704.0009,27240.9992,2026-08-28,268.04,268.04,1.0,5765600,5766429.461249,-0.0144,0.0,
2026-08-31T20:30:03.585910+00:00,post_close,KEY,2026-03-02,2026-08-31,127,2025-08-28,2026-08-28,252,126,3,-0.0,1.9516,0.5059,2091.0,2299.0,2026-08-28,21.91,21.91,1.0,7591500,7591558,-0.0008,0.022,
2026-08-31T20:30:03.585910+00:00,post_close,KLAC,2026-03-02,2026-08-31,127,2025-08-28,2026-08-28,252,126,3,-0.0,0.2402,0.1585,17453.9993,30070.9985,2026-08-28,175.54,175.54,1.0,9956300,9970532.849337,-0.1427,0.0,
2026-08-31T20:30:03.585910+00:00,post_close,LLY,2026-03-02,2026-08-31,127,2025-08-28,2026-08-28,252,126,3,-0.0,0.3147,0.2028,117360.9985,127933.9966,2026-08-28,1174.61,1174.61,1.0,2450800,2451810.083574,-0.0412,0.0,
2026-08-31T20:30:03.585910+00:00,post_close,LOW,2026-03-02,2026-08-31,127,2025-08-28,2026-08-28,252,126,3,0.0,1.089,0.6134,20705.0003,25761.9992,2026-08-28,208.05,208.05,1.0,2791600,2791791,-0.0068,0.001,
2026-08-31T20:30:03.585910+00:00,post_close,MCD,2026-03-02,2026-08-31,127,2025-08-28,2026-08-28,252,126,3,0.0,1.2254,0.3465,26400.0,33382.0008,2026-08-28,265.0,265,1.0,3887300,3891302.880578,-0.1029,0.0,
2026-08-31T20:30:03.585910+00:00,post_close,MRK,2026-03-02,2026-08-31,127,2025-08-28,2026-08-28,252,126,3,0.0,1.444,0.4716,14735.0006,15544.9997,2026-08-28,148.35,148.35,1.0,8067000,8067848.171567,-0.0105,0.0015,
2026-08-31T20:30:03.585910+00:00,post_close,MTB,2026-03-02,2026-08-31,127,2025-08-28,2026-08-28,252,126,3,-0.0,0.6941,0.3471,23628.9993,25308.9996,2026-08-28,237.29,237.29,1.0,868300,868277,0.0026,0.0,
2026-08-31T20:30:03.585910+00:00,post_close,MU,2026-03-02,2026-08-31,127,2025-08-28,2026-08-28,252,126,3,-0.0,0.0574,0.0172,93185.9985,121256.0007,2026-08-28,932.86,932.86,1.0,22820800,22890088.27575,-0.3027,0.0,
2026-08-31T20:30:03.585910+00:00,post_close,NKE,2026-03-02,2026-08-31,127,2025-08-28,2026-08-28,252,126,3,-0.0,0.8869,0.4435,3859.9998,6000.9997,2026-08-28,39.6,39.6,1.0,28392600,28437375.444899,-0.1575,0.0,
2026-08-31T20:30:03.585910+00:00,post_close,NVDA,2026-03-02,2026-08-31,127,2025-09-02,2026-08-31,251,127,0,0.6015,0.6015,0.0655,21977.9999,23474.0011,2026-08-31,220.78,219.46,1.0,120586441,46148796.154893,161.2992,0.6015,
2026-08-31T20:30:03.585910+00:00,post_close,ONB,2026-03-02,2026-08-31,127,2025-08-28,2026-08-28,252,126,3,0.0,1.2172,0.3362,2485.0,2629.0001,2026-08-28,25.85,25.85,1.0,3420200,3420206.39348,-0.0002,0.0,
2026-08-31T20:30:03.585910+00:00,post_close,ORLY,2026-03-02,2026-08-31,127,2025-08-28,2026-08-28,252,126,3,0.0,0.0,0.0,8750.0,9840.0002,2026-08-28,88.5,88.5,1.0,4704800,4704806.921315,-0.0001,0.0,
2026-08-31T20:30:03.585910+00:00,post_close,PFE,2026-03-02,2026-08-31,127,2025-08-28,2026-08-28,252,126,3,-0.0,3.3153,1.9725,2695.9999,2757.0,2026-08-28,27.96,27.96,1.0,27175800,27183853.208826,-0.0296,0.0,
2026-08-31T20:30:03.585910+00:00,post_close,PNFP,2026-03-02,2026-08-31,127,2025-08-28,2026-08-28,252,126,3,-0.0,0.9728,0.5818,10008.9996,10802.9999,2026-08-28,101.09,101.09,1.0,916800,916763.957498,0.0039,0.0,
2026-08-31T20:30:03.585910+00:00,post_close,QCOM,2026-03-02,2026-08-31,127,2025-08-28,2026-08-28,252,126,3,0.0,1.0036,0.2079,16319.0002,25002.0,2026-08-28,164.19,164.19,1.0,7752100,7754515,-0.0311,0.0,
2026-08-31T20:30:03.585910+00:00,post_close,RF,2026-03-02,2026-08-31,127,2025-08-28,2026-08-28,252,126,3,-0.0,0.9464,0.4732,2933.0,3140.0002,2026-08-28,30.33,30.33,1.0,5901900,5901893.920023,0.0001,0.0163,
2026-08-31T20:30:03.585910+00:00,post_close,SBUX,2026-03-02,2026-08-31,127,2025-08-28,2026-08-28,252,126,3,-0.0,1.1506,0.765,10684.9998,10755.0,2026-08-28,107.85,107.85,1.0,4832200,4832834,-0.0131,0.0,
2026-08-31T20:30:03.585910+00:00,post_close,SYK,2026-03-02,2026-08-31,127,2025-08-28,2026-08-28,252,126,3,0.0,0.5354,0.2202,32969.0002,38602.0013,2026-08-28,330.69,330.69,1.0,2227700,2227794.03263,-0.0042,0.0,
2026-08-31T20:30:03.585910+00:00,post_close,TFC,2026-03-02,2026-08-31,127,2025-08-28,2026-08-28,252,126,3,0.0,2.0165,1.29,4943.0,5224.9998,2026-08-28,50.43,50.43,1.0,4618600,4619550.070614,-0.0206,0.0,
2026-08-31T20:30:03.585910+00:00,post_close,TGT,2026-03-02,2026-08-31,127,2025-08-28,2026-08-28,252,126,3,-0.0,1.6905,1.0591,16217.9993,16888.9999,2026-08-28,163.18,163.18,1.0,3643800,3644518.362704,-0.0197,0.0,
2026-08-31T20:30:03.585910+00:00,post_close,TJX,2026-03-02,2026-08-31,127,2025-08-28,2026-08-28,252,126,3,-0.0,0.64,0.4189,13411.9995,16741.0005,2026-08-28,135.12,135.12,1.0,6800200,6801149.661429,-0.014,0.0009,
2026-08-31T20:30:03.585910+00:00,post_close,TMO,2026-03-02,2026-08-31,127,2025-08-28,2026-08-28,252,126,3,-0.0,0.1988,0.065,62117.9993,63271.0022,2026-08-28,622.18,622.18,1.0,1016600,1016629.204243,-0.0029,0.0,
2026-08-31T20:30:03.585910+00:00,post_close,TSLA,2026-03-02,2026-08-31,127,2025-08-28,2026-08-28,252,126,3,0.0,0.0012,0.0,34775.0,44426.9989,2026-08-28,348.75,348.75,1.0,32913300,32972214.734557,-0.1787,0.0014,
2026-08-31T20:30:03.585910+00:00,post_close,TSM,2026-03-02,2026-08-31,127,2025-08-28,2026-08-28,252,126,3,-0.0,0.514,0.1561,41651.9989,47657.0007,2026-08-28,417.52,417.52,1.0,8878000,8896896,-0.2124,0.0,
2026-08-31T20:30:03.585910+00:00,post_close,TXN,2026-03-02,2026-08-31,127,2025-08-28,2026-08-28,252,126,3,0.0,1.0124,0.6041,25764.0015,33128.0002,2026-08-28,258.64,258.64,1.0,5861100,5861229.706163,-0.0022,0.0,
2026-08-31T20:30:03.585910+00:00,post_close,UMBF,2026-03-02,2026-08-31,127,2025-08-28,2026-08-28,252,126,3,0.0035,0.7023,0.1992,14358.9996,15103.9993,2026-08-28,144.59,144.585,1.0,467700,467732.116055,-0.0069,0.0035,
2026-08-31T20:30:03.585910+00:00,post_close,UNH,2026-03-02,2026-08-31,127,2025-08-28,2026-08-28,252,126,3,0.0,1.335,0.3595,39195.0012,43535.0006,2026-08-28,392.95,392.95,1.0,2455500,2457152.620757,-0.0673,0.0,
2026-08-31T20:30:03.585910+00:00,post_close,VRTX,2026-03-02,2026-08-31,127,2025-08-28,2026-08-28,252,126,3,0.0,0.0011,0.0,54069.0002,55184.9976,2026-08-28,541.69,541.69,1.0,886900,886917,-0.0019,0.0,
2026-08-31T20:30:03.585910+00:00,post_close,ZION,2026-03-02,2026-08-31,127,2025-09-02,2026-08-31,251,127,0,-0.4775,1.4169,0.9097,6569.0002,7230.9994,2026-08-31,66.69,67.01,1.0,1456955,348388.484512,318.1984,0.4775,
2026-09-01T12:32:50.947920+00:00,pre_market,ABBV,2026-03-02,2026-08-31,127,2025-09-02,2026-08-31,251,127,0,0.0,1.5237,0.717,25542.0013,26497.0001,2026-08-31,256.42,256.42,1.0,4315000,4315487,-0.0113,0.0,
2026-09-01T12:32:50.947920+00:00,pre_market,ABT,2026-03-02,2026-08-31,127,2025-09-02,2026-08-31,251,127,0,0.0,1.3272,0.6697,10936.0001,11566.9998,2026-08-31,110.36,110.36,1.0,10691200,10691544.118103,-0.0032,0.0,
2026-09-01T12:32:50.947920+00:00,pre_market,ADI,2026-03-02,2026-08-31,127,2025-09-02,2026-08-31,251,127,0,0.3047,0.5844,0.1425,36114.0015,44583.7279,2026-08-31,362.14,361.04,1.0,2754200,2754855,-0.0238,0.3047,
2026-09-01T12:32:50.947920+00:00,pre_market,AMAT,2026-03-02,2026-08-31,127,2025-09-02,2026-08-31,251,127,0,0.0,0.2309,0.1557,45739.0015,72200.0018,2026-08-31,458.39,458.39,1.0,6174000,6177322.498371,-0.0538,0.0,
2026-09-01T12:32:50.947920+00:00,pre_market,AMD,2026-03-02,2026-08-31,127,2025-09-02,2026-08-31,251,127,0,0.0,0.0011,0.0,46972.0001,57990.9973,2026-08-31,470.72,470.72,1.0,12441000,12462999.957784,-0.1765,0.0,
2026-09-01T12:32:50.947920+00:00,pre_market,AMGN,2026-03-02,2026-08-31,127,2025-09-02,2026-08-31,251,127,0,0.0,1.3261,0.8599,42888.0005,44283.9996,2026-08-31,429.88,429.88,1.0,2339500,2343377,-0.1654,0.0,
2026-09-01T12:32:50.947920+00:00,pre_market,AMZN,2026-03-02,2026-08-31,127,2025-09-02,2026-08-31,251,127,0,-0.0,0.0,0.0,25876.9989,28301.9989,2026-08-31,259.77,259.77,1.0,46005900,46089422.58943,-0.1812,0.0019,
2026-09-01T12:32:50.947920+00:00,pre_market,ASML,2026-03-02,2026-08-31,127,2025-09-02,2026-08-31,251,127,0,0.0,0.3468,0.1706,169501.001,198843.9698,2026-08-31,1696.01,1696.01,1.0,1212100,1212637.263014,-0.0443,0.0,
2026-09-01T12:32:50.947920+00:00,pre_market,AVGO,2026-03-02,2026-08-31,127,2025-09-02,2026-08-31,251,127,0,-0.0,0.367,0.1205,36933.9996,48057.0011,2026-08-31,370.34,370.34,1.0,21914100,21947988.421415,-0.1544,0.0,
2026-09-01T12:32:50.947920+00:00,pre_market,BKNG,2026-03-02,2026-08-31,127,2025-09-02,2026-08-31,251,127,0,-0.0,0.4778,0.1395,19808.9996,21341.9998,2026-08-31,199.09,199.09,1.0,5055400,5055859,-0.0091,0.0025,
2026-09-01T12:32:50.947920+00:00,pre_market,BMY,2026-03-02,2026-08-31,127,2025-09-02,2026-08-31,251,127,0,-0.0,2.1254,0.9298,6580.9998,6691.9998,2026-08-31,66.81,66.81,1.0,12681800,12682245.846864,-0.0035,0.0015,
2026-09-01T12:32:50.947920+00:00,pre_market,CFG,2026-03-02,2026-08-31,127,2025-09-02,2026-08-31,251,127,0,0.0,1.3548,0.763,6787.0003,7373.0003,2026-08-31,68.87,68.87,1.0,4775800,4775841.190671,-0.0009,0.0,
2026-09-01T12:32:50.947920+00:00,pre_market,CFR,2026-03-02,2026-08-31,127,2025-09-02,2026-08-31,251,127,0,-0.0,1.3881,0.9987,15986.9995,16908.0013,2026-08-31,160.87,160.87,1.0,612300,612269.293326,0.005,0.0,
2026-09-01T12:32:50.947920+00:00,pre_market,FITB,2026-03-02,2026-08-31,127,2025-09-02,2026-08-31,251,127,0,0.0,1.5934,0.6074,5277.0,5836.9999,2026-08-31,53.77,53.77,1.0,5225300,5225349.488965,-0.0009,0.0093,
2026-09-01T12:32:50.947920+00:00,pre_market,GILD,2026-03-02,2026-08-31,127,2025-09-02,2026-08-31,251,127,0,-0.0,1.2139,0.415,14533.9996,14902.9985,2026-08-31,146.34,146.34,1.0,6594700,6594694.156303,0.0001,0.0035,
2026-09-01T12:32:50.947920+00:00,pre_market,HBAN,2026-03-02,2026-08-31,127,2025-09-02,2026-08-31,251,127,0,0.03,1.8931,0.623,1569.0001,1755.9999,2026-08-31,16.69,16.685,1.0,24058100,24058217.522589,-0.0005,0.03,
2026-09-01T12:32:50.947920+00:00,pre_market,HD,2026-03-02,2026-08-31,127,2025-09-02,2026-08-31,251,127,0,-0.0,1.4037,0.4284,32682.9987,36980.997,2026-08-31,327.83,327.83,1.0,3858700,3859187.259142,-0.0126,0.0,
2026-09-01T12:32:50.947920+00:00,pre_market,ISRG,2026-03-02,2026-08-31,127,2025-09-02,2026-08-31,251,127,0,-0.0,0.0014,0.0,37585.9985,50017.9993,2026-08-31,376.86,376.86,1.0,1922200,1923582.887063,-0.0719,0.0004,
2026-09-01T12:32:50.947920+00:00,pre_market,JNJ,2026-03-02,2026-08-31,127,2025-09-02,2026-08-31,251,127,0,0.0,1.0598,0.7358,26485.0006,27240.9992,2026-08-31,265.85,265.85,1.0,7900100,7900418.042055,-0.004,0.0019,
2026-09-01T12:32:50.947920+00:00,pre_market,KEY,2026-03-02,2026-08-31,127,2025-09-02,2026-08-31,251,127,0,0.9577,1.9516,0.5095,2061.0001,2321.9757,2026-08-31,21.61,21.405,1.0,10816400,10818133.033817,-0.016,0.9808,
2026-09-01T12:32:50.947920+00:00,pre_market,KLAC,2026-03-02,2026-08-31,127,2025-09-02,2026-08-31,251,127,0,-0.0,0.2402,0.1572,17444.9997,30070.9985,2026-08-31,175.45,175.45,1.0,7602800,7605538.982601,-0.036,0.0,
2026-09-01T12:32:50.947920+00:00,pre_market,LLY,2026-03-02,2026-08-31,127,2025-09-02,2026-08-31,251,127,0,-0.0,0.3147,0.2012,115572.998,127933.9966,2026-08-31,1156.73,1156.73,1.0,3055800,3057885.156351,-0.0682,0.0002,
2026-09-01T12:32:50.947920+00:00,pre_market,LOW,2026-03-02,2026-08-31,127,2025-09-02,2026-08-31,251,127,0,-0.0,1.089,0.6085,20369.9997,25761.9992,2026-08-31,204.7,204.7,1.0,4340700,4341035,-0.0077,0.0,
2026-09-01T12:32:50.947920+00:00,pre_market,MCD,2026-03-02,2026-08-31,127,2025-09-02,2026-08-31,251,127,0,0.7108,1.2254,0.3494,26254.0009,33619.9881,2026-08-31,263.54,261.68,1.0,5233100,5244145.26289,-0.2106,0.7127,
2026-09-01T12:32:50.947920+00:00,pre_market,MRK,2026-03-02,2026-08-31,127,2025-09-02,2026-08-31,251,127,0,-0.0,1.444,0.4679,14675.9995,15544.9997,2026-08-31,147.76,147.76,1.0,11124700,11126604,-0.0171,0.0007,
2026-09-01T12:32:50.947920+00:00,pre_market,MTB,2026-03-02,2026-08-31,127,2025-09-02,2026-08-31,251,127,0,0.6453,0.6941,0.3494,23294.0002,25472.971,2026-08-31,233.94,232.44,1.0,1746800,1746769.934272,0.0017,0.6474,
2026-09-01T12:32:50.947920+00:00,pre_market,MU,2026-03-02,2026-08-31,127,2025-09-02,2026-08-31,251,127,0,-0.0,0.0574,0.017,95772.998,121256.0007,2026-08-31,958.73,958.73,1.0,22460000,22569478.999103,-0.4851,0.0,
2026-09-01T12:32:50.947920+00:00,pre_market,NKE,2026-03-02,2026-08-31,127,2025-09-02,2026-08-31,251,127,0,1.0608,1.0608,0.4483,3806.0001,6065.7193,2026-08-31,39.06,38.65,1.0,23836900,23905303.262381,-0.2861,1.0736,
2026-09-01T12:32:50.947920+00:00,pre_market,NVDA,2026-03-02,2026-08-31,127,2025-09-02,2026-08-31,251,127,0,-0.0,0.1218,0.0608,21977.9999,23474.0011,2026-08-31,220.78,220.78,1.0,124326400,124702660.772608,-0.3017,0.0,
2026-09-01T12:32:50.947920+00:00,pre_market,ONB,2026-03-02,2026-08-31,127,2025-09-02,2026-08-31,251,127,0,-0.0,1.2172,0.3336,2458.0,2629.0001,2026-08-31,25.58,25.58,1.0,2916600,2916554.568716,0.0016,0.0,
2026-09-01T12:32:50.947920+00:00,pre_market,ORLY,2026-03-02,2026-08-31,127,2025-09-02,2026-08-31,251,127,0,0.0,0.0,0.0,8780.0003,9840.0002,2026-08-31,88.8,88.8,1.0,6399500,6399710,-0.0033,0.0057,
2026-09-01T12:32:50.947920+00:00,pre_market,PFE,2026-03-02,2026-08-31,127,2025-09-02,2026-08-31,251,127,0,-0.0,3.3153,1.957,2745.9999,2757.0,2026-08-31,28.46,28.46,1.0,45911500,45930349.518053,-0.041,0.0,
2026-09-01T12:32:50.947920+00:00,pre_market,PNFP,2026-03-02,2026-08-31,127,2025-09-02,2026-08-31,251,127,0,0.0,0.9728,0.5772,9897.0001,10802.9999,2026-08-31,99.97,99.97,1.0,1011000,1010979.467305,0.002,0.0049,
2026-09-01T12:32:50.947920+00:00,pre_market,QCOM,2026-03-02,2026-08-31,127,2025-09-02,2026-08-31,251,127,0,-0.0,1.0036,0.2063,16947.9996,25002.0,2026-08-31,170.48,170.48,1.0,12734600,12740709,-0.0479,0.0,
2026-09-01T12:32:50.947920+00:00,pre_market,RF,2026-03-02,2026-08-31,127,2025-09-02,2026-08-31,251,127,0,1.0142,1.0142,0.4775,2887.9999,3172.8602,2026-08-31,29.88,29.58,1.0,9284100,9284126,-0.0003,1.0142,
2026-09-01T12:32:50.947920+00:00,pre_market,SBUX,2026-03-02,2026-08-31,127,2025-09-02,2026-08-31,251,127,0,0.0,1.1506,0.759,10525.0,10755.0,2026-08-31,106.25,106.25,1.0,7211300,7211652.179575,-0.0049,0.0042,
2026-09-01T12:32:50.947920+00:00,pre_market,SYK,2026-03-02,2026-08-31,127,2025-09-02,2026-08-31,251,127,0,-0.0,0.5354,0.2185,32279.9988,38601.9982,2026-08-31,323.8,323.8,1.0,2040900,2041060.091538,-0.0078,0.0,
2026-09-01T12:32:50.947920+00:00,pre_market,TFC,2026-03-02,2026-08-31,127,2025-09-02,2026-08-31,251,127,0,0.0,2.0165,1.2798,4858.0002,5224.9998,2026-08-31,49.58,49.58,1.0,8264100,8264150,-0.0006,0.0,
2026-09-01T12:32:50.947920+00:00,pre_market,TGT,2026-03-02,2026-08-31,127,2025-09-02,2026-08-31,251,127,0,0.0,1.6905,1.0507,15988.0005,16888.9999,2026-08-31,160.88,160.88,1.0,3911400,3911760.751413,-0.0092,0.003,
2026-09-01T12:32:50.947920+00:00,pre_market,TJX,2026-03-02,2026-08-31,127,2025-09-02,2026-08-31,251,127,0,0.0,0.64,0.4156,13291.0004,16741.0005,2026-08-31,133.91,133.91,1.0,11952500,11954232,-0.0145,0.0,
2026-09-01T12:32:50.947920+00:00,pre_market,TMO,2026-03-02,2026-08-31,127,2025-09-02,2026-08-31,251,127,0,-0.0,0.1988,0.0645,61609.9976,63271.0022,2026-08-31,617.1,617.1,1.0,1429100,1429096,0.0003,0.0008,
2026-09-01T12:32:50.947920+00:00,pre_market,TSLA,2026-03-02,2026-08-31,127,2025-09-02,2026-08-31,251,127,0,0.0,0.0012,0.0,36695.0012,44426.9989,2026-08-31,367.95,367.95,1.0,61569100,61732258.126776,-0.2643,0.0,
2026-09-01T12:32:50.947920+00:00,pre_market,TSM,2026-03-02,2026-08-31,127,2025-09-02,2026-08-31,251,127,0,0.0,0.514,0.1549,41432.0007,47657.0007,2026-08-31,415.32,415.32,1.0,6727500,6747964.850835,-0.3033,0.0,
2026-09-01T12:32:50.947920+00:00,pre_market,TXN,2026-03-02,2026-08-31,127,2025-09-02,2026-08-31,251,127,0,0.0,1.0124,0.5994,25991.0004,33128.0002,2026-08-31,260.91,260.91,1.0,5759500,5760135,-0.011,0.0,
2026-09-01T12:32:50.947920+00:00,pre_market,UMBF,2026-03-02,2026-08-31,127,2025-09-02,2026-08-31,251,127,0,0.0,0.7023,0.1976,14063.0005,15103.9993,2026-08-31,141.63,141.63,1.0,505700,505739.223152,-0.0078,0.0,
2026-09-01T12:32:50.947920+00:00,pre_market,UNH,2026-03-02,2026-08-31,127,2025-09-02,2026-08-31,251,127,0,0.0,1.335,0.3566,38841.0004,43535.0006,2026-08-31,389.41,389.41,1.0,5748000,5748583,-0.0101,0.0,
2026-09-01T12:32:50.947920+00:00,pre_market,VRTX,2026-03-02,2026-08-31,127,2025-09-02,2026-08-31,251,127,0,0.0,0.0011,0.0,54352.002,55184.9976,2026-08-31,544.52,544.52,1.0,1198300,1198447,-0.0123,0.0004,
2026-09-01T12:32:50.947920+00:00,pre_market,ZION,2026-03-02,2026-08-31,127,2025-09-02,2026-08-31,251,127,0,0.0,1.4169,0.906,6569.0002,7230.9994,2026-08-31,66.69,66.69,1.0,1457000,1456958.59012,0.0028,0.0,
2026-09-01T16:00:03.676483+00:00,mid_session,ABBV,2026-03-02,2026-09-01,128,2025-09-02,2026-08-31,251,127,1,0.0,1.5237,0.717,25542.0013,26497.0001,2026-08-31,256.42,256.42,1.0,4315000,4315487,-0.0113,0.0,
2026-09-01T16:00:03.676483+00:00,mid_session,ABT,2026-03-02,2026-09-01,128,2025-09-02,2026-08-31,251,127,1,0.0,1.3272,0.6697,10936.0001,11566.9998,2026-08-31,110.36,110.36,1.0,10691200,10691544.118103,-0.0032,0.0,
2026-09-01T16:00:03.676483+00:00,mid_session,ADI,2026-03-02,2026-09-01,128,2025-09-02,2026-08-31,251,127,1,0.3047,0.5844,0.1425,36114.0015,44583.7279,2026-08-31,362.14,361.04,1.0,2754200,2754855,-0.0238,0.3047,
2026-09-01T16:00:03.676483+00:00,mid_session,AMAT,2026-03-02,2026-09-01,128,2025-09-02,2026-08-31,251,127,1,0.0,0.2309,0.1557,45739.0015,72200.0018,2026-08-31,458.39,458.39,1.0,6174000,6177322.498371,-0.0538,0.0,
2026-09-01T16:00:03.676483+00:00,mid_session,AMD,2026-03-02,2026-09-01,128,2025-09-02,2026-08-31,251,127,1,0.0,0.0011,0.0,46972.0001,57990.9973,2026-08-31,470.72,470.72,1.0,12441000,12462999.957784,-0.1765,0.0,
2026-09-01T16:00:03.676483+00:00,mid_session,AMGN,2026-03-02,2026-09-01,128,2025-09-02,2026-08-31,251,127,1,0.0,1.3261,0.8599,42888.0005,44283.9996,2026-08-31,429.88,429.88,1.0,2339500,2343377,-0.1654,0.0,
2026-09-01T16:00:03.676483+00:00,mid_session,AMZN,2026-03-02,2026-09-01,128,2025-09-02,2026-08-31,251,127,1,-0.0,0.0,0.0,25876.9989,28301.9989,2026-08-31,259.77,259.77,1.0,46005900,46089422.58943,-0.1812,0.0019,
2026-09-01T16:00:03.676483+00:00,mid_session,ASML,2026-03-02,2026-09-01,128,2025-09-02,2026-08-31,251,127,1,0.0,0.3468,0.1706,169501.001,198843.9698,2026-08-31,1696.01,1696.01,1.0,1212100,1212637.263014,-0.0443,0.0,
2026-09-01T16:00:03.676483+00:00,mid_session,AVGO,2026-03-02,2026-09-01,128,2025-09-02,2026-08-31,251,127,1,-0.0,0.367,0.1205,36933.9996,48057.0011,2026-08-31,370.34,370.34,1.0,21914100,21947988.421415,-0.1544,0.0,
2026-09-01T16:00:03.676483+00:00,mid_session,BKNG,2026-03-02,2026-09-01,128,2025-09-02,2026-08-31,251,127,1,-0.0,0.4778,0.1395,19808.9996,21341.9998,2026-08-31,199.09,199.09,1.0,5055400,5055859,-0.0091,0.0025,
2026-09-01T16:00:03.676483+00:00,mid_session,BMY,2026-03-02,2026-09-01,128,2025-09-02,2026-08-31,251,127,1,-0.0,2.1254,0.9298,6580.9998,6691.9998,2026-08-31,66.81,66.81,1.0,12681800,12682245.846864,-0.0035,0.0015,
2026-09-01T16:00:03.676483+00:00,mid_session,CFG,2026-03-02,2026-09-01,128,2025-09-02,2026-08-31,251,127,1,0.0,1.3548,0.763,6787.0003,7373.0003,2026-08-31,68.87,68.87,1.0,4775800,4775841.190671,-0.0009,0.0,
2026-09-01T16:00:03.676483+00:00,mid_session,CFR,2026-03-02,2026-09-01,128,2025-09-02,2026-08-31,251,127,1,-0.0,1.3881,0.9987,15986.9995,16908.0013,2026-08-31,160.87,160.87,1.0,612300,612269.293326,0.005,0.0,
2026-09-01T16:00:03.676483+00:00,mid_session,FITB,2026-03-02,2026-09-01,128,2025-09-02,2026-08-31,251,127,1,0.0,1.5934,0.6074,5277.0,5836.9999,2026-08-31,53.77,53.77,1.0,5225300,5225349.488965,-0.0009,0.0093,
2026-09-01T16:00:03.676483+00:00,mid_session,GILD,2026-03-02,2026-09-01,128,2025-09-02,2026-08-31,251,127,1,-0.0,1.2139,0.415,14533.9996,14903.0,2026-08-31,146.34,146.34,1.0,6594700,6594694.156303,0.0001,0.0035,
2026-09-01T16:00:03.676483+00:00,mid_session,HBAN,2026-03-02,2026-09-01,128,2025-09-02,2026-08-31,251,127,1,0.03,1.8931,0.623,1569.0001,1755.9999,2026-08-31,16.69,16.685,1.0,24058100,24058217.522589,-0.0005,0.03,
2026-09-01T16:00:03.676483+00:00,mid_session,HD,2026-03-02,2026-09-01,128,2025-09-02,2026-08-31,251,127,1,-0.0,1.4037,0.4284,32682.9987,36981.0001,2026-08-31,327.83,327.83,1.0,3858700,3859187.259142,-0.0126,0.0,
2026-09-01T16:00:03.676483+00:00,mid_session,ISRG,2026-03-02,2026-09-01,128,2025-09-02,2026-08-31,251,127,1,-0.0,0.0014,0.0,37585.9985,50017.9993,2026-08-31,376.86,376.86,1.0,1922200,1923582.887063,-0.0719,0.0004,
2026-09-01T16:00:03.676483+00:00,mid_session,JNJ,2026-03-02,2026-09-01,128,2025-09-02,2026-08-31,251,127,1,0.0,1.0598,0.7358,26485.0006,27240.9992,2026-08-31,265.85,265.85,1.0,7900100,7900418.042055,-0.004,0.0019,
2026-09-01T16:00:03.676483+00:00,mid_session,KEY,2026-03-02,2026-09-01,128,2025-09-02,2026-08-31,251,127,1,0.9577,1.9516,0.5095,2061.0001,2321.9757,2026-08-31,21.61,21.405,1.0,10816400,10818133.033817,-0.016,0.9808,
2026-09-01T16:00:03.676483+00:00,mid_session,KLAC,2026-03-02,2026-09-01,128,2025-09-02,2026-08-31,251,127,1,-0.0,0.2402,0.1572,17444.9997,30070.9985,2026-08-31,175.45,175.45,1.0,7602800,7605538.982601,-0.036,0.0,
2026-09-01T16:00:03.676483+00:00,mid_session,LLY,2026-03-02,2026-09-01,128,2025-09-02,2026-08-31,251,127,1,-0.0,0.3147,0.2012,115572.998,127933.9966,2026-08-31,1156.73,1156.73,1.0,3055800,3057885.156351,-0.0682,0.0002,
2026-09-01T16:00:03.676483+00:00,mid_session,LOW,2026-03-02,2026-09-01,128,2025-09-02,2026-08-31,251,127,1,-0.0,1.089,0.6085,20369.9997,25761.9992,2026-08-31,204.7,204.7,1.0,4340700,4341035,-0.0077,0.0,
2026-09-01T16:00:03.676483+00:00,mid_session,MCD,2026-03-02,2026-09-01,128,2025-09-02,2026-08-31,251,127,1,0.7108,1.2254,0.3494,26254.0009,33619.9881,2026-08-31,263.54,261.68,1.0,5233100,5244145.26289,-0.2106,0.7127,
2026-09-01T16:00:03.676483+00:00,mid_session,MRK,2026-03-02,2026-09-01,128,2025-09-02,2026-08-31,251,127,1,-0.0,1.444,0.4679,14675.9995,15544.9997,2026-08-31,147.76,147.76,1.0,11124700,11126604,-0.0171,0.0007,
2026-09-01T16:00:03.676483+00:00,mid_session,MTB,2026-03-02,2026-09-01,128,2025-09-02,2026-08-31,251,127,1,0.6453,0.6941,0.3494,23294.0002,25472.971,2026-08-31,233.94,232.44,1.0,1746800,1746769.934272,0.0017,0.6474,
2026-09-01T16:00:03.676483+00:00,mid_session,MU,2026-03-02,2026-09-01,128,2025-09-02,2026-08-31,251,127,1,-0.0,0.0574,0.017,95772.998,121256.0007,2026-08-31,958.73,958.73,1.0,22460000,22569478.999103,-0.4851,0.0,
2026-09-01T16:00:03.676483+00:00,mid_session,NKE,2026-03-02,2026-09-01,128,2025-09-02,2026-08-31,251,127,1,1.0608,1.0608,0.4483,3806.0001,6065.7193,2026-08-31,39.06,38.65,1.0,23836900,23905303.262381,-0.2861,1.0736,
2026-09-01T16:00:03.676483+00:00,mid_session,NVDA,2026-03-02,2026-09-01,128,2025-09-02,2026-08-31,251,127,1,-0.0,0.1218,0.0608,21977.9999,23474.0011,2026-08-31,220.78,220.78,1.0,124326400,124702660.772608,-0.3017,0.0,
2026-09-01T16:00:03.676483+00:00,mid_session,ONB,2026-03-02,2026-09-01,128,2025-09-02,2026-08-31,251,127,1,-0.0,1.2172,0.3336,2458.0,2629.0001,2026-08-31,25.58,25.58,1.0,2916600,2916554.568716,0.0016,0.0,
2026-09-01T16:00:03.676483+00:00,mid_session,ORLY,2026-03-02,2026-09-01,128,2025-09-02,2026-08-31,251,127,1,0.0,0.0,0.0,8780.0003,9840.0002,2026-08-31,88.8,88.8,1.0,6399500,6399710,-0.0033,0.0057,
2026-09-01T16:00:03.676483+00:00,mid_session,PFE,2026-03-02,2026-09-01,128,2025-09-02,2026-08-31,251,127,1,-0.0,3.3153,1.957,2745.9999,2757.0,2026-08-31,28.46,28.46,1.0,45911500,45930349.518053,-0.041,0.0,
2026-09-01T16:00:03.676483+00:00,mid_session,PNFP,2026-03-02,2026-09-01,128,2025-09-02,2026-08-31,251,127,1,0.0,0.9728,0.5772,9897.0001,10802.9999,2026-08-31,99.97,99.97,1.0,1011000,1010979.467305,0.002,0.0049,
2026-09-01T16:00:03.676483+00:00,mid_session,QCOM,2026-03-02,2026-09-01,128,2025-09-02,2026-08-31,251,127,1,-0.0,1.0036,0.2063,16947.9996,25002.0,2026-08-31,170.48,170.48,1.0,12734600,12740709,-0.0479,0.0,
2026-09-01T16:00:03.676483+00:00,mid_session,RF,2026-03-02,2026-09-01,128,2025-09-02,2026-08-31,251,127,1,1.0142,1.0142,0.4775,2887.9999,3172.8602,2026-08-31,29.88,29.58,1.0,9284100,9284126,-0.0003,1.0142,
2026-09-01T16:00:03.676483+00:00,mid_session,SBUX,2026-03-02,2026-09-01,128,2025-09-02,2026-08-31,251,127,1,0.0,1.1506,0.759,10525.0,10755.0,2026-08-31,106.25,106.25,1.0,7211300,7211652.179575,-0.0049,0.0042,
2026-09-01T16:00:03.676483+00:00,mid_session,SYK,2026-03-02,2026-09-01,128,2025-09-02,2026-08-31,251,127,1,-0.0,0.5354,0.2185,32279.9988,38601.9982,2026-08-31,323.8,323.8,1.0,2040900,2041060.091538,-0.0078,0.0,
2026-09-01T16:00:03.676483+00:00,mid_session,TFC,2026-03-02,2026-09-01,128,2025-09-02,2026-08-31,251,127,1,0.0,2.0165,1.2798,4858.0002,5224.9998,2026-08-31,49.58,49.58,1.0,8264100,8264150,-0.0006,0.0,
2026-09-01T16:00:03.676483+00:00,mid_session,TGT,2026-03-02,2026-09-01,128,2025-09-02,2026-08-31,251,127,1,0.0,1.6905,1.0507,15988.0005,16888.9999,2026-08-31,160.88,160.88,1.0,3911400,3911760.751413,-0.0092,0.003,
2026-09-01T16:00:03.676483+00:00,mid_session,TJX,2026-03-02,2026-09-01,128,2025-09-02,2026-08-31,251,127,1,0.0,0.64,0.4156,13291.0004,16741.0005,2026-08-31,133.91,133.91,1.0,11952500,11954232,-0.0145,0.0,
2026-09-01T16:00:03.676483+00:00,mid_session,TMO,2026-03-02,2026-09-01,128,2025-09-02,2026-08-31,251,127,1,-0.0,0.1988,0.0645,61609.9976,63271.0022,2026-08-31,617.1,617.1,1.0,1429100,1429096,0.0003,0.0008,
2026-09-01T16:00:03.676483+00:00,mid_session,TSLA,2026-03-02,2026-09-01,128,2025-09-02,2026-08-31,251,127,1,0.0,0.0012,0.0,36695.0012,44426.9989,2026-08-31,367.95,367.95,1.0,61569100,61732258.126776,-0.2643,0.0,
2026-09-01T16:00:03.676483+00:00,mid_session,TSM,2026-03-02,2026-09-01,128,2025-09-02,2026-08-31,251,127,1,0.0,0.514,0.1549,41432.0007,47657.0007,2026-08-31,415.32,415.32,1.0,6727500,6747964.850835,-0.3033,0.0,
2026-09-01T16:00:03.676483+00:00,mid_session,TXN,2026-03-02,2026-09-01,128,2025-09-02,2026-08-31,251,127,1,0.0,1.0124,0.5994,25991.0004,33128.0002,2026-08-31,260.91,260.91,1.0,5759500,5760135,-0.011,0.0,
2026-09-01T16:00:03.676483+00:00,mid_session,UMBF,2026-03-02,2026-09-01,128,2025-09-02,2026-08-31,251,127,1,0.0,0.7023,0.1976,14063.0005,15103.9993,2026-08-31,141.63,141.63,1.0,505700,505739.223152,-0.0078,0.0,
2026-09-01T16:00:03.676483+00:00,mid_session,UNH,2026-03-02,2026-09-01,128,2025-09-02,2026-08-31,251,127,1,0.0,1.335,0.3566,38841.0004,43535.0006,2026-08-31,389.41,389.41,1.0,5748000,5748583,-0.0101,0.0,
2026-09-01T16:00:03.676483+00:00,mid_session,VRTX,2026-03-02,2026-09-01,128,2025-09-02,2026-08-31,251,127,1,0.0,0.0011,0.0,54352.002,55184.9976,2026-08-31,544.52,544.52,1.0,1198300,1198447,-0.0123,0.0004,
2026-09-01T16:00:03.676483+00:00,mid_session,ZION,2026-03-02,2026-09-01,128,2025-09-02,2026-08-31,251,127,1,0.0,1.4169,0.906,6569.0002,7230.9994,2026-08-31,66.69,66.69,1.0,1457000,1456958.59012,0.0028,0.0,
2026-09-01T20:30:05.224023+00:00,post_close,ABBV,2026-03-02,2026-09-01,128,2025-09-02,2026-08-31,251,127,1,0.0,1.5237,0.717,25542.0013,26497.0001,2026-08-31,256.42,256.42,1.0,4315000,4315487,-0.0113,0.0,
2026-09-01T20:30:05.224023+00:00,post_close,ABT,2026-03-02,2026-09-01,128,2025-09-02,2026-08-31,251,127,1,0.0,1.3272,0.6697,10936.0001,11566.9998,2026-08-31,110.36,110.36,1.0,10691200,10691544.118103,-0.0032,0.0,
2026-09-01T20:30:05.224023+00:00,post_close,ADI,2026-03-02,2026-09-01,128,2025-09-02,2026-08-31,251,127,1,0.3047,0.5844,0.1425,36114.0015,44583.7279,2026-08-31,362.14,361.04,1.0,2754200,2754855,-0.0238,0.3047,
2026-09-01T20:30:05.224023+00:00,post_close,AMAT,2026-03-02,2026-09-01,128,2025-09-02,2026-08-31,251,127,1,0.0,0.2309,0.1557,45739.0015,72200.0018,2026-08-31,458.39,458.39,1.0,6174000,6177322.498371,-0.0538,0.0,
2026-09-01T20:30:05.224023+00:00,post_close,AMD,2026-03-02,2026-09-01,128,2025-09-02,2026-08-31,251,127,1,0.0,0.0011,0.0,46972.0001,57990.9973,2026-08-31,470.72,470.72,1.0,12463000,12462999.957784,0.0,0.0,
2026-09-01T20:30:05.224023+00:00,post_close,AMGN,2026-03-02,2026-09-01,128,2025-09-02,2026-08-31,251,127,1,0.0,1.3261,0.8599,42888.0005,44283.9996,2026-08-31,429.88,429.88,1.0,2339500,2343377,-0.1654,0.0,
2026-09-01T20:30:05.224023+00:00,post_close,AMZN,2026-03-02,2026-09-01,128,2025-09-02,2026-08-31,251,127,1,-0.0,0.0,0.0,25876.9989,28301.9989,2026-08-31,259.77,259.77,1.0,46089400,46089422.58943,-0.0,0.0019,
2026-09-01T20:30:05.224023+00:00,post_close,ASML,2026-03-02,2026-09-01,128,2025-09-02,2026-08-31,251,127,1,0.0,0.3468,0.1706,169501.001,198843.9698,2026-08-31,1696.01,1696.01,1.0,1212100,1212637.263014,-0.0443,0.0,
2026-09-01T20:30:05.224023+00:00,post_close,AVGO,2026-03-02,2026-09-01,128,2025-09-02,2026-08-31,251,127,1,-0.0,0.367,0.1205,36933.9996,48057.0011,2026-08-31,370.34,370.34,1.0,21948000,21947988.421415,0.0001,0.0,
2026-09-01T20:30:05.224023+00:00,post_close,BKNG,2026-03-02,2026-09-01,128,2025-09-02,2026-08-31,251,127,1,-0.0,0.4778,0.1395,19808.9996,21341.9998,2026-08-31,199.09,199.09,1.0,5055400,5055859,-0.0091,0.0025,
2026-09-01T20:30:05.224023+00:00,post_close,BMY,2026-03-02,2026-09-01,128,2025-09-02,2026-08-31,251,127,1,-0.0,2.1254,0.9298,6580.9998,6691.9998,2026-08-31,66.81,66.81,1.0,12681800,12682245.846864,-0.0035,0.0015,
2026-09-01T20:30:05.224023+00:00,post_close,CFG,2026-03-02,2026-09-01,128,2025-09-02,2026-08-31,251,127,1,0.0,1.3548,0.763,6787.0003,7373.0003,2026-08-31,68.87,68.87,1.0,4775800,4775841.190671,-0.0009,0.0,
2026-09-01T20:30:05.224023+00:00,post_close,CFR,2026-03-02,2026-09-01,128,2025-09-02,2026-08-31,251,127,1,-0.0,1.3881,0.9987,15986.9995,16908.0013,2026-08-31,160.87,160.87,1.0,612300,612269.293326,0.005,0.0,
2026-09-01T20:30:05.224023+00:00,post_close,FITB,2026-03-02,2026-09-01,128,2025-09-02,2026-08-31,251,127,1,0.0,1.5934,0.6074,5277.0,5836.9999,2026-08-31,53.77,53.77,1.0,5225300,5225349.488965,-0.0009,0.0093,
2026-09-01T20:30:05.224023+00:00,post_close,GILD,2026-03-02,2026-09-01,128,2025-09-02,2026-08-31,251,127,1,-0.0,1.2139,0.415,14533.9996,14903.0,2026-08-31,146.34,146.34,1.0,6594700,6594694.156303,0.0001,0.0035,
2026-09-01T20:30:05.224023+00:00,post_close,HBAN,2026-03-02,2026-09-01,128,2025-09-02,2026-08-31,251,127,1,0.03,1.8931,0.623,1569.0001,1755.9999,2026-08-31,16.69,16.685,1.0,24058100,24058217.522589,-0.0005,0.03,
2026-09-01T20:30:05.224023+00:00,post_close,HD,2026-03-02,2026-09-01,128,2025-09-02,2026-08-31,251,127,1,-0.0,1.4037,0.4284,32682.9987,36980.997,2026-08-31,327.83,327.83,1.0,3858700,3859187.259142,-0.0126,0.0,
2026-09-01T20:30:05.224023+00:00,post_close,ISRG,2026-03-02,2026-09-01,128,2025-09-02,2026-08-31,251,127,1,-0.0,0.0014,0.0,37585.9985,50017.9993,2026-08-31,376.86,376.86,1.0,1922200,1923582.887063,-0.0719,0.0004,
2026-09-01T20:30:05.224023+00:00,post_close,JNJ,2026-03-02,2026-09-01,128,2025-09-02,2026-08-31,251,127,1,0.0,1.0598,0.7358,26485.0006,27240.9992,2026-08-31,265.85,265.85,1.0,7900100,7900418.042055,-0.004,0.0019,
2026-09-01T20:30:05.224023+00:00,post_close,KEY,2026-03-02,2026-09-01,128,2025-09-02,2026-08-31,251,127,1,0.9577,1.9516,0.5095,2061.0001,2321.9757,2026-08-31,21.61,21.405,1.0,10816400,10818133.033817,-0.016,0.9808,
2026-09-01T20:30:05.224023+00:00,post_close,KLAC,2026-03-02,2026-09-01,128,2025-09-02,2026-08-31,251,127,1,-0.0,0.2402,0.1572,17444.9997,30070.9985,2026-08-31,175.45,175.45,1.0,7602800,7605538.982601,-0.036,0.0,
2026-09-01T20:30:05.224023+00:00,post_close,LLY,2026-03-02,2026-09-01,128,2025-09-02,2026-08-31,251,127,1,-0.0,0.3147,0.2012,115572.998,127933.9966,2026-08-31,1156.73,1156.73,1.0,3055800,3057885.156351,-0.0682,0.0002,
2026-09-01T20:30:05.224023+00:00,post_close,LOW,2026-03-02,2026-09-01,128,2025-09-02,2026-08-31,251,127,1,-0.0,1.089,0.6085,20369.9997,25761.9992,2026-08-31,204.7,204.7,1.0,4340700,4341035,-0.0077,0.0,
2026-09-01T20:30:05.224023+00:00,post_close,MCD,2026-03-02,2026-09-01,128,2025-09-02,2026-08-31,251,127,1,0.7108,1.2254,0.3494,26254.0009,33619.9881,2026-08-31,263.54,261.68,1.0,5244100,5244145.26289,-0.0009,0.7127,
2026-09-01T20:30:05.224023+00:00,post_close,MRK,2026-03-02,2026-09-01,128,2025-09-02,2026-08-31,251,127,1,-0.0,1.444,0.4679,14675.9995,15544.9997,2026-08-31,147.76,147.76,1.0,11124700,11126604,-0.0171,0.0007,
2026-09-01T20:30:05.224023+00:00,post_close,MTB,2026-03-02,2026-09-01,128,2025-09-02,2026-08-31,251,127,1,0.6453,0.6941,0.3494,23294.0002,25472.971,2026-08-31,233.94,232.44,1.0,1746800,1746769.934272,0.0017,0.6474,
2026-09-01T20:30:05.224023+00:00,post_close,MU,2026-03-02,2026-09-01,128,2025-09-02,2026-08-31,251,127,1,-0.0,0.0574,0.017,95772.998,121256.0007,2026-08-31,958.73,958.73,1.0,22569500,22569478.999103,0.0001,0.0,
2026-09-01T20:30:05.224023+00:00,post_close,NKE,2026-03-02,2026-09-01,128,2025-09-02,2026-08-31,251,127,1,1.0608,1.0608,0.4483,3806.0001,6065.7193,2026-08-31,39.06,38.65,1.0,23905300,23905303.262381,-0.0,1.0736,
2026-09-01T20:30:05.224023+00:00,post_close,NVDA,2026-03-02,2026-09-01,128,2025-09-02,2026-08-31,251,127,1,-0.0,0.1218,0.0608,21977.9999,23474.0011,2026-08-31,220.78,220.78,1.0,124702700,124702660.772608,0.0,0.0,
2026-09-01T20:30:05.224023+00:00,post_close,ONB,2026-03-02,2026-09-01,128,2025-09-02,2026-08-31,251,127,1,-0.0,1.2172,0.3336,2458.0,2629.0001,2026-08-31,25.58,25.58,1.0,2916600,2916554.568716,0.0016,0.0,
2026-09-01T20:30:05.224023+00:00,post_close,ORLY,2026-03-02,2026-09-01,128,2025-09-02,2026-08-31,251,127,1,0.0,0.0,0.0,8780.0003,9840.0002,2026-08-31,88.8,88.8,1.0,6399500,6399710,-0.0033,0.0057,
2026-09-01T20:30:05.224023+00:00,post_close,PFE,2026-03-02,2026-09-01,128,2025-09-02,2026-08-31,251,127,1,-0.0,3.3153,1.957,2745.9999,2757.0,2026-08-31,28.46,28.46,1.0,45930300,45930349.518053,-0.0001,0.0,
2026-09-01T20:30:05.224023+00:00,post_close,PNFP,2026-03-02,2026-09-01,128,2025-09-02,2026-08-31,251,127,1,0.0,0.9728,0.5772,9897.0001,10802.9999,2026-08-31,99.97,99.97,1.0,1011000,1010979.467305,0.002,0.0049,
2026-09-01T20:30:05.224023+00:00,post_close,QCOM,2026-03-02,2026-09-01,128,2025-09-02,2026-08-31,251,127,1,-0.0,1.0036,0.2063,16947.9996,25002.0,2026-08-31,170.48,170.48,1.0,12734600,12740709,-0.0479,0.0,
2026-09-01T20:30:05.224023+00:00,post_close,RF,2026-03-02,2026-09-01,128,2025-09-02,2026-08-31,251,127,1,1.0142,1.0142,0.4775,2887.9999,3172.8602,2026-08-31,29.88,29.58,1.0,9284100,9284126,-0.0003,1.0142,
2026-09-01T20:30:05.224023+00:00,post_close,SBUX,2026-03-02,2026-09-01,128,2025-09-02,2026-08-31,251,127,1,0.0,1.1506,0.759,10525.0,10755.0,2026-08-31,106.25,106.25,1.0,7211300,7211652.179575,-0.0049,0.0042,
2026-09-01T20:30:05.224023+00:00,post_close,SYK,2026-03-02,2026-09-01,128,2025-09-02,2026-08-31,251,127,1,-0.0,0.5354,0.2185,32279.9988,38602.0013,2026-08-31,323.8,323.8,1.0,2040900,2041060.091538,-0.0078,0.0,
2026-09-01T20:30:05.224023+00:00,post_close,TFC,2026-03-02,2026-09-01,128,2025-09-02,2026-08-31,251,127,1,0.0,2.0165,1.2798,4858.0002,5224.9998,2026-08-31,49.58,49.58,1.0,8264100,8264150,-0.0006,0.0,
2026-09-01T20:30:05.224023+00:00,post_close,TGT,2026-03-02,2026-09-01,128,2025-09-02,2026-08-31,251,127,1,0.0,1.6905,1.0507,15988.0005,16888.9999,2026-08-31,160.88,160.88,1.0,3911400,3911760.751413,-0.0092,0.003,
2026-09-01T20:30:05.224023+00:00,post_close,TJX,2026-03-02,2026-09-01,128,2025-09-02,2026-08-31,251,127,1,0.0,0.64,0.4156,13291.0004,16741.0005,2026-08-31,133.91,133.91,1.0,11952500,11954232,-0.0145,0.0,
2026-09-01T20:30:05.224023+00:00,post_close,TMO,2026-03-02,2026-09-01,128,2025-09-02,2026-08-31,251,127,1,-0.0,0.1988,0.0645,61609.9976,63271.0022,2026-08-31,617.1,617.1,1.0,1429100,1429096,0.0003,0.0008,
2026-09-01T20:30:05.224023+00:00,post_close,TSLA,2026-03-02,2026-09-01,128,2025-09-02,2026-08-31,251,127,1,0.0,0.0012,0.0,36695.0012,44426.9989,2026-08-31,367.95,367.95,1.0,61732300,61732258.126776,0.0001,0.0,
2026-09-01T20:30:05.224023+00:00,post_close,TSM,2026-03-02,2026-09-01,128,2025-09-02,2026-08-31,251,127,1,0.0,0.514,0.1549,41432.0007,47657.0007,2026-08-31,415.32,415.32,1.0,6748000,6747964.850835,0.0005,0.0,
2026-09-01T20:30:05.224023+00:00,post_close,TXN,2026-03-02,2026-09-01,128,2025-09-02,2026-08-31,251,127,1,0.0,1.0124,0.5994,25991.0004,33128.0002,2026-08-31,260.91,260.91,1.0,5759500,5760135,-0.011,0.0,
2026-09-01T20:30:05.224023+00:00,post_close,UMBF,2026-03-02,2026-09-01,128,2025-09-02,2026-08-31,251,127,1,0.0,0.7023,0.1976,14063.0005,15103.9993,2026-08-31,141.63,141.63,1.0,505700,505739.223152,-0.0078,0.0,
2026-09-01T20:30:05.224023+00:00,post_close,UNH,2026-03-02,2026-09-01,128,2025-09-02,2026-08-31,251,127,1,0.0,1.335,0.3566,38841.0004,43535.0006,2026-08-31,389.41,389.41,1.0,5748000,5748583,-0.0101,0.0,
2026-09-01T20:30:05.224023+00:00,post_close,VRTX,2026-03-02,2026-09-01,128,2025-09-02,2026-08-31,251,127,1,0.0,0.0011,0.0,54352.002,55184.9976,2026-08-31,544.52,544.52,1.0,1198300,1198447,-0.0123,0.0004,
2026-09-01T20:30:05.224023+00:00,post_close,ZION,2026-03-02,2026-09-01,128,2025-09-02,2026-08-31,251,127,1,0.0,1.4169,0.906,6569.0002,7230.9994,2026-08-31,66.69,66.69,1.0,1457000,1456958.59012,0.0028,0.0,
2026-09-02T12:31:50.425096+00:00,pre_market,ABBV,2026-03-02,2026-09-01,128,2025-09-02,2026-09-01,252,128,0,-0.0,1.5237,0.7114,25898.999,26497.0001,2026-09-01,259.99,259.99,1.0,3866100,3866739.130637,-0.0165,0.0019,
2026-09-02T12:31:50.425096+00:00,pre_market,ABT,2026-03-02,2026-09-01,128,2025-09-02,2026-09-01,252,128,0,0.0,1.3272,0.6645,10793.0,11566.9998,2026-09-01,108.93,108.93,1.0,7229100,7229416,-0.0044,0.0,
2026-09-02T12:31:50.425096+00:00,pre_market,ADI,2026-03-02,2026-09-01,128,2025-09-02,2026-09-01,252,128,0,-0.0,0.8864,0.44,35351.9989,44448.0007,2026-09-01,354.52,354.52,1.0,3571600,3571975,-0.0105,0.0,
2026-09-02T12:31:50.425096+00:00,pre_market,AMAT,2026-03-02,2026-09-01,128,2025-09-02,2026-09-01,252,128,0,0.0,0.2309,0.1545,44085.0006,72200.0018,2026-09-01,441.85,441.85,1.0,7142500,7150153,-0.107,0.0,
2026-09-02T12:31:50.425096+00:00,pre_market,AMD,2026-03-02,2026-09-01,128,2025-09-02,2026-09-01,252,128,0,-0.0,0.0011,0.0,45860.9985,57990.9973,2026-09-01,459.61,459.61,1.0,16183600,16212787.746544,-0.18,0.0,
2026-09-02T12:31:50.425096+00:00,pre_market,AMGN,2026-03-02,2026-09-01,128,2025-09-02,2026-09-01,252,128,0,-0.0,1.3261,0.8532,43711.9995,44283.9996,2026-09-01,438.12,438.12,1.0,2358200,2359102.522894,-0.0383,0.0002,
2026-09-02T12:31:50.425096+00:00,pre_market,AMZN,2026-03-02,2026-09-01,128,2025-09-02,2026-09-01,252,128,0,-0.0,0.0,0.0,25391.9998,28301.9989,2026-09-01,254.92,254.92,1.0,31649600,31700056,-0.1592,0.0,
2026-09-02T12:31:50.425096+00:00,pre_market,ASML,2026-03-02,2026-09-01,128,2025-09-02,2026-09-01,252,128,0,0.0,0.3468,0.1693,166414.0015,198843.9698,2026-09-01,1665.14,1665.14,1.0,1004800,1005728.872753,-0.0924,0.0,
2026-09-02T12:31:50.425096+00:00,pre_market,AVGO,2026-03-02,2026-09-01,128,2025-09-02,2026-09-01,252,128,0,-0.0,0.367,0.1195,36867.9993,48057.0011,2026-09-01,369.68,369.68,1.0,19221500,19288937.682548,-0.3496,0.0,
2026-09-02T12:31:50.425096+00:00,pre_market,BKNG,2026-03-02,2026-09-01,128,2025-09-02,2026-09-01,252,128,0,0.0,0.4778,0.1384,19469.0002,21341.9998,2026-09-01,195.69,195.69,1.0,5301200,5302024,-0.0155,0.0,
2026-09-02T12:31:50.425096+00:00,pre_market,BMY,2026-03-02,2026-09-01,128,2025-09-02,2026-09-01,252,128,0,-0.0,2.1254,0.9226,6591.9998,6691.9998,2026-09-01,66.92,66.92,1.0,6933300,6933599,-0.0043,0.0075,
2026-09-02T12:31:50.425096+00:00,pre_market,CFG,2026-03-02,2026-09-01,128,2025-09-02,2026-09-01,252,128,0,0.0,1.3548,0.757,6716.0004,7373.0003,2026-09-01,68.16,68.16,1.0,3504900,3504933,-0.0009,0.0,
2026-09-02T12:31:50.425096+00:00,pre_market,CFR,2026-03-02,2026-09-01,128,2025-09-02,2026-09-01,252,128,0,0.0,1.3881,0.9909,15732.0007,16908.0013,2026-09-01,158.32,158.32,1.0,529700,529889.532233,-0.0358,0.0,
2026-09-02T12:31:50.425096+00:00,pre_market,FITB,2026-03-02,2026-09-01,128,2025-09-02,2026-09-01,252,128,0,-0.0,1.5934,0.6027,5200.9998,5836.9999,2026-09-01,53.01,53.01,1.0,3936600,3936562,0.001,0.0094,
2026-09-02T12:31:50.425096+00:00,pre_market,GILD,2026-03-02,2026-09-01,128,2025-09-02,2026-09-01,252,128,0,-0.0,1.2139,0.4118,14891.9998,14902.9985,2026-09-01,149.92,149.92,1.0,4868100,4870766,-0.0547,0.0034,
2026-09-02T12:31:50.425096+00:00,pre_market,HBAN,2026-03-02,2026-09-01,128,2025-09-02,2026-09-01,252,128,0,0.0,1.8931,0.6182,1542.0,1755.9999,2026-09-01,16.42,16.42,1.0,25911100,25911140.046523,-0.0002,0.0299,
2026-09-02T12:31:50.425096+00:00,pre_market,HD,2026-03-02,2026-09-01,128,2025-09-02,2026-09-01,252,128,0,-0.0,1.4037,0.4251,31876.9989,36981.0001,2026-09-01,319.77,319.77,1.0,3291000,3292566,-0.0476,0.0,
2026-09-02T12:31:50.425096+00:00,pre_market,ISRG,2026-03-02,2026-09-01,128,2025-09-02,2026-09-01,252,128,0,0.0,0.0014,0.0,36825.0,50017.9993,2026-09-01,369.25,369.25,1.0,1848700,1849101.311426,-0.0217,0.0,
2026-09-02T12:31:50.425096+00:00,pre_market,JNJ,2026-03-02,2026-09-01,128,2025-09-02,2026-09-01,252,128,0,0.0,1.0598,0.7301,27019.0002,27240.9992,2026-09-01,271.19,271.19,1.0,6033600,6035314.003725,-0.0284,0.0,
2026-09-02T12:31:50.425096+00:00,pre_market,KEY,2026-03-02,2026-09-01,128,2025-09-02,2026-09-01,252,128,0,-0.0,2.8818,1.4345,2020.9999,2298.9999,2026-09-01,21.21,21.21,1.0,10553000,10553992.668321,-0.0094,0.0236,
2026-09-02T12:31:50.425096+00:00,pre_market,KLAC,2026-03-02,2026-09-01,128,2025-09-02,2026-09-01,252,128,0,-0.0,0.2402,0.156,16988.9999,30070.9985,2026-09-01,170.89,170.89,1.0,10462400,10479036,-0.1588,0.002,
2026-09-02T12:31:50.425096+00:00,pre_market,LLY,2026-03-02,2026-09-01,128,2025-09-02,2026-09-01,252,128,0,0.0,0.3147,0.1996,115900.0,127933.9966,2026-09-01,1160.0,1160,1.0,2520100,2522522.634471,-0.096,0.0004,
2026-09-02T12:31:50.425096+00:00,pre_market,LOW,2026-03-02,2026-09-01,128,2025-09-02,2026-09-01,252,128,0,0.0,1.089,0.6038,19905.0003,25761.9992,2026-09-01,200.05,200.05,1.0,3506700,3507532.282908,-0.0237,0.0,
2026-09-02T12:31:50.425096+00:00,pre_market,MCD,2026-03-02,2026-09-01,128,2025-09-02,2026-09-01,252,128,0,-0.0,1.9225,1.039,26010.9985,33382.0021,2026-09-01,261.11,261.11,1.0,3701000,3704420.897001,-0.0923,0.0,
2026-09-02T12:31:50.425096+00:00,pre_market,MRK,2026-03-02,2026-09-01,128,2025-09-02,2026-09-01,252,128,0,0.0,1.444,0.4642,14886.0001,15544.9997,2026-09-01,149.86,149.86,1.0,9865600,9866566,-0.0098,0.0016,
2026-09-02T12:31:50.425096+00:00,pre_market,MTB,2026-03-02,2026-09-01,128,2025-09-02,2026-09-01,252,128,0,0.0,1.3308,0.9756,23102.0004,25309.0,2026-09-01,232.02,232.02,1.0,832800,832761,0.0047,0.0002,
2026-09-02T12:31:50.425096+00:00,pre_market,MU,2026-03-02,2026-09-01,128,2025-09-02,2026-09-01,252,128,0,0.0,0.0574,0.0169,93244.0002,121256.0007,2026-09-01,933.44,933.44,1.0,27676900,27762236.821337,-0.3074,0.0005,
2026-09-02T12:31:50.425096+00:00,pre_market,NKE,2026-03-02,2026-09-01,128,2025-09-02,2026-09-01,252,128,0,-0.0,1.9272,1.4734,3711.9999,6000.9996,2026-09-01,38.12,38.12,1.0,22181100,22241121.833508,-0.2699,0.013,
2026-09-02T12:31:50.425096+00:00,pre_market,NVDA,2026-03-02,2026-09-01,128,2025-09-02,2026-09-01,252,128,0,0.0,0.1218,0.0603,21644.0002,23474.0011,2026-09-01,217.44,217.44,1.0,109484400,109756184.193647,-0.2476,0.0,
2026-09-02T12:31:50.425096+00:00,pre_market,ONB,2026-03-02,2026-09-01,128,2025-09-02,2026-09-01,252,128,0,0.0,1.2172,0.331,2418.0,2629.0001,2026-09-01,25.18,25.18,1.0,2915200,2915186.400272,0.0005,0.0,
2026-09-02T12:31:50.425096+00:00,pre_market,ORLY,2026-03-02,2026-09-01,128,2025-09-02,2026-09-01,252,128,0,-0.0,0.0,0.0,8694.9997,9840.0002,2026-09-01,87.95,87.95,1.0,5345800,5345961,-0.003,0.0,
2026-09-02T12:31:50.425096+00:00,pre_market,PFE,2026-03-02,2026-09-01,128,2025-09-02,2026-09-01,252,128,0,-0.0,3.3153,1.9417,2754.9999,2757.0,2026-09-01,28.55,28.55,1.0,42480500,42493395,-0.0303,0.0176,
2026-09-02T12:31:50.425096+00:00,pre_market,PNFP,2026-03-02,2026-09-01,128,2025-09-02,2026-09-01,252,128,0,-0.0,0.9728,0.5727,9602.9999,10802.9999,2026-09-01,97.03,97.03,1.0,1335100,1335129.540073,-0.0022,0.0005,
2026-09-02T12:31:50.425096+00:00,pre_market,QCOM,2026-03-02,2026-09-01,128,2025-09-02,2026-09-01,252,128,0,0.0,1.0036,0.2046,16561.0001,25002.0,2026-09-01,166.61,166.61,1.0,8900900,8908364.552782,-0.0838,0.0,
2026-09-02T12:31:50.425096+00:00,pre_market,RF,2026-03-02,2026-09-01,128,2025-09-02,2026-09-01,252,128,0,0.0,1.9409,1.4573,2829.0001,3140.0,2026-09-01,29.29,29.29,1.0,6252400,6252529,-0.0021,0.0007,
2026-09-02T12:31:50.425096+00:00,pre_market,SBUX,2026-03-02,2026-09-01,128,2025-09-02,2026-09-01,252,128,0,0.0,1.1506,0.753,10515.0002,10755.0,2026-09-01,106.15,106.15,1.0,4628400,4628735.165728,-0.0072,0.0047,
2026-09-02T12:31:50.425096+00:00,pre_market,SYK,2026-03-02,2026-09-01,128,2025-09-02,2026-09-01,252,128,0,-0.0,0.5354,0.2168,31639.9994,38601.9982,2026-09-01,317.4,317.4,1.0,2138400,2138368,0.0015,0.0,
2026-09-02T12:31:50.425096+00:00,pre_market,TFC,2026-03-02,2026-09-01,128,2025-09-02,2026-09-01,252,128,0,-0.0,2.0165,1.2698,4843.9999,5224.9998,2026-09-01,49.44,49.44,1.0,6697300,6697275,0.0004,0.0,
2026-09-02T12:31:50.425096+00:00,pre_market,TGT,2026-03-02,2026-09-01,128,2025-09-02,2026-09-01,252,128,0,0.0,1.6905,1.0425,16275.0,16888.9999,2026-09-01,163.75,163.75,1.0,3982800,3982974,-0.0044,0.0,
2026-09-02T12:31:50.425096+00:00,pre_market,TJX,2026-03-02,2026-09-01,128,2025-09-02,2026-09-01,252,128,0,0.0,0.64,0.4123,13227.0004,16741.0005,2026-09-01,133.27,133.27,1.0,7177700,7178115,-0.0058,0.0,
2026-09-02T12:31:50.425096+00:00,pre_market,TMO,2026-03-02,2026-09-01,128,2025-09-02,2026-09-01,252,128,0,0.0,0.1988,0.064,59950.0,63271.0022,2026-09-01,600.5,600.5,1.0,1385000,1385067.167906,-0.0048,0.0,
2026-09-02T12:31:50.425096+00:00,pre_market,TSLA,2026-03-02,2026-09-01,128,2025-09-02,2026-09-01,252,128,0,-0.0,0.0012,0.0,35508.9996,44426.9989,2026-09-01,356.09,356.09,1.0,36115700,36193926.462319,-0.2161,0.0,
2026-09-02T12:31:50.425096+00:00,pre_market,TSM,2026-03-02,2026-09-01,128,2025-09-02,2026-09-01,252,128,0,0.0,0.514,0.1537,41300.0,47657.0007,2026-09-01,414.0,414,1.0,7920800,7928439.792839,-0.0964,0.0012,
2026-09-02T12:31:50.425096+00:00,pre_market,TXN,2026-03-02,2026-09-01,128,2025-09-02,2026-09-01,252,128,0,-0.0,1.0124,0.5947,25233.9996,33128.0002,2026-09-01,253.34,253.34,1.0,7214600,7216147.530165,-0.0214,0.002,
2026-09-02T12:31:50.425096+00:00,pre_market,UMBF,2026-03-02,2026-09-01,128,2025-09-02,2026-09-01,252,128,0,-0.0,0.7023,0.1961,13694.9997,15103.9993,2026-09-01,137.95,137.95,1.0,571100,571107.204774,-0.0013,0.0,
2026-09-02T12:31:50.425096+00:00,pre_market,UNH,2026-03-02,2026-09-01,128,2025-09-02,2026-09-01,252,128,0,-0.0,1.335,0.3538,39529.9988,43535.0006,2026-09-01,396.3,396.3,1.0,3716200,3717252.09221,-0.0283,0.0,
2026-09-02T12:31:50.425096+00:00,pre_market,VRTX,2026-03-02,2026-09-01,128,2025-09-02,2026-09-01,252,128,0,0.0,0.0011,0.0,54665.0024,55184.9976,2026-09-01,547.65,547.65,1.0,734900,735119,-0.0298,0.0,
2026-09-02T12:31:50.425096+00:00,pre_market,ZION,2026-03-02,2026-09-01,128,2025-09-02,2026-09-01,252,128,0,0.0,1.4169,0.8989,6536.0001,7230.9994,2026-09-01,66.36,66.36,1.0,1223700,1224157.939344,-0.0374,0.0076,
2026-09-02T16:00:03.680989+00:00,mid_session,ABBV,2026-03-02,2026-09-02,129,2025-09-02,2026-09-01,252,128,1,-0.0,1.5237,0.7114,25898.999,26497.0001,2026-09-01,259.99,259.99,1.0,3866100,3866739.130637,-0.0165,0.0019,
2026-09-02T16:00:03.680989+00:00,mid_session,ABT,2026-03-02,2026-09-02,129,2025-09-02,2026-09-01,252,128,1,0.0,1.3272,0.6645,10793.0,11566.9998,2026-09-01,108.93,108.93,1.0,7229100,7229416,-0.0044,0.0,
2026-09-02T16:00:03.680989+00:00,mid_session,ADI,2026-03-02,2026-09-02,129,2025-09-02,2026-09-01,252,128,1,-0.0,0.8864,0.44,35351.9989,44448.0007,2026-09-01,354.52,354.52,1.0,3571600,3571975,-0.0105,0.0,
2026-09-02T16:00:03.680989+00:00,mid_session,AMAT,2026-03-02,2026-09-02,129,2025-09-02,2026-09-01,252,128,1,0.0,0.2309,0.1545,44085.0006,72200.0018,2026-09-01,441.85,441.85,1.0,7142500,7150153,-0.107,0.0,
2026-09-02T16:00:03.680989+00:00,mid_session,AMD,2026-03-02,2026-09-02,129,2025-09-02,2026-09-01,252,128,1,-0.0,0.0011,0.0,45860.9985,57990.9973,2026-09-01,459.61,459.61,1.0,16183600,16212787.746544,-0.18,0.0,
2026-09-02T16:00:03.680989+00:00,mid_session,AMGN,2026-03-02,2026-09-02,129,2025-09-02,2026-09-01,252,128,1,-0.0,1.3261,0.8532,43711.9995,44283.9996,2026-09-01,438.12,438.12,1.0,2358200,2359102.522894,-0.0383,0.0002,
2026-09-02T16:00:03.680989+00:00,mid_session,AMZN,2026-03-02,2026-09-02,129,2025-09-02,2026-09-01,252,128,1,-0.0,0.0,0.0,25391.9998,28301.9989,2026-09-01,254.92,254.92,1.0,31649600,31700056,-0.1592,0.0,
2026-09-02T16:00:03.680989+00:00,mid_session,ASML,2026-03-02,2026-09-02,129,2025-09-02,2026-09-01,252,128,1,0.0,0.3468,0.1693,166414.0015,198843.9698,2026-09-01,1665.14,1665.14,1.0,1004800,1005728.872753,-0.0924,0.0,
2026-09-02T16:00:03.680989+00:00,mid_session,AVGO,2026-03-02,2026-09-02,129,2025-09-02,2026-09-01,252,128,1,-0.0,0.367,0.1195,36867.9993,48057.0011,2026-09-01,369.68,369.68,1.0,19221500,19288937.682548,-0.3496,0.0,
2026-09-02T16:00:03.680989+00:00,mid_session,BKNG,2026-03-02,2026-09-02,129,2025-09-02,2026-09-01,252,128,1,0.0,0.4778,0.1384,19469.0002,21341.9998,2026-09-01,195.69,195.69,1.0,5301200,5302024,-0.0155,0.0,
2026-09-02T16:00:03.680989+00:00,mid_session,BMY,2026-03-02,2026-09-02,129,2025-09-02,2026-09-01,252,128,1,-0.0,2.1254,0.9226,6591.9998,6691.9998,2026-09-01,66.92,66.92,1.0,6933300,6933599,-0.0043,0.0075,
2026-09-02T16:00:03.680989+00:00,mid_session,CFG,2026-03-02,2026-09-02,129,2025-09-02,2026-09-01,252,128,1,0.0,1.3548,0.757,6716.0004,7373.0003,2026-09-01,68.16,68.16,1.0,3504900,3504933,-0.0009,0.0,
2026-09-02T16:00:03.680989+00:00,mid_session,CFR,2026-03-02,2026-09-02,129,2025-09-02,2026-09-01,252,128,1,0.0,1.3881,0.9909,15732.0007,16908.0013,2026-09-01,158.32,158.32,1.0,529700,529889.532233,-0.0358,0.0,
2026-09-02T16:00:03.680989+00:00,mid_session,FITB,2026-03-02,2026-09-02,129,2025-09-02,2026-09-01,252,128,1,-0.0,1.5934,0.6027,5200.9998,5836.9999,2026-09-01,53.01,53.01,1.0,3936600,3936562,0.001,0.0094,
2026-09-02T16:00:03.680989+00:00,mid_session,GILD,2026-03-02,2026-09-02,129,2025-09-02,2026-09-01,252,128,1,-0.0,1.2139,0.4118,14891.9998,14903.0,2026-09-01,149.92,149.92,1.0,4868100,4870766,-0.0547,0.0034,
2026-09-02T16:00:03.680989+00:00,mid_session,HBAN,2026-03-02,2026-09-02,129,2025-09-02,2026-09-01,252,128,1,0.0,1.8931,0.6182,1542.0,1755.9999,2026-09-01,16.42,16.42,1.0,25911100,25911140.046523,-0.0002,0.0299,
2026-09-02T16:00:03.680989+00:00,mid_session,HD,2026-03-02,2026-09-02,129,2025-09-02,2026-09-01,252,128,1,-0.0,1.4037,0.4251,31876.9989,36981.0001,2026-09-01,319.77,319.77,1.0,3291000,3292566,-0.0476,0.0,
2026-09-02T16:00:03.680989+00:00,mid_session,ISRG,2026-03-02,2026-09-02,129,2025-09-02,2026-09-01,252,128,1,0.0,0.0014,0.0,36825.0,50017.9993,2026-09-01,369.25,369.25,1.0,1848700,1849101.311426,-0.0217,0.0,
2026-09-02T16:00:03.680989+00:00,mid_session,JNJ,2026-03-02,2026-09-02,129,2025-09-02,2026-09-01,252,128,1,0.0,1.0598,0.7301,27019.0002,27240.9992,2026-09-01,271.19,271.19,1.0,6033600,6035314.003725,-0.0284,0.0,
2026-09-02T16:00:03.680989+00:00,mid_session,KEY,2026-03-02,2026-09-02,129,2025-09-02,2026-09-01,252,128,1,-0.0,2.8818,1.4345,2020.9999,2298.9999,2026-09-01,21.21,21.21,1.0,10553000,10553992.668321,-0.0094,0.0236,
2026-09-02T16:00:03.680989+00:00,mid_session,KLAC,2026-03-02,2026-09-02,129,2025-09-02,2026-09-01,252,128,1,-0.0,0.2402,0.156,16988.9999,30070.9985,2026-09-01,170.89,170.89,1.0,10462400,10479036,-0.1588,0.002,
2026-09-02T16:00:03.680989+00:00,mid_session,LLY,2026-03-02,2026-09-02,129,2025-09-02,2026-09-01,252,128,1,0.0,0.3147,0.1996,115900.0,127933.9966,2026-09-01,1160.0,1160,1.0,2520100,2522522.634471,-0.096,0.0004,
2026-09-02T16:00:03.680989+00:00,mid_session,LOW,2026-03-02,2026-09-02,129,2025-09-02,2026-09-01,252,128,1,0.0,1.089,0.6038,19905.0003,25761.9992,2026-09-01,200.05,200.05,1.0,3506700,3507532.282908,-0.0237,0.0,
2026-09-02T16:00:03.680989+00:00,mid_session,MCD,2026-03-02,2026-09-02,129,2025-09-02,2026-09-01,252,128,1,-0.0,1.9225,1.039,26010.9985,33382.0021,2026-09-01,261.11,261.11,1.0,3701000,3704420.897001,-0.0923,0.0,
2026-09-02T16:00:03.680989+00:00,mid_session,MRK,2026-03-02,2026-09-02,129,2025-09-02,2026-09-01,252,128,1,0.0,1.444,0.4642,14886.0001,15544.9997,2026-09-01,149.86,149.86,1.0,9865600,9866566,-0.0098,0.0016,
2026-09-02T16:00:03.680989+00:00,mid_session,MTB,2026-03-02,2026-09-02,129,2025-09-02,2026-09-01,252,128,1,0.0,1.3308,0.9756,23102.0004,25309.0,2026-09-01,232.02,232.02,1.0,832800,832761,0.0047,0.0002,
2026-09-02T16:00:03.680989+00:00,mid_session,MU,2026-03-02,2026-09-02,129,2025-09-02,2026-09-01,252,128,1,0.0,0.0574,0.0169,93244.0002,121256.0007,2026-09-01,933.44,933.44,1.0,27676900,27762236.821337,-0.3074,0.0005,
2026-09-02T16:00:03.680989+00:00,mid_session,NKE,2026-03-02,2026-09-02,129,2025-09-02,2026-09-01,252,128,1,-0.0,1.9272,1.4734,3711.9999,6000.9996,2026-09-01,38.12,38.12,1.0,22181100,22241121.833508,-0.2699,0.013,
2026-09-02T16:00:03.680989+00:00,mid_session,NVDA,2026-03-02,2026-09-02,129,2025-09-02,2026-09-01,252,128,1,0.0,0.1218,0.0603,21644.0002,23474.0011,2026-09-01,217.44,217.44,1.0,109484400,109756184.193647,-0.2476,0.0,
2026-09-02T16:00:03.680989+00:00,mid_session,ONB,2026-03-02,2026-09-02,129,2025-09-02,2026-09-01,252,128,1,0.0,1.2172,0.331,2418.0,2629.0001,2026-09-01,25.18,25.18,1.0,2915200,2915186.400272,0.0005,0.0,
2026-09-02T16:00:03.680989+00:00,mid_session,ORLY,2026-03-02,2026-09-02,129,2025-09-02,2026-09-01,252,128,1,-0.0,0.0,0.0,8694.9997,9840.0002,2026-09-01,87.95,87.95,1.0,5345800,5345961,-0.003,0.0,
2026-09-02T16:00:03.680989+00:00,mid_session,PFE,2026-03-02,2026-09-02,129,2025-09-02,2026-09-01,252,128,1,-0.0,3.3153,1.9417,2754.9999,2757.0,2026-09-01,28.55,28.55,1.0,42480500,42493395,-0.0303,0.0176,
2026-09-02T16:00:03.680989+00:00,mid_session,PNFP,2026-03-02,2026-09-02,129,2025-09-02,2026-09-01,252,128,1,-0.0,0.9728,0.5727,9602.9999,10802.9999,2026-09-01,97.03,97.03,1.0,1335100,1335129.540073,-0.0022,0.0005,
2026-09-02T16:00:03.680989+00:00,mid_session,QCOM,2026-03-02,2026-09-02,129,2025-09-02,2026-09-01,252,128,1,0.0,1.0036,0.2046,16561.0001,25002.0,2026-09-01,166.61,166.61,1.0,8900900,8908364.552782,-0.0838,0.0,
2026-09-02T16:00:03.680989+00:00,mid_session,RF,2026-03-02,2026-09-02,129,2025-09-02,2026-09-01,252,128,1,0.0,1.9409,1.4573,2829.0001,3140.0,2026-09-01,29.29,29.29,1.0,6252400,6252529,-0.0021,0.0007,
2026-09-02T16:00:03.680989+00:00,mid_session,SBUX,2026-03-02,2026-09-02,129,2025-09-02,2026-09-01,252,128,1,0.0,1.1506,0.753,10515.0002,10755.0,2026-09-01,106.15,106.15,1.0,4628400,4628735.165728,-0.0072,0.0047,
2026-09-02T16:00:03.680989+00:00,mid_session,SYK,2026-03-02,2026-09-02,129,2025-09-02,2026-09-01,252,128,1,-0.0,0.5354,0.2168,31639.9994,38602.0013,2026-09-01,317.4,317.4,1.0,2138400,2138368,0.0015,0.0,
2026-09-02T16:00:03.680989+00:00,mid_session,TFC,2026-03-02,2026-09-02,129,2025-09-02,2026-09-01,252,128,1,-0.0,2.0165,1.2698,4843.9999,5224.9998,2026-09-01,49.44,49.44,1.0,6697300,6697275,0.0004,0.0,
2026-09-02T16:00:03.680989+00:00,mid_session,TGT,2026-03-02,2026-09-02,129,2025-09-02,2026-09-01,252,128,1,0.0,1.6905,1.0425,16275.0,16888.9999,2026-09-01,163.75,163.75,1.0,3982800,3982974,-0.0044,0.0,
2026-09-02T16:00:03.680989+00:00,mid_session,TJX,2026-03-02,2026-09-02,129,2025-09-02,2026-09-01,252,128,1,0.0,0.64,0.4123,13227.0004,16741.0005,2026-09-01,133.27,133.27,1.0,7177700,7178115,-0.0058,0.0,
2026-09-02T16:00:03.680989+00:00,mid_session,TMO,2026-03-02,2026-09-02,129,2025-09-02,2026-09-01,252,128,1,0.0,0.1988,0.064,59950.0,63271.0022,2026-09-01,600.5,600.5,1.0,1385000,1385067.167906,-0.0048,0.0,
2026-09-02T16:00:03.680989+00:00,mid_session,TSLA,2026-03-02,2026-09-02,129,2025-09-02,2026-09-01,252,128,1,-0.0,0.0012,0.0,35508.9996,44426.9989,2026-09-01,356.09,356.09,1.0,36115700,36193926.462319,-0.2161,0.0,
2026-09-02T16:00:03.680989+00:00,mid_session,TSM,2026-03-02,2026-09-02,129,2025-09-02,2026-09-01,252,128,1,0.0,0.514,0.1537,41300.0,47657.0007,2026-09-01,414.0,414,1.0,7920800,7928439.792839,-0.0964,0.0012,
2026-09-02T16:00:03.680989+00:00,mid_session,TXN,2026-03-02,2026-09-02,129,2025-09-02,2026-09-01,252,128,1,-0.0,1.0124,0.5947,25233.9996,33128.0002,2026-09-01,253.34,253.34,1.0,7214600,7216147.530165,-0.0214,0.002,
2026-09-02T16:00:03.680989+00:00,mid_session,UMBF,2026-03-02,2026-09-02,129,2025-09-02,2026-09-01,252,128,1,-0.0,0.7023,0.1961,13694.9997,15103.9993,2026-09-01,137.95,137.95,1.0,571100,571107.204774,-0.0013,0.0,
2026-09-02T16:00:03.680989+00:00,mid_session,UNH,2026-03-02,2026-09-02,129,2025-09-02,2026-09-01,252,128,1,-0.0,1.335,0.3538,39529.9988,43535.0006,2026-09-01,396.3,396.3,1.0,3716200,3717252.09221,-0.0283,0.0,
2026-09-02T16:00:03.680989+00:00,mid_session,VRTX,2026-03-02,2026-09-02,129,2025-09-02,2026-09-01,252,128,1,0.0,0.0011,0.0,54665.0024,55184.9976,2026-09-01,547.65,547.65,1.0,734900,735119,-0.0298,0.0,
2026-09-02T16:00:03.680989+00:00,mid_session,ZION,2026-03-02,2026-09-02,129,2025-09-02,2026-09-01,252,128,1,0.0,1.4169,0.8989,6536.0001,7230.9994,2026-09-01,66.36,66.36,1.0,1223700,1224157.939344,-0.0374,0.0076,
2026-09-02T20:30:04.440097+00:00,post_close,ABBV,2026-03-03,2026-09-02,128,2025-09-02,2026-09-01,252,127,1,-0.0,1.5237,0.705,25898.999,26497.0001,2026-09-01,259.99,259.99,1.0,3866100,3866739.130637,-0.0165,0.0019,
2026-09-02T20:30:04.440097+00:00,post_close,ABT,2026-03-03,2026-09-02,128,2025-09-02,2026-09-01,252,127,1,0.0,1.3272,0.6592,10793.0,11566.9998,2026-09-01,108.93,108.93,1.0,7229100,7229416,-0.0044,0.0,
2026-09-02T20:30:04.440097+00:00,post_close,ADI,2026-03-03,2026-09-02,128,2025-09-02,2026-09-01,252,127,1,-0.0,0.5761,0.4365,35351.9989,44448.0007,2026-09-01,354.52,354.52,1.0,3571600,3571975,-0.0105,0.0,
2026-09-02T20:30:04.440097+00:00,post_close,AMAT,2026-03-03,2026-09-02,128,2025-09-02,2026-09-01,252,127,1,0.0,0.2309,0.1539,44085.0006,72200.0018,2026-09-01,441.85,441.85,1.0,7142500,7150153,-0.107,0.0,
2026-09-02T20:30:04.440097+00:00,post_close,AMD,2026-03-03,2026-09-02,128,2025-09-02,2026-09-01,252,127,1,-0.0,0.0011,0.0,45860.9985,57990.9973,2026-09-01,459.61,459.61,1.0,16212800,16212787.746544,0.0001,0.0,
2026-09-02T20:30:04.440097+00:00,post_close,AMGN,2026-03-03,2026-09-02,128,2025-09-02,2026-09-01,252,127,1,-0.0,1.3261,0.8495,43711.9995,44283.9996,2026-09-01,438.12,438.12,1.0,2358200,2359102.522894,-0.0383,0.0002,
2026-09-02T20:30:04.440097+00:00,post_close,AMZN,2026-03-03,2026-09-02,128,2025-09-02,2026-09-01,252,127,1,-0.0,0.0,0.0,25391.9998,28301.9989,2026-09-01,254.92,254.92,1.0,31700100,31700056,0.0001,0.0,
2026-09-02T20:30:04.440097+00:00,post_close,ASML,2026-03-03,2026-09-02,128,2025-09-02,2026-09-01,252,127,1,0.0,0.3468,0.1679,166414.0015,198843.9698,2026-09-01,1665.14,1665.14,1.0,1004800,1005728.872753,-0.0924,0.0,
2026-09-02T20:30:04.440097+00:00,post_close,AVGO,2026-03-03,2026-09-02,128,2025-09-02,2026-09-01,252,127,1,-0.0,0.367,0.1176,36867.9993,48057.0011,2026-09-01,369.68,369.68,1.0,19288900,19288937.682548,-0.0002,0.0,
2026-09-02T20:30:04.440097+00:00,post_close,BKNG,2026-03-03,2026-09-02,128,2025-09-02,2026-09-01,252,127,1,0.0,0.4778,0.1357,19469.0002,21341.9998,2026-09-01,195.69,195.69,1.0,5301200,5302024,-0.0155,0.0,
2026-09-02T20:30:04.440097+00:00,post_close,BMY,2026-03-03,2026-09-02,128,2025-09-02,2026-09-01,252,127,1,-0.0,2.1254,0.9131,6591.9998,6691.9998,2026-09-01,66.92,66.92,1.0,6933300,6933599,-0.0043,0.0075,
2026-09-02T20:30:04.440097+00:00,post_close,CFG,2026-03-03,2026-09-02,128,2025-09-02,2026-09-01,252,127,1,0.0,1.3548,0.7523,6716.0004,7373.0003,2026-09-01,68.16,68.16,1.0,3504900,3504933,-0.0009,0.0,
2026-09-02T20:30:04.440097+00:00,post_close,CFR,2026-03-03,2026-09-02,128,2025-09-02,2026-09-01,252,127,1,0.0,1.3881,0.9877,15732.0007,16908.0013,2026-09-01,158.32,158.32,1.0,529700,529889.532233,-0.0358,0.0,
2026-09-02T20:30:04.440097+00:00,post_close,FITB,2026-03-03,2026-09-02,128,2025-09-02,2026-09-01,252,127,1,-0.0,1.5934,0.5949,5200.9998,5836.9999,2026-09-01,53.01,53.01,1.0,3936600,3936562,0.001,0.0094,
2026-09-02T20:30:04.440097+00:00,post_close,GILD,2026-03-03,2026-09-02,128,2025-09-02,2026-09-01,252,127,1,-0.0,1.2139,0.4055,14891.9998,14891.9998,2026-09-01,149.92,149.92,1.0,4868100,4870766,-0.0547,0.0034,
2026-09-02T20:30:04.440097+00:00,post_close,HBAN,2026-03-03,2026-09-02,128,2025-09-02,2026-09-01,252,127,1,0.0,1.8931,0.6081,1542.0,1755.9999,2026-09-01,16.42,16.42,1.0,25911100,25911140.046523,-0.0002,0.0299,
2026-09-02T20:30:04.440097+00:00,post_close,HD,2026-03-03,2026-09-02,128,2025-09-02,2026-09-01,252,127,1,-0.0,1.4037,0.4174,31876.9989,36810.9991,2026-09-01,319.77,319.77,1.0,3291000,3292566,-0.0476,0.0,
2026-09-02T20:30:04.440097+00:00,post_close,ISRG,2026-03-03,2026-09-02,128,2025-09-02,2026-09-01,252,127,1,0.0,0.0014,0.0,36825.0,50017.9993,2026-09-01,369.25,369.25,1.0,1848700,1849101.311426,-0.0217,0.0,
2026-09-02T20:30:04.440097+00:00,post_close,JNJ,2026-03-03,2026-09-02,128,2025-09-02,2026-09-01,252,127,1,0.0,1.0598,0.7275,27019.0002,27240.9992,2026-09-01,271.19,271.19,1.0,6033600,6035314.003725,-0.0284,0.0,
2026-09-02T20:30:04.440097+00:00,post_close,KEY,2026-03-03,2026-09-02,128,2025-09-02,2026-09-01,252,127,1,-0.0,1.9202,1.4231,2020.9999,2298.9999,2026-09-01,21.21,21.21,1.0,10553000,10553992.668321,-0.0094,0.0236,
2026-09-02T20:30:04.440097+00:00,post_close,KLAC,2026-03-03,2026-09-02,128,2025-09-02,2026-09-01,252,127,1,-0.0,0.2402,0.1554,16988.9999,30070.9985,2026-09-01,170.89,170.89,1.0,10479000,10479036,-0.0003,0.002,
2026-09-02T20:30:04.440097+00:00,post_close,LLY,2026-03-03,2026-09-02,128,2025-09-02,2026-09-01,252,127,1,0.0,0.3147,0.1987,115900.0,127933.9966,2026-09-01,1160.0,1160,1.0,2520100,2522522.634471,-0.096,0.0004,
2026-09-02T20:30:04.440097+00:00,post_close,LOW,2026-03-03,2026-09-02,128,2025-09-02,2026-09-01,252,127,1,0.0,1.089,0.6,19905.0003,25761.9992,2026-09-01,200.05,200.05,1.0,3506700,3507532.282908,-0.0237,0.0,
2026-09-02T20:30:04.440097+00:00,post_close,MCD,2026-03-03,2026-09-02,128,2025-09-02,2026-09-01,252,127,1,-0.0,1.3747,1.0321,26010.9985,33117.0017,2026-09-01,261.11,261.11,1.0,3701000,3704420.897001,-0.0923,0.0,
2026-09-02T20:30:04.440097+00:00,post_close,MRK,2026-03-03,2026-09-02,128,2025-09-02,2026-09-01,252,127,1,0.0,1.444,0.4565,14886.0001,15544.9997,2026-09-01,149.86,149.86,1.0,9865600,9866566,-0.0098,0.0016,
2026-09-02T20:30:04.440097+00:00,post_close,MTB,2026-03-03,2026-09-02,128,2025-09-02,2026-09-01,252,127,1,0.0,1.3308,0.9728,23102.0004,25309.0,2026-09-01,232.02,232.02,1.0,832800,832761,0.0047,0.0002,
2026-09-02T20:30:04.440097+00:00,post_close,MU,2026-03-03,2026-09-02,128,2025-09-02,2026-09-01,252,127,1,0.0,0.0574,0.0166,93244.0002,121256.0007,2026-09-01,933.44,933.44,1.0,27762200,27762236.821337,-0.0001,0.0005,
2026-09-02T20:30:04.440097+00:00,post_close,NKE,2026-03-03,2026-09-02,128,2025-09-02,2026-09-01,252,127,1,-0.0,1.9272,1.4698,3711.9999,5839.0,2026-09-01,38.12,38.12,1.0,22241100,22241121.833508,-0.0001,0.013,
2026-09-02T20:30:04.440097+00:00,post_close,NVDA,2026-03-03,2026-09-02,128,2025-09-02,2026-09-01,252,127,1,0.0,0.1218,0.0598,21644.0002,23474.0011,2026-09-01,217.44,217.44,1.0,109756200,109756184.193647,0.0,0.0,
2026-09-02T20:30:04.440097+00:00,post_close,ONB,2026-03-03,2026-09-02,128,2025-09-02,2026-09-01,252,127,1,0.0,1.2172,0.324,2418.0,2629.0001,2026-09-01,25.18,25.18,1.0,2915200,2915186.400272,0.0005,0.0,
2026-09-02T20:30:04.440097+00:00,post_close,ORLY,2026-03-03,2026-09-02,128,2025-09-02,2026-09-01,252,127,1,-0.0,0.0,0.0,8694.9997,9840.0002,2026-09-01,87.95,87.95,1.0,5345800,5345961,-0.003,0.0,
2026-09-02T20:30:04.440097+00:00,post_close,PFE,2026-03-03,2026-09-02,128,2025-09-02,2026-09-01,252,127,1,-0.0,3.3153,1.9309,2754.9999,2757.0,2026-09-01,28.55,28.55,1.0,42493400,42493395,0.0,0.0176,
2026-09-02T20:30:04.440097+00:00,post_close,PNFP,2026-03-03,2026-09-02,128,2025-09-02,2026-09-01,252,127,1,-0.0,0.9728,0.5696,9602.9999,10802.9999,2026-09-01,97.03,97.03,1.0,1335100,1335129.540073,-0.0022,0.0005,
2026-09-02T20:30:04.440097+00:00,post_close,QCOM,2026-03-03,2026-09-02,128,2025-09-02,2026-09-01,252,127,1,0.0,1.0036,0.1984,16561.0001,25002.0,2026-09-01,166.61,166.61,1.0,8900900,8908364.552782,-0.0838,0.0,
2026-09-02T20:30:04.440097+00:00,post_close,RF,2026-03-03,2026-09-02,128,2025-09-02,2026-09-01,252,127,1,0.0,1.9409,1.4535,2829.0001,3140.0,2026-09-01,29.29,29.29,1.0,6252400,6252529,-0.0021,0.0007,
2026-09-02T20:30:04.440097+00:00,post_close,SBUX,2026-03-03,2026-09-02,128,2025-09-02,2026-09-01,252,127,1,0.0,1.1506,0.7499,10515.0002,10755.0,2026-09-01,106.15,106.15,1.0,4628400,4628735.165728,-0.0072,0.0047,
2026-09-02T20:30:04.440097+00:00,post_close,SYK,2026-03-03,2026-09-02,128,2025-09-02,2026-09-01,252,127,1,-0.0,0.5354,0.2143,31639.9994,38359.001,2026-09-01,317.4,317.4,1.0,2138400,2138368,0.0015,0.0,
2026-09-02T20:30:04.440097+00:00,post_close,TFC,2026-03-03,2026-09-02,128,2025-09-02,2026-09-01,252,127,1,-0.0,2.0165,1.264,4843.9999,5224.9998,2026-09-01,49.44,49.44,1.0,6697300,6697275,0.0004,0.0,
2026-09-02T20:30:04.440097+00:00,post_close,TGT,2026-03-03,2026-09-02,128,2025-09-02,2026-09-01,252,127,1,0.0,1.6905,1.0374,16275.0,16888.9999,2026-09-01,163.75,163.75,1.0,3982800,3982974,-0.0044,0.0,
2026-09-02T20:30:04.440097+00:00,post_close,TJX,2026-03-03,2026-09-02,128,2025-09-02,2026-09-01,252,127,1,0.0,0.64,0.4105,13227.0004,16741.0005,2026-09-01,133.27,133.27,1.0,7177700,7178115,-0.0058,0.0,
2026-09-02T20:30:04.440097+00:00,post_close,TMO,2026-03-03,2026-09-02,128,2025-09-02,2026-09-01,252,127,1,0.0,0.1988,0.063,59950.0,63271.0022,2026-09-01,600.5,600.5,1.0,1385000,1385067.167906,-0.0048,0.0,
2026-09-02T20:30:04.440097+00:00,post_close,TSLA,2026-03-03,2026-09-02,128,2025-09-02,2026-09-01,252,127,1,-0.0,0.0012,0.0,35508.9996,44426.9989,2026-09-01,356.09,356.09,1.0,36193900,36193926.462319,-0.0001,0.0,
2026-09-02T20:30:04.440097+00:00,post_close,TSM,2026-03-03,2026-09-02,128,2025-09-02,2026-09-01,252,127,1,0.0,0.514,0.1508,41300.0,47657.0007,2026-09-01,414.0,414,1.0,7920800,7928439.792839,-0.0964,0.0012,
2026-09-02T20:30:04.440097+00:00,post_close,TXN,2026-03-03,2026-09-02,128,2025-09-02,2026-09-01,252,127,1,-0.0,1.0124,0.5914,25233.9996,33128.0002,2026-09-01,253.34,253.34,1.0,7214600,7216147.530165,-0.0214,0.002,
2026-09-02T20:30:04.440097+00:00,post_close,UMBF,2026-03-03,2026-09-02,128,2025-09-02,2026-09-01,252,127,1,-0.0,0.7023,0.1921,13694.9997,15103.9993,2026-09-01,137.95,137.95,1.0,571100,571107.204774,-0.0013,0.0,
2026-09-02T20:30:04.440097+00:00,post_close,UNH,2026-03-03,2026-09-02,128,2025-09-02,2026-09-01,252,127,1,-0.0,1.335,0.3461,39529.9988,43535.0006,2026-09-01,396.3,396.3,1.0,3716200,3717252.09221,-0.0283,0.0,
2026-09-02T20:30:04.440097+00:00,post_close,VRTX,2026-03-03,2026-09-02,128,2025-09-02,2026-09-01,252,127,1,0.0,0.0011,0.0,54665.0024,55184.9976,2026-09-01,547.65,547.65,1.0,734900,735119,-0.0298,0.0,
2026-09-02T20:30:04.440097+00:00,post_close,ZION,2026-03-03,2026-09-02,128,2025-09-02,2026-09-01,252,127,1,0.0,1.4169,0.8948,6536.0001,7230.9994,2026-09-01,66.36,66.36,1.0,1223700,1224157.939344,-0.0374,0.0076,
2026-09-03T12:32:14.376950+00:00,pre_market,ABBV,2026-03-03,2026-09-02,128,2025-09-02,2026-09-02,253,128,0,0.0,1.5237,0.6995,26072.0001,26497.0001,2026-09-02,261.72,261.72,1.0,4225200,4225524.923302,-0.0077,0.0,
2026-09-03T12:32:14.376950+00:00,pre_market,ABT,2026-03-03,2026-09-02,128,2025-09-02,2026-09-02,253,128,0,0.0,1.3272,0.6541,10947.0001,11566.9998,2026-09-02,110.47,110.47,1.0,8458800,8458886,-0.001,0.0,
2026-09-03T12:32:14.376950+00:00,pre_market,ADI,2026-03-03,2026-09-02,128,2025-09-02,2026-09-02,253,128,0,-0.0,0.5761,0.433,35470.9991,44448.0007,2026-09-02,355.71,355.71,1.0,3338400,3338913,-0.0154,0.0014,
2026-09-03T12:32:14.376950+00:00,pre_market,AMAT,2026-03-03,2026-09-02,128,2025-09-02,2026-09-02,253,128,0,-0.0,0.2309,0.1527,43745.9991,72200.0018,2026-09-02,438.46,438.46,1.0,6518400,6523059,-0.0714,0.0,
2026-09-03T12:32:14.376950+00:00,pre_market,AMD,2026-03-03,2026-09-02,128,2025-09-02,2026-09-02,253,128,0,-0.0,0.0011,0.0,45605.9998,57990.9973,2026-09-02,457.06,457.06,1.0,11899500,11938812.010796,-0.3293,0.0,
2026-09-03T12:32:14.376950+00:00,pre_market,AMGN,2026-03-03,2026-09-02,128,2025-09-02,2026-09-02,253,128,0,-0.0,1.3261,0.8428,44183.9996,44283.9996,2026-09-02,442.84,442.84,1.0,2285500,2286291,-0.0346,0.0,
2026-09-03T12:32:14.376950+00:00,pre_market,AMZN,2026-03-03,2026-09-02,128,2025-09-02,2026-09-02,253,128,0,-0.0,0.0,0.0,25397.9996,28301.9989,2026-09-02,254.98,254.98,1.0,23856300,24013334.906011,-0.6539,0.002,
2026-09-03T12:32:14.376950+00:00,pre_market,ASML,2026-03-03,2026-09-02,128,2025-09-02,2026-09-02,253,128,0,0.0,0.3468,0.1665,168130.0049,198843.9698,2026-09-02,1682.3,1682.3,1.0,872800,873735.601662,-0.1071,0.0003,
2026-09-03T12:32:14.376950+00:00,pre_market,AVGO,2026-03-03,2026-09-02,128,2025-09-02,2026-09-02,253,128,0,-0.0,0.367,0.1167,36623.999,48057.0011,2026-09-02,367.24,367.24,1.0,37534600,38874578.79051,-3.4469,0.0,
2026-09-03T12:32:14.376950+00:00,pre_market,BKNG,2026-03-03,2026-09-02,128,2025-09-02,2026-09-02,253,128,0,0.0,0.4778,0.1346,19860.0006,21341.9998,2026-09-02,199.6,199.6,1.0,4845800,4846065.922547,-0.0055,0.0,
2026-09-03T12:32:14.376950+00:00,pre_market,BMY,2026-03-03,2026-09-02,128,2025-09-02,2026-09-02,253,128,0,0.0,2.1254,0.906,6666.0004,6691.9998,2026-09-02,67.66,67.66,1.0,7823700,7825377.703914,-0.0214,0.0075,
2026-09-03T12:32:14.376950+00:00,pre_market,CFG,2026-03-03,2026-09-02,128,2025-09-02,2026-09-02,253,128,0,-0.0,1.3548,0.7464,6877.9999,7373.0003,2026-09-02,69.78,69.78,1.0,5055400,5055435,-0.0007,0.0002,
2026-09-03T12:32:14.376950+00:00,pre_market,CFR,2026-03-03,2026-09-02,128,2025-09-02,2026-09-02,253,128,0,0.0,1.3881,0.98,16066.0004,16908.0013,2026-09-02,161.66,161.66,1.0,431700,431701,-0.0002,0.0032,
2026-09-03T12:32:14.376950+00:00,pre_market,FITB,2026-03-03,2026-09-02,128,2025-09-02,2026-09-02,253,128,0,0.0,1.5934,0.5902,5340.0002,5836.9999,2026-09-02,54.4,54.4,1.0,4413600,4413759.358551,-0.0036,0.0,
2026-09-03T12:32:14.376950+00:00,pre_market,GILD,2026-03-03,2026-09-02,128,2025-09-02,2026-09-02,253,128,0,0.0,1.2139,0.4023,14861.0001,14891.9998,2026-09-02,149.61,149.61,1.0,4923200,4923290,-0.0018,0.0,
2026-09-03T12:32:14.376950+00:00,pre_market,HBAN,2026-03-03,2026-09-02,128,2025-09-02,2026-09-02,253,128,0,-0.0,1.8931,0.6034,1587.9999,1755.9999,2026-09-02,16.88,16.88,1.0,19791000,19790984.140825,0.0001,0.0151,
2026-09-03T12:32:14.376950+00:00,pre_market,HD,2026-03-03,2026-09-02,128,2025-09-02,2026-09-02,253,128,0,0.7369,1.4037,0.4199,31751.001,37083.0044,2026-09-02,318.51,316.18,1.0,3499300,,,0.7369,
2026-09-03T12:32:14.376950+00:00,pre_market,ISRG,2026-03-03,2026-09-02,128,2025-09-02,2026-09-02,253,128,0,0.0,0.0014,0.0,37088.0005,50017.9993,2026-09-02,371.88,371.88,1.0,2053000,2053566,-0.0276,0.0,
2026-09-03T12:32:14.376950+00:00,pre_market,JNJ,2026-03-03,2026-09-02,128,2025-09-02,2026-09-02,253,128,0,-0.0,1.0598,0.7218,27420.9991,27420.9991,2026-09-02,275.21,275.21,1.0,7910600,7913032,-0.0307,0.0,
2026-09-03T12:32:14.376950+00:00,pre_market,KEY,2026-03-03,2026-09-02,128,2025-09-02,2026-09-02,253,128,0,-0.0,1.9202,1.412,2079.9999,2298.9999,2026-09-02,21.8,21.8,1.0,10375000,10375178.991759,-0.0017,0.0,
2026-09-03T12:32:14.376950+00:00,pre_market,KLAC,2026-03-03,2026-09-02,128,2025-09-02,2026-09-02,253,128,0,-0.0,0.2402,0.1541,17125.9995,30070.9985,2026-09-02,172.26,172.26,1.0,6466900,6469528.562787,-0.0406,0.0,
2026-09-03T12:32:14.376950+00:00,pre_market,LLY,2026-03-03,2026-09-02,128,2025-09-02,2026-09-02,253,128,0,-0.0,0.3147,0.1972,115907.9956,127933.9966,2026-09-02,1160.08,1160.08,1.0,2445100,2446970.434963,-0.0764,0.0,
2026-09-03T12:32:14.376950+00:00,pre_market,LOW,2026-03-03,2026-09-02,128,2025-09-02,2026-09-02,253,128,0,-0.0,1.089,0.5953,19883.9996,25761.9992,2026-09-02,199.84,199.84,1.0,2787900,2789920.834851,-0.0724,0.0,
2026-09-03T12:32:14.376950+00:00,pre_market,MCD,2026-03-03,2026-09-02,128,2025-09-02,2026-09-02,253,128,0,0.0,1.3747,1.024,25995.0012,33117.0017,2026-09-02,260.95,260.95,1.0,5106800,5110078.865352,-0.0642,0.0018,
2026-09-03T12:32:14.376950+00:00,pre_market,MRK,2026-03-03,2026-09-02,128,2025-09-02,2026-09-02,253,128,0,-0.0,1.444,0.453,15063.9999,15544.9997,2026-09-02,151.64,151.64,1.0,8969200,8970603.696742,-0.0156,0.0,
2026-09-03T12:32:14.376950+00:00,pre_market,MTB,2026-03-03,2026-09-02,128,2025-09-02,2026-09-02,253,128,0,-0.0,1.3308,0.9652,23447.9996,25309.0,2026-09-02,235.48,235.48,1.0,1159700,1159738,-0.0033,0.0,
2026-09-03T12:32:14.376950+00:00,pre_market,MU,2026-03-03,2026-09-02,128,2025-09-02,2026-09-02,253,128,0,0.0,0.0574,0.0165,95508.0017,121256.0007,2026-09-02,956.08,956.08,1.0,21378500,21440498.939493,-0.2892,0.0005,
2026-09-03T12:32:14.376950+00:00,pre_market,NKE,2026-03-03,2026-09-02,128,2025-09-02,2026-09-02,253,128,0,0.0,1.9272,1.4583,3724.0002,5839.0,2026-09-02,38.24,38.24,1.0,20662700,20727150.297135,-0.3109,0.0131,
2026-09-03T12:32:14.376950+00:00,pre_market,NVDA,2026-03-03,2026-09-02,128,2025-09-02,2026-09-02,253,128,0,0.0,0.1218,0.0594,22341.0004,23474.0011,2026-09-02,224.41,224.41,1.0,156676500,157104683.154645,-0.2725,0.0023,
2026-09-03T12:32:14.376950+00:00,pre_market,ONB,2026-03-03,2026-09-02,128,2025-09-02,2026-09-02,253,128,0,-0.0,1.2172,0.3215,2465.0,2629.0001,2026-09-02,25.65,25.65,1.0,4548600,4548651.00439,-0.0011,0.0198,
2026-09-03T12:32:14.376950+00:00,pre_market,ORLY,2026-03-03,2026-09-02,128,2025-09-02,2026-09-02,253,128,0,0.0,0.0,0.0,8597.0001,9840.0002,2026-09-02,86.97,86.97,1.0,7550000,7550141.256469,-0.0019,0.0057,
2026-09-03T12:32:14.376950+00:00,pre_market,PFE,2026-03-03,2026-09-02,128,2025-09-02,2026-09-02,253,128,0,0.0,3.3153,1.9158,2802.0,2802.0,2026-09-02,29.02,29.02,1.0,39257300,39277907.710593,-0.0525,0.0174,
2026-09-03T12:32:14.376950+00:00,pre_market,PNFP,2026-03-03,2026-09-02,128,2025-09-02,2026-09-02,253,128,0,-0.0,0.9728,0.5651,9908.9996,10802.9999,2026-09-02,100.09,100.09,1.0,1335700,1335691,0.0007,0.0049,
2026-09-03T12:32:14.376950+00:00,pre_market,QCOM,2026-03-03,2026-09-02,128,2025-09-02,2026-09-02,253,128,0,0.5443,1.0036,0.2011,16896.0007,25138.6175,2026-09-02,169.96,169.04,1.0,7525300,,,0.5443,
2026-09-03T12:32:14.376950+00:00,pre_market,RF,2026-03-03,2026-09-02,128,2025-09-02,2026-09-02,253,128,0,0.0,1.9409,1.4421,2893.0,3140.0,2026-09-02,29.93,29.93,1.0,7004400,7004368,0.0005,0.0165,
2026-09-03T12:32:14.376950+00:00,pre_market,SBUX,2026-03-03,2026-09-02,128,2025-09-02,2026-09-02,253,128,0,0.0,1.1506,0.744,10572.0001,10755.0,2026-09-02,106.72,106.72,1.0,5204200,5204520,-0.0061,0.0047,
2026-09-03T12:32:14.376950+00:00,pre_market,SYK,2026-03-03,2026-09-02,128,2025-09-02,2026-09-02,253,128,0,0.0,0.5354,0.2126,31119.0002,38359.001,2026-09-02,312.19,312.19,1.0,2185600,2185661.953199,-0.0028,0.0016,
2026-09-03T12:32:14.376950+00:00,pre_market,TFC,2026-03-03,2026-09-02,128,2025-09-02,2026-09-02,253,128,0,0.0,2.0165,1.2541,4981.0001,5224.9998,2026-09-02,50.81,50.81,1.0,6430900,6430933.136823,-0.0005,0.0,
2026-09-03T12:32:14.376950+00:00,pre_market,TGT,2026-03-03,2026-09-02,128,2025-09-02,2026-09-02,253,128,0,0.0,1.6905,1.0293,16236.0001,16888.9999,2026-09-02,163.36,163.36,1.0,2804600,2805256,-0.0234,0.0,
2026-09-03T12:32:14.376950+00:00,pre_market,TJX,2026-03-03,2026-09-02,128,2025-09-02,2026-09-02,253,128,0,-0.0,0.64,0.4073,13030.9998,16741.0005,2026-09-02,131.31,131.31,1.0,6998900,7000085.473511,-0.0169,0.0,
2026-09-03T12:32:14.376950+00:00,pre_market,TMO,2026-03-03,2026-09-02,128,2025-09-02,2026-09-02,253,128,0,-0.0,0.1988,0.0625,60753.9978,63271.0022,2026-09-02,608.54,608.54,1.0,1617000,1617006.106318,-0.0004,0.0004,
2026-09-03T12:32:14.376950+00:00,pre_market,TSLA,2026-03-03,2026-09-02,128,2025-09-02,2026-09-02,253,128,0,0.0,0.0012,0.0,35601.001,44426.9989,2026-09-02,357.01,357.01,1.0,33848000,33951909.243169,-0.306,0.0,
2026-09-03T12:32:14.376950+00:00,pre_market,TSM,2026-03-03,2026-09-02,128,2025-09-02,2026-09-02,253,128,0,0.0,0.514,0.1497,41450.0,47657.0007,2026-09-02,415.5,415.5,1.0,6284400,6301000.45743,-0.2635,0.0,
2026-09-03T12:32:14.376950+00:00,pre_market,TXN,2026-03-03,2026-09-02,128,2025-09-02,2026-09-02,253,128,0,0.0,1.0124,0.5868,25380.0003,33128.0002,2026-09-02,254.8,254.8,1.0,3879400,3879937,-0.0138,0.002,
2026-09-03T12:32:14.376950+00:00,pre_market,UMBF,2026-03-03,2026-09-02,128,2025-09-02,2026-09-02,253,128,0,0.0,0.7023,0.1906,14091.0004,15103.9993,2026-09-02,141.91,141.91,1.0,671100,671072.415831,0.0041,0.0036,
2026-09-03T12:32:14.376950+00:00,pre_market,UNH,2026-03-03,2026-09-02,128,2025-09-02,2026-09-02,253,128,0,0.0,1.335,0.3434,39866.0004,43535.0006,2026-09-02,399.66,399.66,1.0,3265300,3266755.872676,-0.0446,0.0,
2026-09-03T12:32:14.376950+00:00,pre_market,VRTX,2026-03-03,2026-09-02,128,2025-09-02,2026-09-02,253,128,0,0.0,0.0011,0.0,55575.0,55575.0,2026-09-02,556.75,556.75,1.0,1734500,1734757,-0.0148,0.0,
2026-09-03T12:32:14.376950+00:00,pre_market,ZION,2026-03-03,2026-09-02,128,2025-09-02,2026-09-02,253,128,0,-0.0,1.4169,0.8878,6701.9997,7230.9994,2026-09-02,68.02,68.02,1.0,1172900,1172953.372337,-0.0046,0.0,
2026-09-03T16:00:19.349394+00:00,mid_session,ABBV,2026-03-03,2026-09-03,129,2025-09-02,2026-09-02,253,128,1,0.0,1.5237,0.6995,26072.0001,26497.0001,2026-09-02,261.72,261.72,1.0,4225200,4225524.923302,-0.0077,0.0,
2026-09-03T16:00:19.349394+00:00,mid_session,ABT,2026-03-03,2026-09-03,129,2025-09-02,2026-09-02,253,128,1,0.0,1.3272,0.6541,10947.0001,11566.9998,2026-09-02,110.47,110.47,1.0,8458800,8458886,-0.001,0.0,
2026-09-03T16:00:19.349394+00:00,mid_session,ADI,2026-03-03,2026-09-03,129,2025-09-02,2026-09-02,253,128,1,-0.0,0.5761,0.433,35470.9991,44448.0007,2026-09-02,355.71,355.71,1.0,3338400,3338913,-0.0154,0.0014,
2026-09-03T16:00:19.349394+00:00,mid_session,AMAT,2026-03-03,2026-09-03,129,2025-09-02,2026-09-02,253,128,1,-0.0,0.2309,0.1527,43745.9991,72200.0018,2026-09-02,438.46,438.46,1.0,6518400,6523059,-0.0714,0.0,
2026-09-03T16:00:19.349394+00:00,mid_session,AMD,2026-03-03,2026-09-03,129,2025-09-02,2026-09-02,253,128,1,-0.0,0.0011,0.0,45605.9998,57990.9973,2026-09-02,457.06,457.06,1.0,11899500,11938812.010796,-0.3293,0.0,
2026-09-03T16:00:19.349394+00:00,mid_session,AMGN,2026-03-03,2026-09-03,129,2025-09-02,2026-09-02,253,128,1,-0.0,1.3261,0.8428,44183.9996,44283.9996,2026-09-02,442.84,442.84,1.0,2285500,2286291,-0.0346,0.0,
2026-09-03T16:00:19.349394+00:00,mid_session,AMZN,2026-03-03,2026-09-03,129,2025-09-02,2026-09-02,253,128,1,-0.0,0.0,0.0,25397.9996,28301.9989,2026-09-02,254.98,254.98,1.0,23856300,24013334.906011,-0.6539,0.002,
2026-09-03T16:00:19.349394+00:00,mid_session,ASML,2026-03-03,2026-09-03,129,2025-09-02,2026-09-02,253,128,1,0.0,0.3468,0.1665,168130.0049,198843.9698,2026-09-02,1682.3,1682.3,1.0,872800,873735.601662,-0.1071,0.0003,
2026-09-03T16:00:19.349394+00:00,mid_session,AVGO,2026-03-03,2026-09-03,129,2025-09-02,2026-09-02,253,128,1,-0.0,0.367,0.1167,36623.999,48057.0011,2026-09-02,367.24,367.24,1.0,37534600,38874578.79051,-3.4469,0.0,
2026-09-03T16:00:19.349394+00:00,mid_session,BKNG,2026-03-03,2026-09-03,129,2025-09-02,2026-09-02,253,128,1,0.0,0.4778,0.1346,19860.0006,21341.9998,2026-09-02,199.6,199.6,1.0,4845800,4846065.922547,-0.0055,0.0,
2026-09-03T16:00:19.349394+00:00,mid_session,BMY,2026-03-03,2026-09-03,129,2025-09-02,2026-09-02,253,128,1,0.0,2.1254,0.906,6666.0004,6691.9998,2026-09-02,67.66,67.66,1.0,7823700,7825377.703914,-0.0214,0.0075,
2026-09-03T16:00:19.349394+00:00,mid_session,CFG,2026-03-03,2026-09-03,129,2025-09-02,2026-09-02,253,128,1,-0.0,1.3548,0.7464,6877.9999,7373.0003,2026-09-02,69.78,69.78,1.0,5055400,5055435,-0.0007,0.0002,
2026-09-03T16:00:19.349394+00:00,mid_session,CFR,2026-03-03,2026-09-03,129,2025-09-02,2026-09-02,253,128,1,0.0,1.3881,0.98,16066.0004,16908.0013,2026-09-02,161.66,161.66,1.0,431700,431701,-0.0002,0.0032,
2026-09-03T16:00:19.349394+00:00,mid_session,FITB,2026-03-03,2026-09-03,129,2025-09-02,2026-09-02,253,128,1,0.0,1.5934,0.5902,5340.0002,5836.9999,2026-09-02,54.4,54.4,1.0,4413600,4413759.358551,-0.0036,0.0,
2026-09-03T16:00:19.349394+00:00,mid_session,GILD,2026-03-03,2026-09-03,129,2025-09-02,2026-09-02,253,128,1,0.0,1.2139,0.4023,14861.0001,14891.9998,2026-09-02,149.61,149.61,1.0,4923200,4923290,-0.0018,0.0,
2026-09-03T16:00:19.349394+00:00,mid_session,HBAN,2026-03-03,2026-09-03,129,2025-09-02,2026-09-02,253,128,1,-0.0,1.8931,0.6034,1587.9999,1755.9999,2026-09-02,16.88,16.88,1.0,19791000,19790984.140825,0.0001,0.0151,
2026-09-03T16:00:19.349394+00:00,mid_session,HD,2026-03-03,2026-09-03,129,2025-09-02,2026-09-02,253,128,1,0.7369,1.4037,0.4199,31751.001,37083.0044,2026-09-02,318.51,316.18,1.0,3499300,,,0.7369,
2026-09-03T16:00:19.349394+00:00,mid_session,ISRG,2026-03-03,2026-09-03,129,2025-09-02,2026-09-02,253,128,1,0.0,0.0014,0.0,37088.0005,50017.9993,2026-09-02,371.88,371.88,1.0,2053000,2053566,-0.0276,0.0,
2026-09-03T16:00:19.349394+00:00,mid_session,JNJ,2026-03-03,2026-09-03,129,2025-09-02,2026-09-02,253,128,1,-0.0,1.0598,0.7218,27420.9991,27420.9991,2026-09-02,275.21,275.21,1.0,7910600,7913032,-0.0307,0.0,
2026-09-03T16:00:19.349394+00:00,mid_session,KEY,2026-03-03,2026-09-03,129,2025-09-02,2026-09-02,253,128,1,-0.0,1.9202,1.412,2079.9999,2298.9999,2026-09-02,21.8,21.8,1.0,10375000,10375178.991759,-0.0017,0.0,
2026-09-03T16:00:19.349394+00:00,mid_session,KLAC,2026-03-03,2026-09-03,129,2025-09-02,2026-09-02,253,128,1,-0.0,0.2402,0.1541,17125.9995,30070.9985,2026-09-02,172.26,172.26,1.0,6466900,6469528.562787,-0.0406,0.0,
2026-09-03T16:00:19.349394+00:00,mid_session,LLY,2026-03-03,2026-09-03,129,2025-09-02,2026-09-02,253,128,1,-0.0,0.3147,0.1972,115907.9956,127933.9966,2026-09-02,1160.08,1160.08,1.0,2445100,2446970.434963,-0.0764,0.0,
2026-09-03T16:00:19.349394+00:00,mid_session,LOW,2026-03-03,2026-09-03,129,2025-09-02,2026-09-02,253,128,1,-0.0,1.089,0.5953,19883.9996,25761.9992,2026-09-02,199.84,199.84,1.0,2787900,2789920.834851,-0.0724,0.0,
2026-09-03T16:00:19.349394+00:00,mid_session,MCD,2026-03-03,2026-09-03,129,2025-09-02,2026-09-02,253,128,1,0.0,1.3747,1.024,25995.0012,33117.0017,2026-09-02,260.95,260.95,1.0,5106800,5110078.865352,-0.0642,0.0018,
2026-09-03T16:00:19.349394+00:00,mid_session,MRK,2026-03-03,2026-09-03,129,2025-09-02,2026-09-02,253,128,1,-0.0,1.444,0.453,15063.9999,15544.9997,2026-09-02,151.64,151.64,1.0,8969200,8970603.696742,-0.0156,0.0,
2026-09-03T16:00:19.349394+00:00,mid_session,MTB,2026-03-03,2026-09-03,129,2025-09-02,2026-09-02,253,128,1,-0.0,1.3308,0.9652,23447.9996,25309.0,2026-09-02,235.48,235.48,1.0,1159700,1159738,-0.0033,0.0,
2026-09-03T16:00:19.349394+00:00,mid_session,MU,2026-03-03,2026-09-03,129,2025-09-02,2026-09-02,253,128,1,0.0,0.0574,0.0165,95508.0017,121256.0007,2026-09-02,956.08,956.08,1.0,21378500,21440498.939493,-0.2892,0.0005,
2026-09-03T16:00:19.349394+00:00,mid_session,NKE,2026-03-03,2026-09-03,129,2025-09-02,2026-09-02,253,128,1,0.0,1.9272,1.4583,3724.0002,5839.0,2026-09-02,38.24,38.24,1.0,20662700,20727150.297135,-0.3109,0.0131,
2026-09-03T16:00:19.349394+00:00,mid_session,NVDA,2026-03-03,2026-09-03,129,2025-09-02,2026-09-02,253,128,1,0.0,0.1218,0.0594,22341.0004,23474.0011,2026-09-02,224.41,224.41,1.0,156676500,157104683.154645,-0.2725,0.0023,
2026-09-03T16:00:19.349394+00:00,mid_session,ONB,2026-03-03,2026-09-03,129,2025-09-02,2026-09-02,253,128,1,-0.0,1.2172,0.3215,2465.0,2629.0001,2026-09-02,25.65,25.65,1.0,4548600,4548651.00439,-0.0011,0.0198,
2026-09-03T16:00:19.349394+00:00,mid_session,ORLY,2026-03-03,2026-09-03,129,2025-09-02,2026-09-02,253,128,1,0.0,0.0,0.0,8597.0001,9840.0002,2026-09-02,86.97,86.97,1.0,7550000,7550141.256469,-0.0019,0.0057,
2026-09-03T16:00:19.349394+00:00,mid_session,PFE,2026-03-03,2026-09-03,129,2025-09-02,2026-09-02,253,128,1,0.0,3.3153,1.9158,2802.0,2802.0,2026-09-02,29.02,29.02,1.0,39257300,39277907.710593,-0.0525,0.0174,
2026-09-03T16:00:19.349394+00:00,mid_session,PNFP,2026-03-03,2026-09-03,129,2025-09-02,2026-09-02,253,128,1,-0.0,0.9728,0.5651,9908.9996,10802.9999,2026-09-02,100.09,100.09,1.0,1335700,1335691,0.0007,0.0049,
2026-09-03T16:00:19.349394+00:00,mid_session,QCOM,2026-03-03,2026-09-03,129,2025-09-02,2026-09-02,253,128,1,0.5443,1.0036,0.2011,16896.0007,25138.6175,2026-09-02,169.96,169.04,1.0,7525300,,,0.5443,
2026-09-03T16:00:19.349394+00:00,mid_session,RF,2026-03-03,2026-09-03,129,2025-09-02,2026-09-02,253,128,1,0.0,1.9409,1.4421,2893.0,3140.0,2026-09-02,29.93,29.93,1.0,7004400,7004368,0.0005,0.0165,
2026-09-03T16:00:19.349394+00:00,mid_session,SBUX,2026-03-03,2026-09-03,129,2025-09-02,2026-09-02,253,128,1,0.0,1.1506,0.744,10572.0001,10755.0,2026-09-02,106.72,106.72,1.0,5204200,5204520,-0.0061,0.0047,
2026-09-03T16:00:19.349394+00:00,mid_session,SYK,2026-03-03,2026-09-03,129,2025-09-02,2026-09-02,253,128,1,0.0,0.5354,0.2126,31119.0002,38359.001,2026-09-02,312.19,312.19,1.0,2185600,2185661.953199,-0.0028,0.0016,
2026-09-03T16:00:19.349394+00:00,mid_session,TFC,2026-03-03,2026-09-03,129,2025-09-02,2026-09-02,253,128,1,0.0,2.0165,1.2541,4981.0001,5224.9998,2026-09-02,50.81,50.81,1.0,6430900,6430933.136823,-0.0005,0.0,
2026-09-03T16:00:19.349394+00:00,mid_session,TGT,2026-03-03,2026-09-03,129,2025-09-02,2026-09-02,253,128,1,0.0,1.6905,1.0293,16236.0001,16888.9999,2026-09-02,163.36,163.36,1.0,2804600,2805256,-0.0234,0.0,
2026-09-03T16:00:19.349394+00:00,mid_session,TJX,2026-03-03,2026-09-03,129,2025-09-02,2026-09-02,253,128,1,-0.0,0.64,0.4073,13030.9998,16741.0005,2026-09-02,131.31,131.31,1.0,6998900,7000085.473511,-0.0169,0.0,
2026-09-03T16:00:19.349394+00:00,mid_session,TMO,2026-03-03,2026-09-03,129,2025-09-02,2026-09-02,253,128,1,-0.0,0.1988,0.0625,60753.9978,63271.0022,2026-09-02,608.54,608.54,1.0,1617000,1617006.106318,-0.0004,0.0004,
2026-09-03T16:00:19.349394+00:00,mid_session,TSLA,2026-03-03,2026-09-03,129,2025-09-02,2026-09-02,253,128,1,0.0,0.0012,0.0,35601.001,44426.9989,2026-09-02,357.01,357.01,1.0,33848000,33951909.243169,-0.306,0.0,
2026-09-03T16:00:19.349394+00:00,mid_session,TSM,2026-03-03,2026-09-03,129,2025-09-02,2026-09-02,253,128,1,0.0,0.514,0.1497,41450.0,47657.0007,2026-09-02,415.5,415.5,1.0,6284400,6301000.45743,-0.2635,0.0,
2026-09-03T16:00:19.349394+00:00,mid_session,TXN,2026-03-03,2026-09-03,129,2025-09-02,2026-09-02,253,128,1,0.0,1.0124,0.5868,25380.0003,33128.0002,2026-09-02,254.8,254.8,1.0,3879400,3879937,-0.0138,0.002,
2026-09-03T16:00:19.349394+00:00,mid_session,UMBF,2026-03-03,2026-09-03,129,2025-09-02,2026-09-02,253,128,1,0.0,0.7023,0.1906,14091.0004,15103.9993,2026-09-02,141.91,141.91,1.0,671100,671072.415831,0.0041,0.0036,
2026-09-03T16:00:19.349394+00:00,mid_session,UNH,2026-03-03,2026-09-03,129,2025-09-02,2026-09-02,253,128,1,0.0,1.335,0.3434,39866.0004,43535.0006,2026-09-02,399.66,399.66,1.0,3265300,3266755.872676,-0.0446,0.0,
2026-09-03T16:00:19.349394+00:00,mid_session,VRTX,2026-03-03,2026-09-03,129,2025-09-02,2026-09-02,253,128,1,0.0,0.0011,0.0,55575.0,55575.0,2026-09-02,556.75,556.75,1.0,1734500,1734757,-0.0148,0.0,
2026-09-03T16:00:19.349394+00:00,mid_session,ZION,2026-03-03,2026-09-03,129,2025-09-02,2026-09-02,253,128,1,-0.0,1.4169,0.8878,6701.9997,7230.9994,2026-09-02,68.02,68.02,1.0,1172900,1172953.372337,-0.0046,0.0,
2026-09-03T20:30:20.108599+00:00,post_close,ABBV,2026-03-04,2026-09-03,128,2025-09-02,2026-09-02,253,127,1,0.0,1.5237,0.693,26072.0001,26497.0001,2026-09-02,261.72,261.72,1.0,4225200,4225524.923302,-0.0077,0.0,
2026-09-03T20:30:20.108599+00:00,post_close,ABT,2026-03-04,2026-09-03,128,2025-09-02,2026-09-02,253,127,1,0.0,1.3272,0.6488,10947.0001,11566.9998,2026-09-02,110.47,110.47,1.0,8458800,8458886,-0.001,0.0,
2026-09-03T20:30:20.108599+00:00,post_close,ADI,2026-03-04,2026-09-03,128,2025-09-02,2026-09-02,253,127,1,-0.0,0.5761,0.4319,35470.9991,44448.0007,2026-09-02,355.71,355.71,1.0,3338400,3338913,-0.0154,0.0014,
2026-09-03T20:30:20.108599+00:00,post_close,AMAT,2026-03-04,2026-09-03,128,2025-09-02,2026-09-02,253,127,1,-0.0,0.2309,0.1521,43745.9991,72200.0018,2026-09-02,438.46,438.46,1.0,6518400,6523059,-0.0714,0.0,
2026-09-03T20:30:20.108599+00:00,post_close,AMD,2026-03-04,2026-09-03,128,2025-09-02,2026-09-02,253,127,1,-0.0,0.0011,0.0,45605.9998,57990.9973,2026-09-02,457.06,457.06,1.0,11938800,11938812.010796,-0.0001,0.0,
2026-09-03T20:30:20.108599+00:00,post_close,AMGN,2026-03-04,2026-09-03,128,2025-09-02,2026-09-02,253,127,1,-0.0,1.3261,0.839,44183.9996,44283.9996,2026-09-02,442.84,442.84,1.0,2285500,2286291,-0.0346,0.0,
2026-09-03T20:30:20.108599+00:00,post_close,AMZN,2026-03-04,2026-09-03,128,2025-09-02,2026-09-02,253,127,1,-0.0,0.0,0.0,25397.9996,28301.9989,2026-09-02,254.98,254.98,1.0,24013300,24013334.906011,-0.0001,0.002,
2026-09-03T20:30:20.108599+00:00,post_close,ASML,2026-03-04,2026-09-03,128,2025-09-02,2026-09-02,253,127,1,0.0,0.3468,0.1651,168130.0049,198843.9698,2026-09-02,1682.3,1682.3,1.0,872800,873735.601662,-0.1071,0.0003,
2026-09-03T20:30:20.108599+00:00,post_close,AVGO,2026-03-04,2026-09-03,128,2025-09-02,2026-09-02,253,127,1,-0.0,0.367,0.1147,36623.999,48057.0011,2026-09-02,367.24,367.24,1.0,38874600,38874578.79051,0.0001,0.0,
2026-09-03T20:30:20.108599+00:00,post_close,BKNG,2026-03-04,2026-09-03,128,2025-09-02,2026-09-02,253,127,1,0.0,0.4778,0.1319,19860.0006,21341.9998,2026-09-02,199.6,199.6,1.0,4845800,4846065.922547,-0.0055,0.0,
2026-09-03T20:30:20.108599+00:00,post_close,BMY,2026-03-04,2026-09-03,128,2025-09-02,2026-09-02,253,127,1,0.0,2.1254,0.8964,6666.0004,6691.9998,2026-09-02,67.66,67.66,1.0,7823700,7825377.703914,-0.0214,0.0075,
2026-09-03T20:30:20.108599+00:00,post_close,CFG,2026-03-04,2026-09-03,128,2025-09-02,2026-09-02,253,127,1,-0.0,1.3548,0.7416,6877.9999,7373.0003,2026-09-02,69.78,69.78,1.0,5055400,5055435,-0.0007,0.0002,
2026-09-03T20:30:20.108599+00:00,post_close,CFR,2026-03-04,2026-09-03,128,2025-09-02,2026-09-02,253,127,1,0.0,1.3881,0.9768,16066.0004,16908.0013,2026-09-02,161.66,161.66,1.0,431700,431701,-0.0002,0.0032,
2026-09-03T20:30:20.108599+00:00,post_close,FITB,2026-03-04,2026-09-03,128,2025-09-02,2026-09-02,253,127,1,0.0,1.5934,0.5823,5340.0002,5836.9999,2026-09-02,54.4,54.4,1.0,4413600,4413759.358551,-0.0036,0.0,
2026-09-03T20:30:20.108599+00:00,post_close,GILD,2026-03-04,2026-09-03,128,2025-09-02,2026-09-02,253,127,1,0.0,1.2139,0.3959,14861.0001,14891.9998,2026-09-02,149.61,149.61,1.0,4923200,4923290,-0.0018,0.0,
2026-09-03T20:30:20.108599+00:00,post_close,HBAN,2026-03-04,2026-09-03,128,2025-09-02,2026-09-02,253,127,1,-0.0,1.8931,0.5932,1587.9999,1755.9999,2026-09-02,16.88,16.88,1.0,19791000,19790984.140825,0.0001,0.0151,
2026-09-03T20:30:20.108599+00:00,post_close,HD,2026-03-04,2026-09-03,128,2025-09-02,2026-09-02,253,127,1,0.7369,1.4037,0.4121,31751.001,37083.0044,2026-09-02,318.51,316.18,1.0,3499300,,,0.7369,
2026-09-03T20:30:20.108599+00:00,post_close,ISRG,2026-03-04,2026-09-03,128,2025-09-02,2026-09-02,253,127,1,0.0,0.0014,0.0,37088.0005,50017.9993,2026-09-02,371.88,371.88,1.0,2053000,2053566,-0.0276,0.0,
2026-09-03T20:30:20.108599+00:00,post_close,JNJ,2026-03-04,2026-09-03,128,2025-09-02,2026-09-02,253,127,1,-0.0,1.0598,0.7191,27420.9991,27420.9991,2026-09-02,275.21,275.21,1.0,7910600,7913032,-0.0307,0.0,
2026-09-03T20:30:20.108599+00:00,post_close,KEY,2026-03-04,2026-09-03,128,2025-09-02,2026-09-02,253,127,1,-0.0,1.9202,1.408,2079.9999,2298.9999,2026-09-02,21.8,21.8,1.0,10375000,10375178.991759,-0.0017,0.0,
2026-09-03T20:30:20.108599+00:00,post_close,KLAC,2026-03-04,2026-09-03,128,2025-09-02,2026-09-02,253,127,1,-0.0,0.2402,0.1535,17125.9995,30070.9985,2026-09-02,172.26,172.26,1.0,6466900,6469528.562787,-0.0406,0.0,
2026-09-03T20:30:20.108599+00:00,post_close,LLY,2026-03-04,2026-09-03,128,2025-09-02,2026-09-02,253,127,1,-0.0,0.3147,0.1962,115907.9956,127933.9966,2026-09-02,1160.08,1160.08,1.0,2445100,2446970.434963,-0.0764,0.0,
2026-09-03T20:30:20.108599+00:00,post_close,LOW,2026-03-04,2026-09-03,128,2025-09-02,2026-09-02,253,127,1,-0.0,1.089,0.5914,19883.9996,25761.9992,2026-09-02,199.84,199.84,1.0,2787900,2789920.834851,-0.0724,0.0,
2026-09-03T20:30:20.108599+00:00,post_close,MCD,2026-03-04,2026-09-03,128,2025-09-02,2026-09-02,253,127,1,0.0,1.3747,1.0212,25995.0012,33073.9972,2026-09-02,260.95,260.95,1.0,5106800,5110078.865352,-0.0642,0.0018,
2026-09-03T20:30:20.108599+00:00,post_close,MRK,2026-03-04,2026-09-03,128,2025-09-02,2026-09-02,253,127,1,-0.0,1.444,0.4451,15063.9999,15544.9997,2026-09-02,151.64,151.64,1.0,8969200,8970603.696742,-0.0156,0.0,
2026-09-03T20:30:20.108599+00:00,post_close,MTB,2026-03-04,2026-09-03,128,2025-09-02,2026-09-02,253,127,1,-0.0,1.3308,0.9623,23447.9996,25309.0,2026-09-02,235.48,235.48,1.0,1159700,1159738,-0.0033,0.0,
2026-09-03T20:30:20.108599+00:00,post_close,MU,2026-03-04,2026-09-03,128,2025-09-02,2026-09-02,253,127,1,0.0,0.0574,0.0161,95508.0017,121256.0007,2026-09-02,956.08,956.08,1.0,21440500,21440498.939493,0.0,0.0005,
2026-09-03T20:30:20.108599+00:00,post_close,NKE,2026-03-04,2026-09-03,128,2025-09-02,2026-09-02,253,127,1,0.0,1.9272,1.4546,3724.0002,5763.9998,2026-09-02,38.24,38.24,1.0,20727200,20727150.297135,0.0002,0.0131,
2026-09-03T20:30:20.108599+00:00,post_close,NVDA,2026-03-04,2026-09-03,128,2025-09-02,2026-09-02,253,127,1,0.0,0.1218,0.0589,22341.0004,23474.0011,2026-09-02,224.41,224.41,1.0,157104700,157104683.154645,0.0,0.0023,
2026-09-03T20:30:20.108599+00:00,post_close,ONB,2026-03-04,2026-09-03,128,2025-09-02,2026-09-02,253,127,1,-0.0,1.2172,0.3144,2465.0,2629.0001,2026-09-02,25.65,25.65,1.0,4548600,4548651.00439,-0.0011,0.0198,
2026-09-03T20:30:20.108599+00:00,post_close,ORLY,2026-03-04,2026-09-03,128,2025-09-02,2026-09-02,253,127,1,0.0,0.0,0.0,8597.0001,9840.0002,2026-09-02,86.97,86.97,1.0,7550000,7550141.256469,-0.0019,0.0057,
2026-09-03T20:30:20.108599+00:00,post_close,PFE,2026-03-04,2026-09-03,128,2025-09-02,2026-09-02,253,127,1,0.0,3.3153,1.9048,2802.0,2802.0,2026-09-02,29.02,29.02,1.0,39277900,39277907.710593,-0.0,0.0174,
2026-09-03T20:30:20.108599+00:00,post_close,PNFP,2026-03-04,2026-09-03,128,2025-09-02,2026-09-02,253,127,1,-0.0,0.9728,0.5619,9908.9996,10802.9999,2026-09-02,100.09,100.09,1.0,1335700,1335691,0.0007,0.0049,
2026-09-03T20:30:20.108599+00:00,post_close,QCOM,2026-03-04,2026-09-03,128,2025-09-02,2026-09-02,253,127,1,0.5443,1.0036,0.1947,16896.0007,25138.6175,2026-09-02,169.96,169.04,1.0,7525300,,,0.5443,
2026-09-03T20:30:20.108599+00:00,post_close,RF,2026-03-04,2026-09-03,128,2025-09-02,2026-09-02,253,127,1,0.0,1.9409,1.4382,2893.0,3140.0,2026-09-02,29.93,29.93,1.0,7004400,7004368,0.0005,0.0165,
2026-09-03T20:30:20.108599+00:00,post_close,SBUX,2026-03-04,2026-09-03,128,2025-09-02,2026-09-02,253,127,1,0.0,1.1506,0.7408,10572.0001,10755.0,2026-09-02,106.72,106.72,1.0,5204200,5204520,-0.0061,0.0047,
2026-09-03T20:30:20.108599+00:00,post_close,SYK,2026-03-04,2026-09-03,128,2025-09-02,2026-09-02,253,127,1,0.0,0.5354,0.2101,31119.0002,38089.0009,2026-09-02,312.19,312.19,1.0,2185600,2185661.953199,-0.0028,0.0016,
2026-09-03T20:30:20.108599+00:00,post_close,TFC,2026-03-04,2026-09-03,128,2025-09-02,2026-09-02,253,127,1,0.0,2.0165,1.2481,4981.0001,5224.9998,2026-09-02,50.81,50.81,1.0,6430900,6430933.136823,-0.0005,0.0,
2026-09-03T20:30:20.108599+00:00,post_close,TGT,2026-03-04,2026-09-03,128,2025-09-02,2026-09-02,253,127,1,0.0,1.6905,1.0241,16236.0001,16888.9999,2026-09-02,163.36,163.36,1.0,2804600,2805256,-0.0234,0.0,
2026-09-03T20:30:20.108599+00:00,post_close,TJX,2026-03-04,2026-09-03,128,2025-09-02,2026-09-02,253,127,1,-0.0,0.64,0.4055,13030.9998,16741.0005,2026-09-02,131.31,131.31,1.0,6998900,7000085.473511,-0.0169,0.0,
2026-09-03T20:30:20.108599+00:00,post_close,TMO,2026-03-04,2026-09-03,128,2025-09-02,2026-09-02,253,127,1,-0.0,0.1988,0.0614,60753.9978,63271.0022,2026-09-02,608.54,608.54,1.0,1617000,1617006.106318,-0.0004,0.0004,
2026-09-03T20:30:20.108599+00:00,post_close,TSLA,2026-03-04,2026-09-03,128,2025-09-02,2026-09-02,253,127,1,0.0,0.0012,0.0,35601.001,44426.9989,2026-09-02,357.01,357.01,1.0,33951900,33951909.243169,-0.0,0.0,
2026-09-03T20:30:20.108599+00:00,post_close,TSM,2026-03-04,2026-09-03,128,2025-09-02,2026-09-02,253,127,1,0.0,0.514,0.1468,41450.0,47657.0007,2026-09-02,415.5,415.5,1.0,6301000,6301000.45743,-0.0,0.0,
2026-09-03T20:30:20.108599+00:00,post_close,TXN,2026-03-04,2026-09-03,128,2025-09-02,2026-09-02,253,127,1,0.0,1.0124,0.5834,25380.0003,33128.0002,2026-09-02,254.8,254.8,1.0,3879400,3879937,-0.0138,0.002,
2026-09-03T20:30:20.108599+00:00,post_close,UMBF,2026-03-04,2026-09-03,128,2025-09-02,2026-09-02,253,127,1,0.0,0.7023,0.1866,14091.0004,15103.9993,2026-09-02,141.91,141.91,1.0,671100,671072.415831,0.0041,0.0036,
2026-09-03T20:30:20.108599+00:00,post_close,UNH,2026-03-04,2026-09-03,128,2025-09-02,2026-09-02,253,127,1,0.0,1.335,0.3356,39866.0004,43535.0006,2026-09-02,399.66,399.66,1.0,3265300,3266755.872676,-0.0446,0.0,
2026-09-03T20:30:20.108599+00:00,post_close,VRTX,2026-03-04,2026-09-03,128,2025-09-02,2026-09-02,253,127,1,0.0,0.0011,0.0,55575.0,55575.0,2026-09-02,556.75,556.75,1.0,1734500,1734757,-0.0148,0.0,
2026-09-03T20:30:20.108599+00:00,post_close,ZION,2026-03-04,2026-09-03,128,2025-09-02,2026-09-02,253,127,1,-0.0,1.4169,0.8837,6701.9997,7230.9994,2026-09-02,68.02,68.02,1.0,1172900,1172953.372337,-0.0046,0.0,
2026-09-03T21:19:20.460234+00:00,post_close,ABBV,2026-03-04,2026-09-03,128,2025-09-03,2026-09-03,253,128,0,-0.0,1.5237,0.6876,25920.9991,26497.0001,2026-09-03,260.21,260.21,1.0,2754701,1476011.803536,86.6314,0.0,
2026-09-03T21:19:20.460234+00:00,post_close,ABT,2026-03-04,2026-09-03,128,2025-09-03,2026-09-03,253,128,0,0.0,1.3272,0.6437,10779.0001,11566.9998,2026-09-03,108.79,108.79,1.0,5150356,3465448.710643,48.6202,0.0089,
2026-09-03T21:19:20.460234+00:00,post_close,ADI,2026-03-04,2026-09-03,128,2025-09-03,2026-09-03,253,128,0,0.0,0.5761,0.4285,35550.0,44448.0007,2026-09-03,356.5,356.5,1.0,3239813,1402665.056919,130.9755,0.4937,
2026-09-03T21:19:20.460234+00:00,post_close,AMAT,2026-03-04,2026-09-03,128,2025-09-03,2026-09-03,253,128,0,0.0,0.2309,0.1509,43491.0004,72200.0018,2026-09-03,435.91,435.91,1.0,5986162,3927502.819597,52.4165,0.0024,
2026-09-03T21:19:20.460234+00:00,post_close,AMD,2026-03-04,2026-09-03,128,2025-09-03,2026-09-03,253,128,0,0.0,0.0011,0.0,45516.0004,57990.9973,2026-09-03,456.16,456.16,1.0,14653113,11616839.259425,26.1368,0.0993,
2026-09-03T21:19:20.460234+00:00,post_close,AMGN,2026-03-04,2026-09-03,128,2025-09-03,2026-09-03,253,128,0,-0.0,1.3261,0.8325,44311.9995,44311.9995,2026-09-03,444.12,444.12,1.0,1793605,837054.194186,114.2759,0.0,
2026-09-03T21:19:20.460234+00:00,post_close,AMZN,2026-03-04,2026-09-03,128,2025-09-03,2026-09-03,253,128,0,-0.0,0.0,0.0,25789.9994,28301.9989,2026-09-03,258.9,258.9,1.0,25982021,18928884.149084,37.2612,0.0468,
2026-09-03T21:19:20.460234+00:00,post_close,ASML,2026-03-04,2026-09-03,128,2025-09-03,2026-09-03,253,128,0,-0.0,0.3468,0.1638,164518.9941,198843.9698,2026-09-03,1646.1899,1646.19,1.0,1263234,1084738.049759,16.4552,0.0,
2026-09-03T21:19:20.460234+00:00,post_close,AVGO,2026-03-04,2026-09-03,128,2025-09-03,2026-09-03,253,128,0,0.0,0.367,0.1138,35616.0004,48057.0011,2026-09-03,357.16,357.16,1.0,60054873,52540499.922975,14.3021,0.0355,
2026-09-03T21:19:20.460234+00:00,post_close,BKNG,2026-03-04,2026-09-03,128,2025-09-03,2026-09-03,253,128,0,0.0,0.4778,0.1309,19413.0005,21341.9998,2026-09-03,195.13,195.13,1.0,6096098,2872486.216089,112.2238,0.0399,
2026-09-03T21:19:20.460234+00:00,post_close,BMY,2026-03-04,2026-09-03,128,2025-09-03,2026-09-03,253,128,0,-0.0,2.1254,0.8894,6708.9996,6708.9996,2026-09-03,68.09,68.09,1.0,6160055,3299148.801283,86.7165,0.0146,
2026-09-03T21:19:20.460234+00:00,post_close,CFG,2026-03-04,2026-09-03,128,2025-09-03,2026-09-03,253,128,0,0.0,1.3548,0.7358,6983.0002,7373.0003,2026-09-03,70.83,70.83,1.0,2735269,1707518.649794,60.1897,0.0,
2026-09-03T21:19:20.460234+00:00,post_close,CFR,2026-03-04,2026-09-03,128,2025-09-03,2026-09-03,253,128,0,-0.0,1.3881,0.9692,16172.9996,16908.0013,2026-09-03,162.73,162.73,1.0,497109,303973.735645,63.5368,0.0,
2026-09-03T21:19:20.460234+00:00,post_close,FITB,2026-03-04,2026-09-03,128,2025-09-03,2026-09-03,253,128,0,0.0,1.5934,0.5778,5397.0001,5836.9999,2026-09-03,54.97,54.97,1.0,3734199,1953508.645465,91.1534,0.0362,
2026-09-03T21:19:20.460234+00:00,post_close,GILD,2026-03-04,2026-09-03,128,2025-09-03,2026-09-03,253,128,0,0.0,1.2139,0.3928,15022.0001,15022.0001,2026-09-03,151.22,151.22,1.0,4485858,2371772.189481,89.1353,0.0796,
2026-09-03T21:19:20.460234+00:00,post_close,HBAN,2026-03-04,2026-09-03,128,2025-09-03,2026-09-03,253,128,0,-0.0,1.8931,0.5886,1605.9999,1755.9999,2026-09-03,17.06,17.06,1.0,17621230,14737517.96689,19.5671,0.0,
2026-09-03T21:19:20.460234+00:00,post_close,HD,2026-03-04,2026-09-03,128,2025-09-03,2026-09-03,253,128,0,0.0,1.4037,0.4089,31707.0007,37083.0044,2026-09-03,318.07,318.07,1.0,2792572,1964470.792643,42.1539,0.0,
2026-09-03T21:19:20.460234+00:00,post_close,ISRG,2026-03-04,2026-09-03,128,2025-09-03,2026-09-03,253,128,0,-0.0,0.0014,0.0,36882.9987,50017.9993,2026-09-03,369.83,369.83,1.0,1704116,1187614.102555,43.4907,0.0107,
2026-09-03T21:19:20.460234+00:00,post_close,JNJ,2026-03-04,2026-09-03,128,2025-09-03,2026-09-03,253,128,0,-0.0,1.0598,0.7135,27742.9993,27742.9993,2026-09-03,278.43,278.43,1.0,5684912,3412182.850854,66.6063,0.0134,
2026-09-03T21:19:20.460234+00:00,post_close,KEY,2026-03-04,2026-09-03,128,2025-09-03,2026-09-03,253,128,0,0.0,1.9202,1.397,2112.0001,2298.9999,2026-09-03,22.12,22.12,1.0,10341414,7553628.674978,36.9066,0.0225,
2026-09-03T21:19:20.460234+00:00,post_close,KLAC,2026-03-04,2026-09-03,128,2025-09-03,2026-09-03,253,128,0,0.0,0.2402,0.1523,17194.0002,30070.9985,2026-09-03,172.94,172.94,1.0,6680874,4494659.774581,48.6403,0.1682,
2026-09-03T21:19:20.460234+00:00,post_close,LLY,2026-03-04,2026-09-03,128,2025-09-03,2026-09-03,253,128,0,-0.0,0.3147,0.1947,115859.9976,127933.9966,2026-09-03,1159.6,1159.6,1.0,2314568,1267538.102827,82.6034,0.0,
2026-09-03T21:19:20.460234+00:00,post_close,LOW,2026-03-04,2026-09-03,128,2025-09-03,2026-09-03,253,128,0,-0.0,1.089,0.5868,20089.9994,25761.9992,2026-09-03,201.9,201.9,1.0,3242567,2688126.216856,20.6255,0.0,
2026-09-03T21:19:20.460234+00:00,post_close,MCD,2026-03-04,2026-09-03,128,2025-09-03,2026-09-03,253,128,0,0.0,1.3747,1.0133,25863.0005,33074.0003,2026-09-03,259.63,259.63,1.0,4471988,3369188.230738,32.7319,0.0229,
2026-09-03T21:19:20.460234+00:00,post_close,MRK,2026-03-04,2026-09-03,128,2025-09-03,2026-09-03,253,128,0,-0.0,1.444,0.4417,15133.9996,15544.9997,2026-09-03,152.34,152.34,1.0,6286196,3963114.479518,58.6176,0.0,
2026-09-03T21:19:20.460234+00:00,post_close,MTB,2026-03-04,2026-09-03,128,2025-09-03,2026-09-03,253,128,0,-0.0,1.3308,0.9548,23905.9998,25309.0,2026-09-03,240.06,240.06,1.0,689726,389665.092821,77.0048,0.0,
2026-09-03T21:19:20.460234+00:00,post_close,MU,2026-03-04,2026-09-03,128,2025-09-03,2026-09-03,253,128,0,-0.0,0.0574,0.016,95715.9973,121256.0007,2026-09-03,958.16,958.16,1.0,24027814,20841742.711016,15.287,0.0141,
2026-09-03T21:19:20.460234+00:00,post_close,NKE,2026-03-04,2026-09-03,128,2025-09-03,2026-09-03,253,128,0,0.0,1.9272,1.4433,3777.0,5763.9998,2026-09-03,38.77,38.77,1.0,29299745,21267535.412314,37.7675,0.0,
2026-09-03T21:19:20.460234+00:00,post_close,NVDA,2026-03-04,2026-09-03,128,2025-09-03,2026-09-03,253,128,0,-0.0,0.1218,0.0584,22744.9997,23474.0011,2026-09-03,228.45,228.45,1.0,131510571,108137048.971042,21.6147,0.0,
2026-09-03T21:19:20.460234+00:00,post_close,ONB,2026-03-04,2026-09-03,128,2025-09-03,2026-09-03,253,128,0,-0.0,1.2172,0.3119,2498.0,2629.0001,2026-09-03,25.98,25.98,1.0,3209207,2326172.595516,37.9608,0.3902,
2026-09-03T21:19:20.460234+00:00,post_close,ORLY,2026-03-04,2026-09-03,128,2025-09-03,2026-09-03,253,128,0,-0.0,0.0,0.0,8637.9997,9840.0002,2026-09-03,87.38,87.38,1.0,4269424,2089409.331548,104.3364,0.0,
2026-09-03T21:19:20.460234+00:00,post_close,PFE,2026-03-04,2026-09-03,128,2025-09-03,2026-09-03,253,128,0,-0.0,3.3153,1.8899,2780.9999,2802.0,2026-09-03,28.81,28.81,1.0,25316438,18647902.811732,35.7602,0.0,
2026-09-03T21:19:20.460234+00:00,post_close,PNFP,2026-03-04,2026-09-03,128,2025-09-03,2026-09-03,253,128,0,0.0,0.9728,0.5575,10037.0003,10802.9999,2026-09-03,101.37,101.37,1.0,724038,403534.741031,79.424,0.0,
2026-09-03T21:19:20.460234+00:00,post_close,QCOM,2026-03-04,2026-09-03,128,2025-09-03,2026-09-03,253,128,0,0.0,1.0036,0.1932,16757.0007,25138.6175,2026-09-03,168.57,168.57,1.0,6939236,4418254.062346,57.0583,0.0178,
2026-09-03T21:19:20.460234+00:00,post_close,RF,2026-03-04,2026-09-03,128,2025-09-03,2026-09-03,253,128,0,0.0,1.9409,1.427,2944.0001,3140.0,2026-09-03,30.44,30.44,1.0,6286822,4454559.736106,41.1323,0.3337,
2026-09-03T21:19:20.460234+00:00,post_close,SBUX,2026-03-04,2026-09-03,128,2025-09-03,2026-09-03,253,128,0,-0.0,1.1506,0.735,10482.0,10755.0,2026-09-03,105.82,105.82,1.0,4095230,2029607.503923,101.7745,0.0,
2026-09-03T21:19:20.460234+00:00,post_close,SYK,2026-03-04,2026-09-03,128,2025-09-03,2026-09-03,253,128,0,-0.0,0.5354,0.2084,30698.999,38089.0009,2026-09-03,307.99,307.99,1.0,2653739,2153021.564708,23.2565,0.0,
2026-09-03T21:19:20.460234+00:00,post_close,TFC,2026-03-04,2026-09-03,128,2025-09-03,2026-09-03,253,128,0,0.0,2.0165,1.2383,5061.0001,5224.9998,2026-09-03,51.61,51.61,1.0,4756269,3243828.810279,46.6252,0.0,
2026-09-03T21:19:20.460234+00:00,post_close,TGT,2026-03-04,2026-09-03,128,2025-09-03,2026-09-03,253,128,0,-0.0,1.6905,1.0161,16300.9995,16888.9999,2026-09-03,164.01,164.01,1.0,1980468,1627563.780783,21.683,0.0369,
2026-09-03T21:19:20.460234+00:00,post_close,TJX,2026-03-04,2026-09-03,128,2025-09-03,2026-09-03,253,128,0,0.0,0.64,0.4023,13119.0002,16741.0005,2026-09-03,132.19,132.19,1.0,7795156,5751197.156342,35.5397,0.0,
2026-09-03T21:19:20.460234+00:00,post_close,TMO,2026-03-04,2026-09-03,128,2025-09-03,2026-09-03,253,128,0,-0.0,0.1988,0.0609,61742.9993,63271.0022,2026-09-03,618.43,618.43,1.0,1745470,1116397.046105,56.3485,0.0,
2026-09-03T21:19:20.460234+00:00,post_close,TSLA,2026-03-04,2026-09-03,128,2025-09-03,2026-09-03,253,128,0,-0.0,0.0012,0.0,37536.499,44426.9989,2026-09-03,376.365,376.365,1.0,62491472,53390493.329716,17.0461,0.026,
2026-09-03T21:19:20.460234+00:00,post_close,TSM,2026-03-04,2026-09-03,128,2025-09-03,2026-09-03,253,128,0,0.0,0.514,0.1456,41601.001,47657.0007,2026-09-03,417.01,417.01,1.0,7769061,6145231.381674,26.4242,0.0132,
2026-09-03T21:19:20.460234+00:00,post_close,TXN,2026-03-04,2026-09-03,128,2025-09-03,2026-09-03,253,128,0,0.0,1.0124,0.5789,25283.0002,33128.0002,2026-09-03,253.83,253.83,1.0,4096336,2603005.387184,57.3695,0.5752,
2026-09-03T21:19:20.460234+00:00,post_close,UMBF,2026-03-04,2026-09-03,128,2025-09-03,2026-09-03,253,128,0,0.0,0.7023,0.1851,14244.0002,15103.9993,2026-09-03,143.44,143.44,1.0,402108,234672.658024,71.3485,0.0,
2026-09-03T21:19:20.460234+00:00,post_close,UNH,2026-03-04,2026-09-03,128,2025-09-03,2026-09-03,253,128,0,0.0,1.335,0.333,39994.0002,43535.0006,2026-09-03,400.94,400.94,1.0,4431421,2204044.702574,101.0586,0.0,
2026-09-03T21:19:20.460234+00:00,post_close,VRTX,2026-03-04,2026-09-03,128,2025-09-03,2026-09-03,253,128,0,0.0,0.0011,0.0,55696.0022,55696.0022,2026-09-03,557.96,557.96,1.0,799719,414007.339403,93.1654,0.0,
2026-09-03T21:19:20.460234+00:00,post_close,ZION,2026-03-04,2026-09-03,128,2025-09-03,2026-09-03,253,128,0,-0.0,1.4169,0.8767,6830.9998,7230.9994,2026-09-03,69.31,69.31,1.0,1103496,1103496.209029,-0.0,0.0,
2026-09-04T12:31:06.180667+00:00,pre_market,ABBV,2026-03-04,2026-09-03,128,2025-09-03,2026-09-03,253,128,0,-0.0,1.5237,0.6876,25920.9991,26497.0001,2026-09-03,260.21,260.21,1.0,2878400,2878739.060067,-0.0118,0.0,
2026-09-04T12:31:06.180667+00:00,pre_market,ABT,2026-03-04,2026-09-03,128,2025-09-03,2026-09-03,253,128,0,0.0,1.3272,0.6437,10779.0001,11566.9998,2026-09-03,108.79,108.79,1.0,5297500,5297911.60492,-0.0078,0.0,
2026-09-04T12:31:06.180667+00:00,pre_market,ADI,2026-03-04,2026-09-03,128,2025-09-03,2026-09-03,253,128,0,0.0,0.5761,0.4285,35550.0,44448.0007,2026-09-03,356.5,356.5,1.0,3778100,3779304.490298,-0.0319,0.0,
2026-09-04T12:31:06.180667+00:00,pre_market,AMAT,2026-03-04,2026-09-03,128,2025-09-03,2026-09-03,253,128,0,0.0,0.2309,0.1509,43491.0004,72200.0018,2026-09-03,435.91,435.91,1.0,5999200,6004455,-0.0875,0.0012,
2026-09-04T12:31:06.180667+00:00,pre_market,AMD,2026-03-04,2026-09-03,128,2025-09-03,2026-09-03,253,128,0,0.0,0.0011,0.0,45516.0004,57990.9973,2026-09-03,456.16,456.16,1.0,14838600,14868085.661836,-0.1983,0.0,
2026-09-04T12:31:06.180667+00:00,pre_market,AMGN,2026-03-04,2026-09-03,128,2025-09-03,2026-09-03,253,128,0,-0.0,1.3261,0.8325,44311.9995,44311.9995,2026-09-03,444.12,444.12,1.0,1842300,1842496.640163,-0.0107,0.0011,
2026-09-04T12:31:06.180667+00:00,pre_market,AMZN,2026-03-04,2026-09-03,128,2025-09-03,2026-09-03,253,128,0,-0.0,0.0,0.0,25789.9994,28301.9989,2026-09-03,258.9,258.9,1.0,26842900,26891531.17373,-0.1808,0.0,
2026-09-04T12:31:06.180667+00:00,pre_market,ASML,2026-03-04,2026-09-03,128,2025-09-03,2026-09-03,253,128,0,-0.0,0.3468,0.1638,164518.9941,198843.9698,2026-09-03,1646.1899,1646.19,1.0,1437500,1439234,-0.1205,0.0002,
2026-09-04T12:31:06.180667+00:00,pre_market,AVGO,2026-03-04,2026-09-03,128,2025-09-03,2026-09-03,253,128,0,0.0,0.367,0.1138,35616.0004,48057.0011,2026-09-03,357.16,357.16,1.0,60137700,60242595.699352,-0.1741,0.0001,
2026-09-04T12:31:06.180667+00:00,pre_market,BKNG,2026-03-04,2026-09-03,128,2025-09-03,2026-09-03,253,128,0,0.0,0.4778,0.1309,19413.0005,21341.9998,2026-09-03,195.13,195.13,1.0,7376000,7376412.389277,-0.0056,0.0,
2026-09-04T12:31:06.180667+00:00,pre_market,BMY,2026-03-04,2026-09-03,128,2025-09-03,2026-09-03,253,128,0,-0.0,2.1254,0.8894,6708.9996,6708.9996,2026-09-03,68.09,68.09,1.0,6224000,6224199,-0.0032,0.0075,
2026-09-04T12:31:06.180667+00:00,pre_market,CFG,2026-03-04,2026-09-03,128,2025-09-03,2026-09-03,253,128,0,0.0,1.3548,0.7358,6983.0002,7373.0003,2026-09-03,70.83,70.83,1.0,2870600,2870716.64894,-0.0041,0.0,
2026-09-04T12:31:06.180667+00:00,pre_market,CFR,2026-03-04,2026-09-03,128,2025-09-03,2026-09-03,253,128,0,-0.0,1.3881,0.9692,16172.9996,16908.0013,2026-09-03,162.73,162.73,1.0,514900,514961,-0.0118,0.0031,
2026-09-04T12:31:06.180667+00:00,pre_market,FITB,2026-03-04,2026-09-03,128,2025-09-03,2026-09-03,253,128,0,0.0,1.5934,0.5778,5397.0001,5836.9999,2026-09-03,54.97,54.97,1.0,3773900,3773932,-0.0008,0.0028,
2026-09-04T12:31:06.180667+00:00,pre_market,GILD,2026-03-04,2026-09-03,128,2025-09-03,2026-09-03,253,128,0,0.0,1.2139,0.3928,15022.0001,15022.0001,2026-09-03,151.22,151.22,1.0,4497700,4498099,-0.0089,0.0,
2026-09-04T12:31:06.180667+00:00,pre_market,HBAN,2026-03-04,2026-09-03,128,2025-09-03,2026-09-03,253,128,0,-0.0,1.8931,0.5886,1605.9999,1755.9999,2026-09-03,17.06,17.06,1.0,17764000,17764842.442971,-0.0047,0.0,
2026-09-04T12:31:06.180667+00:00,pre_market,HD,2026-03-04,2026-09-03,128,2025-09-03,2026-09-03,253,128,0,0.0,2.1249,1.126,31707.0007,36810.9983,2026-09-03,318.07,318.07,1.0,3377700,3378119.754125,-0.0124,0.0,
2026-09-04T12:31:06.180667+00:00,pre_market,ISRG,2026-03-04,2026-09-03,128,2025-09-03,2026-09-03,253,128,0,-0.0,0.0014,0.0,36882.9987,50017.9993,2026-09-03,369.83,369.83,1.0,1745700,1746254.476507,-0.0318,0.0,
2026-09-04T12:31:06.180667+00:00,pre_market,JNJ,2026-03-04,2026-09-03,128,2025-09-03,2026-09-03,253,128,0,-0.0,1.0598,0.7135,27742.9993,27742.9993,2026-09-03,278.43,278.43,1.0,5940300,5940829.651799,-0.0089,0.0018,
2026-09-04T12:31:06.180667+00:00,pre_market,KEY,2026-03-04,2026-09-03,128,2025-09-03,2026-09-03,253,128,0,0.0,1.9202,1.397,2112.0001,2298.9999,2026-09-03,22.12,22.12,1.0,10341500,10341791.418824,-0.0028,0.0,
2026-09-04T12:31:06.180667+00:00,pre_market,KLAC,2026-03-04,2026-09-03,128,2025-09-03,2026-09-03,253,128,0,0.0,0.2402,0.1523,17194.0002,30070.9985,2026-09-03,172.94,172.94,1.0,6859500,6863516.219073,-0.0585,0.0,
2026-09-04T12:31:06.180667+00:00,pre_market,LLY,2026-03-04,2026-09-03,128,2025-09-03,2026-09-03,253,128,0,-0.0,0.3147,0.1947,115859.9976,127933.9966,2026-09-03,1159.6,1159.6,1.0,2550500,2553292.524832,-0.1094,0.0,
2026-09-04T12:31:06.180667+00:00,pre_market,LOW,2026-03-04,2026-09-03,128,2025-09-03,2026-09-03,253,128,0,-0.0,1.089,0.5868,20089.9994,25761.9992,2026-09-03,201.9,201.9,1.0,3396600,3397146.069451,-0.0161,0.0,
2026-09-04T12:31:06.180667+00:00,pre_market,MCD,2026-03-04,2026-09-03,128,2025-09-03,2026-09-03,253,128,0,0.0,1.3747,1.0133,25863.0005,33074.0003,2026-09-03,259.63,259.63,1.0,4576000,4581563,-0.1214,0.0004,
2026-09-04T12:31:06.180667+00:00,pre_market,MRK,2026-03-04,2026-09-03,128,2025-09-03,2026-09-03,253,128,0,-0.0,1.444,0.4417,15133.9996,15544.9997,2026-09-03,152.34,152.34,1.0,6498300,6498969.328909,-0.0103,0.0,
2026-09-04T12:31:06.180667+00:00,pre_market,MTB,2026-03-04,2026-09-03,128,2025-09-03,2026-09-03,253,128,0,-0.0,1.3308,0.9548,23905.9998,25309.0,2026-09-03,240.06,240.06,1.0,692500,692469,0.0045,0.0,
2026-09-04T12:31:06.180667+00:00,pre_market,MU,2026-03-04,2026-09-03,128,2025-09-03,2026-09-03,253,128,0,-0.0,0.0574,0.016,95715.9973,121256.0007,2026-09-03,958.16,958.16,1.0,24116400,24175871.18954,-0.246,0.0,
2026-09-04T12:31:06.180667+00:00,pre_market,NKE,2026-03-04,2026-09-03,128,2025-09-03,2026-09-03,253,128,0,0.0,1.9272,1.4433,3777.0,5763.9998,2026-09-03,38.77,38.77,1.0,29534500,29597535.982647,-0.213,0.0,
2026-09-04T12:31:06.180667+00:00,pre_market,NVDA,2026-03-04,2026-09-03,128,2025-09-03,2026-09-03,253,128,0,-0.0,0.1218,0.0584,22744.9997,23474.0011,2026-09-03,228.45,228.45,1.0,133994100,134681610.414452,-0.5105,0.0,
2026-09-04T12:31:06.180667+00:00,pre_market,ONB,2026-03-04,2026-09-03,128,2025-09-03,2026-09-03,253,128,0,0.5613,1.2172,0.3163,2498.0,2644.3167,2026-09-03,25.98,25.835,1.0,3372000,3371998.297442,0.0001,0.5808,
2026-09-04T12:31:06.180667+00:00,pre_market,ORLY,2026-03-04,2026-09-03,128,2025-09-03,2026-09-03,253,128,0,-0.0,0.0,0.0,8637.9997,9840.0002,2026-09-03,87.38,87.38,1.0,4310200,4310771.944346,-0.0133,0.0049,
2026-09-04T12:31:06.180667+00:00,pre_market,PFE,2026-03-04,2026-09-03,128,2025-09-03,2026-09-03,253,128,0,-0.0,3.3153,1.8899,2780.9999,2802.0,2026-09-03,28.81,28.81,1.0,26693700,26724290,-0.1145,0.0,
2026-09-04T12:31:06.180667+00:00,pre_market,PNFP,2026-03-04,2026-09-03,128,2025-09-03,2026-09-03,253,128,0,0.0,0.9728,0.5575,10037.0003,10802.9999,2026-09-03,101.37,101.37,1.0,724000,724040,-0.0055,0.0048,
2026-09-04T12:31:06.180667+00:00,pre_market,QCOM,2026-03-04,2026-09-03,128,2025-09-03,2026-09-03,253,128,0,0.0,1.5395,0.725,16757.0007,25001.999,2026-09-03,168.57,168.57,1.0,6992000,6994984.353086,-0.0427,0.0027,
2026-09-04T12:31:06.180667+00:00,pre_market,RF,2026-03-04,2026-09-03,128,2025-09-03,2026-09-03,253,128,0,0.0,1.9409,1.427,2944.0001,3140.0,2026-09-03,30.44,30.44,1.0,6344300,6344487.802401,-0.003,0.0167,
2026-09-04T12:31:06.180667+00:00,pre_market,SBUX,2026-03-04,2026-09-03,128,2025-09-03,2026-09-03,253,128,0,-0.0,1.1506,0.735,10482.0,10755.0,2026-09-03,105.82,105.82,1.0,4217700,4220128,-0.0575,0.0,
2026-09-04T12:31:06.180667+00:00,pre_market,SYK,2026-03-04,2026-09-03,128,2025-09-03,2026-09-03,253,128,0,-0.0,0.5354,0.2084,30698.999,38089.0009,2026-09-03,307.99,307.99,1.0,2656000,2656190,-0.0072,0.0,
2026-09-04T12:31:06.180667+00:00,pre_market,TFC,2026-03-04,2026-09-03,128,2025-09-03,2026-09-03,253,128,0,0.0,2.0165,1.2383,5061.0001,5224.9998,2026-09-03,51.61,51.61,1.0,4759200,4759285.060674,-0.0018,0.0,
2026-09-04T12:31:06.180667+00:00,pre_market,TGT,2026-03-04,2026-09-03,128,2025-09-03,2026-09-03,253,128,0,-0.0,1.6905,1.0161,16300.9995,16888.9999,2026-09-03,164.01,164.01,1.0,1986800,1986981,-0.0091,0.0,
2026-09-04T12:31:06.180667+00:00,pre_market,TJX,2026-03-04,2026-09-03,128,2025-09-03,2026-09-03,253,128,0,0.0,0.64,0.4023,13119.0002,16741.0005,2026-09-03,132.19,132.19,1.0,7841200,7842296.813516,-0.014,0.0038,
2026-09-04T12:31:06.180667+00:00,pre_market,TMO,2026-03-04,2026-09-03,128,2025-09-03,2026-09-03,253,128,0,-0.0,0.1988,0.0609,61742.9993,63271.0022,2026-09-03,618.43,618.43,1.0,1804900,1804933.352901,-0.0018,0.0,
2026-09-04T12:31:06.180667+00:00,pre_market,TSLA,2026-03-04,2026-09-03,128,2025-09-03,2026-09-03,253,128,0,0.0013,0.0013,0.0,37536.9995,44426.9989,2026-09-03,376.37,376.365,1.0,63185000,63600987.652192,-0.6541,0.0013,
2026-09-04T12:31:06.180667+00:00,pre_market,TSM,2026-03-04,2026-09-03,128,2025-09-03,2026-09-03,253,128,0,0.0,0.514,0.1456,41601.001,47657.0007,2026-09-03,417.01,417.01,1.0,7812000,7827764.419634,-0.2014,0.0012,
2026-09-04T12:31:06.180667+00:00,pre_market,TXN,2026-03-04,2026-09-03,128,2025-09-03,2026-09-03,253,128,0,0.0,1.0124,0.5789,25283.0002,33128.0002,2026-09-03,253.83,253.83,1.0,4300000,4301498.250694,-0.0348,0.002,
2026-09-04T12:31:06.180667+00:00,pre_market,UMBF,2026-03-04,2026-09-03,128,2025-09-03,2026-09-03,253,128,0,0.0,0.7023,0.1851,14244.0002,15103.9993,2026-09-03,143.44,143.44,1.0,408700,411005.313157,-0.5609,0.0035,
2026-09-04T12:31:06.180667+00:00,pre_market,UNH,2026-03-04,2026-09-03,128,2025-09-03,2026-09-03,253,128,0,0.0,1.335,0.333,39994.0002,43535.0006,2026-09-03,400.94,400.94,1.0,5488900,5489555.859524,-0.0119,0.0001,
2026-09-04T12:31:06.180667+00:00,pre_market,VRTX,2026-03-04,2026-09-03,128,2025-09-03,2026-09-03,253,128,0,0.0,0.0011,0.0,55696.0022,55696.0022,2026-09-03,557.96,557.96,1.0,800700,800963.940418,-0.033,0.0,
2026-09-04T12:31:06.180667+00:00,pre_market,ZION,2026-03-04,2026-09-03,128,2025-09-03,2026-09-03,253,128,0,-0.0,1.4169,0.8767,6830.9998,7230.9994,2026-09-03,69.31,69.31,1.0,1125400,1125406.81313,-0.0006,0.0,
2026-09-04T16:00:19.470132+00:00,mid_session,ABBV,2026-03-04,2026-09-04,129,2025-09-03,2026-09-03,253,128,1,-0.0,1.5237,0.6876,25920.9991,26497.0001,2026-09-03,260.21,260.21,1.0,2878400,2878739.060067,-0.0118,0.0,
2026-09-04T16:00:19.470132+00:00,mid_session,ABT,2026-03-04,2026-09-04,129,2025-09-03,2026-09-03,253,128,1,0.0,1.3272,0.6437,10779.0001,11566.9998,2026-09-03,108.79,108.79,1.0,5297500,5297911.60492,-0.0078,0.0,
2026-09-04T16:00:19.470132+00:00,mid_session,ADI,2026-03-04,2026-09-04,129,2025-09-03,2026-09-03,253,128,1,0.0,0.5761,0.4285,35550.0,44448.0007,2026-09-03,356.5,356.5,1.0,3778100,3779304.490298,-0.0319,0.0,
2026-09-04T16:00:19.470132+00:00,mid_session,AMAT,2026-03-04,2026-09-04,129,2025-09-03,2026-09-03,253,128,1,0.0,0.2309,0.1509,43491.0004,72200.0018,2026-09-03,435.91,435.91,1.0,5999200,6004455,-0.0875,0.0012,
2026-09-04T16:00:19.470132+00:00,mid_session,AMD,2026-03-04,2026-09-04,129,2025-09-03,2026-09-03,253,128,1,0.0,0.0011,0.0,45516.0004,57990.9973,2026-09-03,456.16,456.16,1.0,14838600,14868085.661836,-0.1983,0.0,
2026-09-04T16:00:19.470132+00:00,mid_session,AMGN,2026-03-04,2026-09-04,129,2025-09-03,2026-09-03,253,128,1,-0.0,1.3261,0.8325,44311.9995,44311.9995,2026-09-03,444.12,444.12,1.0,1842300,1842496.640163,-0.0107,0.0011,
2026-09-04T16:00:19.470132+00:00,mid_session,AMZN,2026-03-04,2026-09-04,129,2025-09-03,2026-09-03,253,128,1,-0.0,0.0,0.0,25789.9994,28301.9989,2026-09-03,258.9,258.9,1.0,26842900,26891531.17373,-0.1808,0.0,
2026-09-04T16:00:19.470132+00:00,mid_session,ASML,2026-03-04,2026-09-04,129,2025-09-03,2026-09-03,253,128,1,-0.0,0.3468,0.1638,164518.9941,198843.9698,2026-09-03,1646.1899,1646.19,1.0,1437500,1439234,-0.1205,0.0002,
2026-09-04T16:00:19.470132+00:00,mid_session,AVGO,2026-03-04,2026-09-04,129,2025-09-03,2026-09-03,253,128,1,0.0,0.367,0.1138,35616.0004,48057.0011,2026-09-03,357.16,357.16,1.0,60137700,60242595.699352,-0.1741,0.0001,
2026-09-04T16:00:19.470132+00:00,mid_session,BKNG,2026-03-04,2026-09-04,129,2025-09-03,2026-09-03,253,128,1,0.0,0.4778,0.1309,19413.0005,21341.9998,2026-09-03,195.13,195.13,1.0,7376000,7376412.389277,-0.0056,0.0,
2026-09-04T16:00:19.470132+00:00,mid_session,BMY,2026-03-04,2026-09-04,129,2025-09-03,2026-09-03,253,128,1,-0.0,2.1254,0.8894,6708.9996,6708.9996,2026-09-03,68.09,68.09,1.0,6224000,6224199,-0.0032,0.0075,
2026-09-04T16:00:19.470132+00:00,mid_session,CFG,2026-03-04,2026-09-04,129,2025-09-03,2026-09-03,253,128,1,0.0,1.3548,0.7358,6983.0002,7373.0003,2026-09-03,70.83,70.83,1.0,2870600,2870716.64894,-0.0041,0.0,
2026-09-04T16:00:19.470132+00:00,mid_session,CFR,2026-03-04,2026-09-04,129,2025-09-03,2026-09-03,253,128,1,-0.0,1.3881,0.9692,16172.9996,16908.0013,2026-09-03,162.73,162.73,1.0,514900,514961,-0.0118,0.0031,
2026-09-04T16:00:19.470132+00:00,mid_session,FITB,2026-03-04,2026-09-04,129,2025-09-03,2026-09-03,253,128,1,0.0,1.5934,0.5778,5397.0001,5836.9999,2026-09-03,54.97,54.97,1.0,3773900,3773932,-0.0008,0.0028,
2026-09-04T16:00:19.470132+00:00,mid_session,GILD,2026-03-04,2026-09-04,129,2025-09-03,2026-09-03,253,128,1,0.0,1.2139,0.3928,15022.0001,15022.0001,2026-09-03,151.22,151.22,1.0,4497700,4498099,-0.0089,0.0,
2026-09-04T16:00:19.470132+00:00,mid_session,HBAN,2026-03-04,2026-09-04,129,2025-09-03,2026-09-03,253,128,1,-0.0,1.8931,0.5886,1605.9999,1755.9999,2026-09-03,17.06,17.06,1.0,17764000,17764842.442971,-0.0047,0.0,
2026-09-04T16:00:19.470132+00:00,mid_session,HD,2026-03-04,2026-09-04,129,2025-09-03,2026-09-03,253,128,1,0.0,2.1249,1.126,31707.0007,36811.0014,2026-09-03,318.07,318.07,1.0,3377700,3378119.754125,-0.0124,0.0,
2026-09-04T16:00:19.470132+00:00,mid_session,ISRG,2026-03-04,2026-09-04,129,2025-09-03,2026-09-03,253,128,1,-0.0,0.0014,0.0,36882.9987,50017.9993,2026-09-03,369.83,369.83,1.0,1745700,1746254.476507,-0.0318,0.0,
2026-09-04T16:00:19.470132+00:00,mid_session,JNJ,2026-03-04,2026-09-04,129,2025-09-03,2026-09-03,253,128,1,-0.0,1.0598,0.7135,27742.9993,27742.9993,2026-09-03,278.43,278.43,1.0,5940300,5940829.651799,-0.0089,0.0018,
2026-09-04T16:00:19.470132+00:00,mid_session,KEY,2026-03-04,2026-09-04,129,2025-09-03,2026-09-03,253,128,1,0.0,1.9202,1.397,2112.0001,2298.9999,2026-09-03,22.12,22.12,1.0,10341500,10341791.418824,-0.0028,0.0,
2026-09-04T16:00:19.470132+00:00,mid_session,KLAC,2026-03-04,2026-09-04,129,2025-09-03,2026-09-03,253,128,1,0.0,0.2402,0.1523,17194.0002,30070.9985,2026-09-03,172.94,172.94,1.0,6859500,6863516.219073,-0.0585,0.0,
2026-09-04T16:00:19.470132+00:00,mid_session,LLY,2026-03-04,2026-09-04,129,2025-09-03,2026-09-03,253,128,1,-0.0,0.3147,0.1947,115859.9976,127933.9966,2026-09-03,1159.6,1159.6,1.0,2550500,2553292.524832,-0.1094,0.0,
2026-09-04T16:00:19.470132+00:00,mid_session,LOW,2026-03-04,2026-09-04,129,2025-09-03,2026-09-03,253,128,1,-0.0,1.089,0.5868,20089.9994,25761.9992,2026-09-03,201.9,201.9,1.0,3396600,3397146.069451,-0.0161,0.0,
2026-09-04T16:00:19.470132+00:00,mid_session,MCD,2026-03-04,2026-09-04,129,2025-09-03,2026-09-03,253,128,1,0.0,1.3747,1.0133,25863.0005,33073.9972,2026-09-03,259.63,259.63,1.0,4576000,4581563,-0.1214,0.0004,
2026-09-04T16:00:19.470132+00:00,mid_session,MRK,2026-03-04,2026-09-04,129,2025-09-03,2026-09-03,253,128,1,-0.0,1.444,0.4417,15133.9996,15544.9997,2026-09-03,152.34,152.34,1.0,6498300,6498969.328909,-0.0103,0.0,
2026-09-04T16:00:19.470132+00:00,mid_session,MTB,2026-03-04,2026-09-04,129,2025-09-03,2026-09-03,253,128,1,-0.0,1.3308,0.9548,23905.9998,25309.0,2026-09-03,240.06,240.06,1.0,692500,692469,0.0045,0.0,
2026-09-04T16:00:19.470132+00:00,mid_session,MU,2026-03-04,2026-09-04,129,2025-09-03,2026-09-03,253,128,1,-0.0,0.0574,0.016,95715.9973,121256.0007,2026-09-03,958.16,958.16,1.0,24116400,24175871.18954,-0.246,0.0,
2026-09-04T16:00:19.470132+00:00,mid_session,NKE,2026-03-04,2026-09-04,129,2025-09-03,2026-09-03,253,128,1,0.0,1.9272,1.4433,3777.0,5763.9998,2026-09-03,38.77,38.77,1.0,29534500,29597535.982647,-0.213,0.0,
2026-09-04T16:00:19.470132+00:00,mid_session,NVDA,2026-03-04,2026-09-04,129,2025-09-03,2026-09-03,253,128,1,-0.0,0.1218,0.0584,22744.9997,23474.0011,2026-09-03,228.45,228.45,1.0,133994100,134681610.414452,-0.5105,0.0,
2026-09-04T16:00:19.470132+00:00,mid_session,ONB,2026-03-04,2026-09-04,129,2025-09-03,2026-09-03,253,128,1,0.5613,1.2172,0.3163,2498.0,2644.3167,2026-09-03,25.98,25.835,1.0,3372000,3371998.297442,0.0001,0.5808,
2026-09-04T16:00:19.470132+00:00,mid_session,ORLY,2026-03-04,2026-09-04,129,2025-09-03,2026-09-03,253,128,1,-0.0,0.0,0.0,8637.9997,9840.0002,2026-09-03,87.38,87.38,1.0,4310200,4310771.944346,-0.0133,0.0049,
2026-09-04T16:00:19.470132+00:00,mid_session,PFE,2026-03-04,2026-09-04,129,2025-09-03,2026-09-03,253,128,1,-0.0,3.3153,1.8899,2780.9999,2802.0,2026-09-03,28.81,28.81,1.0,26693700,26724290,-0.1145,0.0,
2026-09-04T16:00:19.470132+00:00,mid_session,PNFP,2026-03-04,2026-09-04,129,2025-09-03,2026-09-03,253,128,1,0.0,0.9728,0.5575,10037.0003,10802.9999,2026-09-03,101.37,101.37,1.0,724000,724040,-0.0055,0.0048,
2026-09-04T16:00:19.470132+00:00,mid_session,QCOM,2026-03-04,2026-09-04,129,2025-09-03,2026-09-03,253,128,1,0.0,1.5395,0.725,16757.0007,25002.0005,2026-09-03,168.57,168.57,1.0,6992000,6994984.353086,-0.0427,0.0027,
2026-09-04T16:00:19.470132+00:00,mid_session,RF,2026-03-04,2026-09-04,129,2025-09-03,2026-09-03,253,128,1,0.0,1.9409,1.427,2944.0001,3140.0,2026-09-03,30.44,30.44,1.0,6344300,6344487.802401,-0.003,0.0167,
2026-09-04T16:00:19.470132+00:00,mid_session,SBUX,2026-03-04,2026-09-04,129,2025-09-03,2026-09-03,253,128,1,-0.0,1.1506,0.735,10482.0,10755.0,2026-09-03,105.82,105.82,1.0,4217700,4220128,-0.0575,0.0,
2026-09-04T16:00:19.470132+00:00,mid_session,SYK,2026-03-04,2026-09-04,129,2025-09-03,2026-09-03,253,128,1,-0.0,0.5354,0.2084,30698.999,38089.0009,2026-09-03,307.99,307.99,1.0,2656000,2656190,-0.0072,0.0,
2026-09-04T16:00:19.470132+00:00,mid_session,TFC,2026-03-04,2026-09-04,129,2025-09-03,2026-09-03,253,128,1,0.0,2.0165,1.2383,5061.0001,5224.9998,2026-09-03,51.61,51.61,1.0,4759200,4759285.060674,-0.0018,0.0,
2026-09-04T16:00:19.470132+00:00,mid_session,TGT,2026-03-04,2026-09-04,129,2025-09-03,2026-09-03,253,128,1,-0.0,1.6905,1.0161,16300.9995,16888.9999,2026-09-03,164.01,164.01,1.0,1986800,1986981,-0.0091,0.0,
2026-09-04T16:00:19.470132+00:00,mid_session,TJX,2026-03-04,2026-09-04,129,2025-09-03,2026-09-03,253,128,1,0.0,0.64,0.4023,13119.0002,16741.0005,2026-09-03,132.19,132.19,1.0,7841200,7842296.813516,-0.014,0.0038,
2026-09-04T16:00:19.470132+00:00,mid_session,TMO,2026-03-04,2026-09-04,129,2025-09-03,2026-09-03,253,128,1,-0.0,0.1988,0.0609,61742.9993,63271.0022,2026-09-03,618.43,618.43,1.0,1804900,1804933.352901,-0.0018,0.0,
2026-09-04T16:00:19.470132+00:00,mid_session,TSLA,2026-03-04,2026-09-04,129,2025-09-03,2026-09-03,253,128,1,0.0013,0.0013,0.0,37536.9995,44426.9989,2026-09-03,376.37,376.365,1.0,63185000,63600987.652192,-0.6541,0.0013,
2026-09-04T16:00:19.470132+00:00,mid_session,TSM,2026-03-04,2026-09-04,129,2025-09-03,2026-09-03,253,128,1,0.0,0.514,0.1456,41601.001,47657.0007,2026-09-03,417.01,417.01,1.0,7812000,7827764.419634,-0.2014,0.0012,
2026-09-04T16:00:19.470132+00:00,mid_session,TXN,2026-03-04,2026-09-04,129,2025-09-03,2026-09-03,253,128,1,0.0,1.0124,0.5789,25283.0002,33128.0002,2026-09-03,253.83,253.83,1.0,4300000,4301498.250694,-0.0348,0.002,
2026-09-04T16:00:19.470132+00:00,mid_session,UMBF,2026-03-04,2026-09-04,129,2025-09-03,2026-09-03,253,128,1,0.0,0.7023,0.1851,14244.0002,15103.9993,2026-09-03,143.44,143.44,1.0,408700,411005.313157,-0.5609,0.0035,
2026-09-04T16:00:19.470132+00:00,mid_session,UNH,2026-03-04,2026-09-04,129,2025-09-03,2026-09-03,253,128,1,0.0,1.335,0.333,39994.0002,43535.0006,2026-09-03,400.94,400.94,1.0,5488900,5489555.859524,-0.0119,0.0001,
2026-09-04T16:00:19.470132+00:00,mid_session,VRTX,2026-03-04,2026-09-04,129,2025-09-03,2026-09-03,253,128,1,0.0,0.0011,0.0,55696.0022,55696.0022,2026-09-03,557.96,557.96,1.0,800700,800963.940418,-0.033,0.0,
2026-09-04T16:00:19.470132+00:00,mid_session,ZION,2026-03-04,2026-09-04,129,2025-09-03,2026-09-03,253,128,1,-0.0,1.4169,0.8767,6830.9998,7230.9994,2026-09-03,69.31,69.31,1.0,1125400,1125406.81313,-0.0006,0.0,
2026-09-04T20:30:19.469759+00:00,post_close,ABBV,2026-03-05,2026-09-04,128,2025-09-03,2026-09-03,253,127,1,-0.0,1.5237,0.681,25920.9991,26497.0001,2026-09-03,260.21,260.21,1.0,2878400,2878739.060067,-0.0118,0.0,
2026-09-04T20:30:19.469759+00:00,post_close,ABT,2026-03-05,2026-09-04,128,2025-09-03,2026-09-03,253,127,1,0.0,1.3272,0.6383,10779.0001,11566.9998,2026-09-03,108.79,108.79,1.0,5297500,5297911.60492,-0.0078,0.0,
2026-09-04T20:30:19.469759+00:00,post_close,ADI,2026-03-05,2026-09-04,128,2025-09-03,2026-09-03,253,127,1,0.0,0.5761,0.4274,35550.0,44448.0007,2026-09-03,356.5,356.5,1.0,3778100,3779304.490298,-0.0319,0.0,
2026-09-04T20:30:19.469759+00:00,post_close,AMAT,2026-03-05,2026-09-04,128,2025-09-03,2026-09-03,253,127,1,0.0,0.2309,0.1503,43491.0004,72200.0018,2026-09-03,435.91,435.91,1.0,5999200,6004455,-0.0875,0.0012,
2026-09-04T20:30:19.469759+00:00,post_close,AMD,2026-03-05,2026-09-04,128,2025-09-03,2026-09-03,253,127,1,0.0,0.0011,0.0,45516.0004,57990.9973,2026-09-03,456.16,456.16,1.0,14868100,14868085.661836,0.0001,0.0,
2026-09-04T20:30:19.469759+00:00,post_close,AMGN,2026-03-05,2026-09-04,128,2025-09-03,2026-09-03,253,127,1,-0.0,1.3261,0.8286,44311.9995,44311.9995,2026-09-03,444.12,444.12,1.0,1842300,1842496.640163,-0.0107,0.0011,
2026-09-04T20:30:19.469759+00:00,post_close,AMZN,2026-03-05,2026-09-04,128,2025-09-03,2026-09-03,253,127,1,-0.0,0.0,0.0,25789.9994,28301.9989,2026-09-03,258.9,258.9,1.0,26891500,26891531.17373,-0.0001,0.0,
2026-09-04T20:30:19.469759+00:00,post_close,ASML,2026-03-05,2026-09-04,128,2025-09-03,2026-09-03,253,127,1,-0.0,0.3468,0.1624,164518.9941,198843.9698,2026-09-03,1646.1899,1646.19,1.0,1437500,1439234,-0.1205,0.0002,
2026-09-04T20:30:19.469759+00:00,post_close,AVGO,2026-03-05,2026-09-04,128,2025-09-03,2026-09-03,253,127,1,0.0,0.367,0.1118,35616.0004,48057.0011,2026-09-03,357.16,357.16,1.0,60242600,60242595.699352,0.0,0.0001,
2026-09-04T20:30:19.469759+00:00,post_close,BKNG,2026-03-05,2026-09-04,128,2025-09-03,2026-09-03,253,127,1,0.0,0.4778,0.1282,19413.0005,21341.9998,2026-09-03,195.13,195.13,1.0,7376000,7376412.389277,-0.0056,0.0,
2026-09-04T20:30:19.469759+00:00,post_close,BMY,2026-03-05,2026-09-04,128,2025-09-03,2026-09-03,253,127,1,-0.0,2.1254,0.8796,6708.9996,6708.9996,2026-09-03,68.09,68.09,1.0,6224000,6224199,-0.0032,0.0075,
2026-09-04T20:30:19.469759+00:00,post_close,CFG,2026-03-05,2026-09-04,128,2025-09-03,2026-09-03,253,127,1,0.0,1.3548,0.7309,6983.0002,7373.0003,2026-09-03,70.83,70.83,1.0,2870600,2870716.64894,-0.0041,0.0,
2026-09-04T20:30:19.469759+00:00,post_close,CFR,2026-03-05,2026-09-04,128,2025-09-03,2026-09-03,253,127,1,-0.0,1.3881,0.9659,16172.9996,16908.0013,2026-09-03,162.73,162.73,1.0,514900,514961,-0.0118,0.0031,
2026-09-04T20:30:19.469759+00:00,post_close,FITB,2026-03-05,2026-09-04,128,2025-09-03,2026-09-03,253,127,1,0.0,1.5934,0.5698,5397.0001,5836.9999,2026-09-03,54.97,54.97,1.0,3773900,3773932,-0.0008,0.0028,
2026-09-04T20:30:19.469759+00:00,post_close,GILD,2026-03-05,2026-09-04,128,2025-09-03,2026-09-03,253,127,1,0.0,1.2139,0.3864,15022.0001,15022.0001,2026-09-03,151.22,151.22,1.0,4497700,4498099,-0.0089,0.0,
2026-09-04T20:30:19.469759+00:00,post_close,HBAN,2026-03-05,2026-09-04,128,2025-09-03,2026-09-03,253,127,1,-0.0,1.8931,0.5783,1605.9999,1755.9999,2026-09-03,17.06,17.06,1.0,17764000,17764842.442971,-0.0047,0.0,
2026-09-04T20:30:19.469759+00:00,post_close,HD,2026-03-05,2026-09-04,128,2025-09-03,2026-09-03,253,127,1,0.0,2.1249,1.1181,31707.0007,36067.9976,2026-09-03,318.07,318.07,1.0,3377700,3378119.754125,-0.0124,0.0,
2026-09-04T20:30:19.469759+00:00,post_close,ISRG,2026-03-05,2026-09-04,128,2025-09-03,2026-09-03,253,127,1,-0.0,0.0014,0.0,36882.9987,49570.0012,2026-09-03,369.83,369.83,1.0,1745700,1746254.476507,-0.0318,0.0,
2026-09-04T20:30:19.469759+00:00,post_close,JNJ,2026-03-05,2026-09-04,128,2025-09-03,2026-09-03,253,127,1,-0.0,1.0598,0.7108,27742.9993,27742.9993,2026-09-03,278.43,278.43,1.0,5940300,5940829.651799,-0.0089,0.0018,
2026-09-04T20:30:19.469759+00:00,post_close,KEY,2026-03-05,2026-09-04,128,2025-09-03,2026-09-03,253,127,1,0.0,1.9202,1.3929,2112.0001,2298.9999,2026-09-03,22.12,22.12,1.0,10341500,10341791.418824,-0.0028,0.0,
2026-09-04T20:30:19.469759+00:00,post_close,KLAC,2026-03-05,2026-09-04,128,2025-09-03,2026-09-03,253,127,1,0.0,0.2402,0.1516,17194.0002,30070.9985,2026-09-03,172.94,172.94,1.0,6859500,6863516.219073,-0.0585,0.0,
2026-09-04T20:30:19.469759+00:00,post_close,LLY,2026-03-05,2026-09-04,128,2025-09-03,2026-09-03,253,127,1,-0.0,0.3147,0.1938,115859.9976,127933.9966,2026-09-03,1159.6,1159.6,1.0,2550500,2553292.524832,-0.1094,0.0,
2026-09-04T20:30:19.469759+00:00,post_close,LOW,2026-03-05,2026-09-04,128,2025-09-03,2026-09-03,253,127,1,-0.0,1.089,0.5828,20089.9994,25371.0011,2026-09-03,201.9,201.9,1.0,3396600,3397146.069451,-0.0161,0.0,
2026-09-04T20:30:19.469759+00:00,post_close,MCD,2026-03-05,2026-09-04,128,2025-09-03,2026-09-03,253,127,1,0.0,1.3747,1.0104,25863.0005,32979.9987,2026-09-03,259.63,259.63,1.0,4576000,4581563,-0.1214,0.0004,
2026-09-04T20:30:19.469759+00:00,post_close,MRK,2026-03-05,2026-09-04,128,2025-09-03,2026-09-03,253,127,1,-0.0,1.444,0.4338,15133.9996,15544.9997,2026-09-03,152.34,152.34,1.0,6498300,6498969.328909,-0.0103,0.0,
2026-09-04T20:30:19.469759+00:00,post_close,MTB,2026-03-05,2026-09-04,128,2025-09-03,2026-09-03,253,127,1,-0.0,1.3308,0.9518,23905.9998,25309.0,2026-09-03,240.06,240.06,1.0,692500,692469,0.0045,0.0,
2026-09-04T20:30:19.469759+00:00,post_close,MU,2026-03-05,2026-09-04,128,2025-09-03,2026-09-03,253,127,1,-0.0,0.0574,0.0157,95715.9973,121256.0007,2026-09-03,958.16,958.16,1.0,24175900,24175871.18954,0.0001,0.0,
2026-09-04T20:30:19.469759+00:00,post_close,NKE,2026-03-05,2026-09-04,128,2025-09-03,2026-09-03,253,127,1,0.0,1.9272,1.4395,3777.0,5702.0003,2026-09-03,38.77,38.77,1.0,29597500,29597535.982647,-0.0001,0.0,
2026-09-04T20:30:19.469759+00:00,post_close,NVDA,2026-03-05,2026-09-04,128,2025-09-03,2026-09-03,253,127,1,-0.0,0.1218,0.0579,22744.9997,23474.0011,2026-09-03,228.45,228.45,1.0,134681600,134681610.414452,-0.0,0.0,
2026-09-04T20:30:19.469759+00:00,post_close,ONB,2026-03-05,2026-09-04,128,2025-09-03,2026-09-03,253,127,1,0.5613,0.6049,0.3092,2498.0,2644.3167,2026-09-03,25.98,25.835,1.0,3372000,3371998.297442,0.0001,0.5808,
2026-09-04T20:30:19.469759+00:00,post_close,ORLY,2026-03-05,2026-09-04,128,2025-09-03,2026-09-03,253,127,1,-0.0,0.0,0.0,8637.9997,9840.0002,2026-09-03,87.38,87.38,1.0,4310200,4310771.944346,-0.0133,0.0049,
2026-09-04T20:30:19.469759+00:00,post_close,PFE,2026-03-05,2026-09-04,128,2025-09-03,2026-09-03,253,127,1,-0.0,3.3153,1.8787,2780.9999,2802.0,2026-09-03,28.81,28.81,1.0,26724300,26724290,0.0,0.0,
2026-09-04T20:30:19.469759+00:00,post_close,PNFP,2026-03-05,2026-09-04,128,2025-09-03,2026-09-03,253,127,1,0.0,0.9728,0.5542,10037.0003,10802.9999,2026-09-03,101.37,101.37,1.0,724000,724040,-0.0055,0.0048,
2026-09-04T20:30:19.469759+00:00,post_close,QCOM,2026-03-05,2026-09-04,128,2025-09-03,2026-09-03,253,127,1,0.0,0.9073,0.7186,16757.0007,25002.0005,2026-09-03,168.57,168.57,1.0,6992000,6994984.353086,-0.0427,0.0027,
2026-09-04T20:30:19.469759+00:00,post_close,RF,2026-03-05,2026-09-04,128,2025-09-03,2026-09-03,253,127,1,0.0,1.9409,1.4229,2944.0001,3140.0,2026-09-03,30.44,30.44,1.0,6344300,6344487.802401,-0.003,0.0167,
2026-09-04T20:30:19.469759+00:00,post_close,SBUX,2026-03-05,2026-09-04,128,2025-09-03,2026-09-03,253,127,1,-0.0,1.1506,0.7318,10482.0,10755.0,2026-09-03,105.82,105.82,1.0,4217700,4220128,-0.0575,0.0,
2026-09-04T20:30:19.469759+00:00,post_close,SYK,2026-03-05,2026-09-04,128,2025-09-03,2026-09-03,253,127,1,-0.0,0.5354,0.2059,30698.999,36949.9988,2026-09-03,307.99,307.99,1.0,2656000,2656190,-0.0072,0.0,
2026-09-04T20:30:19.469759+00:00,post_close,TFC,2026-03-05,2026-09-04,128,2025-09-03,2026-09-03,253,127,1,0.0,2.0165,1.2322,5061.0001,5224.9998,2026-09-03,51.61,51.61,1.0,4759200,4759285.060674,-0.0018,0.0,
2026-09-04T20:30:19.469759+00:00,post_close,TGT,2026-03-05,2026-09-04,128,2025-09-03,2026-09-03,253,127,1,-0.0,1.6905,1.0108,16300.9995,16888.9999,2026-09-03,164.01,164.01,1.0,1986800,1986981,-0.0091,0.0,
2026-09-04T20:30:19.469759+00:00,post_close,TJX,2026-03-05,2026-09-04,128,2025-09-03,2026-09-03,253,127,1,0.0,0.64,0.4005,13119.0002,16741.0005,2026-09-03,132.19,132.19,1.0,7841200,7842296.813516,-0.014,0.0038,
2026-09-04T20:30:19.469759+00:00,post_close,TMO,2026-03-05,2026-09-04,128,2025-09-03,2026-09-03,253,127,1,-0.0,0.1988,0.0598,61742.9993,63271.0022,2026-09-03,618.43,618.43,1.0,1804900,1804933.352901,-0.0018,0.0,
2026-09-04T20:30:19.469759+00:00,post_close,TSLA,2026-03-05,2026-09-04,128,2025-09-03,2026-09-03,253,127,1,0.0013,0.0013,0.0,37536.9995,44426.9989,2026-09-03,376.37,376.365,1.0,63601000,63600987.652192,0.0,0.0013,
2026-09-04T20:30:19.469759+00:00,post_close,TSM,2026-03-05,2026-09-04,128,2025-09-03,2026-09-03,253,127,1,0.0,0.514,0.1427,41601.001,47657.0007,2026-09-03,417.01,417.01,1.0,7827800,7827764.419634,0.0005,0.0012,
2026-09-04T20:30:19.469759+00:00,post_close,TXN,2026-03-05,2026-09-04,128,2025-09-03,2026-09-03,253,127,1,0.0,1.0124,0.5754,25283.0002,33128.0002,2026-09-03,253.83,253.83,1.0,4300000,4301498.250694,-0.0348,0.002,
2026-09-04T20:30:19.469759+00:00,post_close,UMBF,2026-03-05,2026-09-04,128,2025-09-03,2026-09-03,253,127,1,0.0,0.7023,0.181,14244.0002,15103.9993,2026-09-03,143.44,143.44,1.0,408700,411005.313157,-0.5609,0.0035,
2026-09-04T20:30:19.469759+00:00,post_close,UNH,2026-03-05,2026-09-04,128,2025-09-03,2026-09-03,253,127,1,0.0,1.335,0.3251,39994.0002,43535.0006,2026-09-03,400.94,400.94,1.0,5488900,5489555.859524,-0.0119,0.0001,
2026-09-04T20:30:19.469759+00:00,post_close,VRTX,2026-03-05,2026-09-04,128,2025-09-03,2026-09-03,253,127,1,0.0,0.0011,0.0,55696.0022,55696.0022,2026-09-03,557.96,557.96,1.0,800700,800963.940418,-0.033,0.0,
2026-09-04T20:30:19.469759+00:00,post_close,ZION,2026-03-05,2026-09-04,128,2025-09-03,2026-09-03,253,127,1,-0.0,1.4169,0.8725,6830.9998,7230.9994,2026-09-03,69.31,69.31,1.0,1125400,1125406.81313,-0.0006,0.0,
2026-09-07T12:37:30.810318+00:00,pre_market,ABBV,2026-03-05,2026-09-04,128,2025-09-04,2026-09-04,253,128,0,-0.0,1.5237,0.6757,25545.9991,26497.0001,2026-09-04,256.46,256.46,1.0,4728800,4729800.613164,-0.0212,0.0,
2026-09-07T12:37:30.810318+00:00,pre_market,ABT,2026-03-05,2026-09-04,128,2025-09-04,2026-09-04,253,128,0,0.0,1.3272,0.6334,10733.0002,11566.9998,2026-09-04,108.33,108.33,1.0,7029300,7029454.868902,-0.0022,0.0046,
2026-09-07T12:37:30.810318+00:00,pre_market,ADI,2026-03-05,2026-09-04,128,2025-09-04,2026-09-04,253,128,0,0.0,0.5761,0.424,36125.0,44448.0007,2026-09-04,362.25,362.25,1.0,3559800,3560584,-0.022,0.0014,
2026-09-07T12:37:30.810318+00:00,pre_market,AMAT,2026-03-05,2026-09-04,128,2025-09-04,2026-09-04,253,128,0,-0.0,0.2309,0.1491,45370.9991,72200.0018,2026-09-04,454.71,454.71,1.0,6009400,6016831.09038,-0.1235,0.0,
2026-09-07T12:37:30.810318+00:00,pre_market,AMD,2026-03-05,2026-09-04,128,2025-09-04,2026-09-04,253,128,0,0.0,0.0011,0.0,47657.0007,57990.9973,2026-09-04,477.57,477.57,1.0,19651900,19678742.23887,-0.1364,0.0,
2026-09-07T12:37:30.810318+00:00,pre_market,AMGN,2026-03-05,2026-09-04,128,2025-09-04,2026-09-04,253,128,0,0.0,1.3261,0.8221,43623.0011,44311.9995,2026-09-04,437.23,437.23,1.0,1648800,1656089.415759,-0.4402,0.0,
2026-09-07T12:37:30.810318+00:00,pre_market,AMZN,2026-03-05,2026-09-04,128,2025-09-04,2026-09-04,253,128,0,0.0,0.0,0.0,25751.001,28301.9989,2026-09-04,258.51,258.51,1.0,30698000,30749912.936259,-0.1688,0.0,
2026-09-07T12:37:30.810318+00:00,pre_market,ASML,2026-03-05,2026-09-04,128,2025-09-04,2026-09-04,253,128,0,0.0,0.3468,0.1611,171388.0005,198843.9698,2026-09-04,1714.88,1714.88,1.0,1288700,1289622.128058,-0.0715,0.0003,
2026-09-07T12:37:30.810318+00:00,pre_market,AVGO,2026-03-05,2026-09-04,128,2025-09-04,2026-09-04,253,128,0,0.0014,0.367,0.111,35689.9994,48057.0011,2026-09-04,357.9,357.895,1.0,32773600,32863265.07772,-0.2728,0.0014,
2026-09-07T12:37:30.810318+00:00,pre_market,BKNG,2026-03-05,2026-09-04,128,2025-09-04,2026-09-04,253,128,0,-0.0,0.4778,0.1272,19228.9993,21341.9998,2026-09-04,193.29,193.29,1.0,6320100,6321497.053208,-0.0221,0.0,
2026-09-07T12:37:30.810318+00:00,pre_market,BMY,2026-03-05,2026-09-04,128,2025-09-04,2026-09-04,253,128,0,-0.0,2.1254,0.8728,6582.0,6708.9996,2026-09-04,66.82,66.82,1.0,4825300,4825447,-0.003,0.0075,
2026-09-07T12:37:30.810318+00:00,pre_market,CFG,2026-03-05,2026-09-04,128,2025-09-04,2026-09-04,253,128,0,-0.0,1.3548,0.7252,6977.9999,7373.0003,2026-09-04,70.78,70.78,1.0,1948300,1948366.030799,-0.0034,0.0,
2026-09-07T12:37:30.810318+00:00,pre_market,CFR,2026-03-05,2026-09-04,128,2025-09-04,2026-09-04,253,128,0,-0.0,1.3881,0.9583,16161.9995,16908.0013,2026-09-04,162.62,162.62,1.0,543700,543693,0.0013,0.0,
2026-09-07T12:37:30.810318+00:00,pre_market,FITB,2026-03-05,2026-09-04,128,2025-09-04,2026-09-04,253,128,0,-0.0,1.5934,0.5653,5386.9999,5836.9999,2026-09-04,54.87,54.87,1.0,3125200,3125175.935782,0.0008,0.0,
2026-09-07T12:37:30.810318+00:00,pre_market,GILD,2026-03-05,2026-09-04,128,2025-09-04,2026-09-04,253,128,0,0.0033,1.2139,0.3834,15000.0,15022.0001,2026-09-04,151.0,150.995,1.0,6181300,6181783,-0.0078,0.0033,
2026-09-07T12:37:30.810318+00:00,pre_market,HBAN,2026-03-05,2026-09-04,128,2025-09-04,2026-09-04,253,128,0,0.0,1.8931,0.5738,1603.0001,1755.9999,2026-09-04,17.03,17.03,1.0,13259900,13262451.359095,-0.0192,0.0118,
2026-09-07T12:37:30.810318+00:00,pre_market,HD,2026-03-05,2026-09-04,128,2025-09-04,2026-09-04,253,128,0,-0.0,2.1249,1.1094,32004.9988,36068.0008,2026-09-04,321.05,321.05,1.0,2261000,2262388.334353,-0.0614,0.0,
2026-09-07T12:37:30.810318+00:00,pre_market,ISRG,2026-03-05,2026-09-04,128,2025-09-04,2026-09-04,253,128,0,0.0,0.0014,0.0,36570.0012,49570.0012,2026-09-04,366.7,366.7,1.0,2081300,2081783.343675,-0.0232,0.0,
2026-09-07T12:37:30.810318+00:00,pre_market,JNJ,2026-03-05,2026-09-04,128,2025-09-04,2026-09-04,253,128,0,0.0,1.0598,0.7052,27423.0011,27742.9993,2026-09-04,275.23,275.23,1.0,4320100,4320878.767603,-0.018,0.0,
2026-09-07T12:37:30.810318+00:00,pre_market,KEY,2026-03-05,2026-09-04,128,2025-09-04,2026-09-04,253,128,0,0.0,1.9202,1.382,2118.0,2298.9999,2026-09-04,22.18,22.18,1.0,9683300,9683254.441627,0.0005,0.0,
2026-09-07T12:37:30.810318+00:00,pre_market,KLAC,2026-03-05,2026-09-04,128,2025-09-04,2026-09-04,253,128,0,0.0,0.2402,0.1504,18460.0006,30070.9985,2026-09-04,185.6,185.6,1.0,12720000,12725635,-0.0443,0.0,
2026-09-07T12:37:30.810318+00:00,pre_market,LLY,2026-03-05,2026-09-04,128,2025-09-04,2026-09-04,253,128,0,-0.0,0.3147,0.1922,114835.9985,127933.9966,2026-09-04,1149.36,1149.36,1.0,2218900,2220270.446188,-0.0617,0.0004,
2026-09-07T12:37:30.810318+00:00,pre_market,LOW,2026-03-05,2026-09-04,128,2025-09-04,2026-09-04,253,128,0,-0.0,1.089,0.5783,20344.9997,25371.0011,2026-09-04,204.45,204.45,1.0,2436100,2436937.767871,-0.0344,0.0,
2026-09-07T12:37:30.810318+00:00,pre_market,MCD,2026-03-05,2026-09-04,128,2025-09-04,2026-09-04,253,128,0,0.0,1.3747,1.0025,25469.0002,32979.9987,2026-09-04,255.69,255.69,1.0,4213700,4225531.146779,-0.28,0.0,
2026-09-07T12:37:30.810318+00:00,pre_market,MRK,2026-03-05,2026-09-04,128,2025-09-04,2026-09-04,253,128,0,0.0,1.444,0.4304,14933.0002,15544.9997,2026-09-04,150.33,150.33,1.0,4395400,4397467.705343,-0.047,0.0033,
2026-09-07T12:37:30.810318+00:00,pre_market,MTB,2026-03-05,2026-09-04,128,2025-09-04,2026-09-04,253,128,0,-0.0,1.3308,0.9444,23883.9996,25309.0,2026-09-04,239.84,239.84,1.0,676900,677119,-0.0323,0.0,
2026-09-07T12:37:30.810318+00:00,pre_market,MU,2026-03-05,2026-09-04,128,2025-09-04,2026-09-04,253,128,0,0.0,0.0574,0.0156,101559.0027,121256.0007,2026-09-04,1016.59,1016.59,1.0,35116600,35249519.423002,-0.3771,0.0005,
2026-09-07T12:37:30.810318+00:00,pre_market,NKE,2026-03-05,2026-09-04,128,2025-09-04,2026-09-04,253,128,0,0.0,1.9272,1.4282,3740.0002,5702.0003,2026-09-04,38.4,38.4,1.0,20604300,20631563.489708,-0.1321,0.0129,
2026-09-07T12:37:30.810318+00:00,pre_market,NVDA,2026-03-05,2026-09-04,128,2025-09-04,2026-09-04,253,128,0,0.0,0.1218,0.0575,22936.0001,23474.0011,2026-09-04,230.36,230.36,1.0,134946800,135352420.334354,-0.2997,0.0,
2026-09-07T12:37:30.810318+00:00,pre_market,ONB,2026-03-05,2026-09-04,128,2025-09-04,2026-09-04,253,128,0,0.0,1.1597,0.8542,2504.0001,2629.0001,2026-09-04,26.04,26.04,1.0,2647700,2648251.014081,-0.0208,0.0,
2026-09-07T12:37:30.810318+00:00,pre_market,ORLY,2026-03-05,2026-09-04,128,2025-09-04,2026-09-04,253,128,0,-0.0,0.0,0.0,8688.9999,9840.0002,2026-09-04,87.89,87.89,1.0,3790400,3790992,-0.0156,0.0,
2026-09-07T12:37:30.810318+00:00,pre_market,PFE,2026-03-05,2026-09-04,128,2025-09-04,2026-09-04,253,128,0,0.0,3.3153,1.864,2745.0001,2802.0,2026-09-04,28.45,28.45,1.0,23782900,23791956.337855,-0.0381,0.0,
2026-09-07T12:37:30.810318+00:00,pre_market,PNFP,2026-03-05,2026-09-04,128,2025-09-04,2026-09-04,253,128,0,0.0,0.9728,0.5499,10001.0002,10802.9999,2026-09-04,101.01,101.01,1.0,534000,533985,0.0028,0.0009,
2026-09-07T12:37:30.810318+00:00,pre_market,QCOM,2026-03-05,2026-09-04,128,2025-09-04,2026-09-04,253,128,0,0.0,0.9073,0.713,16774.0005,25002.0005,2026-09-04,168.74,168.74,1.0,8531400,8537131.56908,-0.0671,0.0,
2026-09-07T12:37:30.810318+00:00,pre_market,RF,2026-03-05,2026-09-04,128,2025-09-04,2026-09-04,253,128,0,0.0,1.9409,1.4118,2942.0,3140.0,2026-09-04,30.42,30.42,1.0,6236100,6236327,-0.0036,0.0163,
2026-09-07T12:37:30.810318+00:00,pre_market,SBUX,2026-03-05,2026-09-04,128,2025-09-04,2026-09-04,253,128,0,0.0,1.1506,0.7261,10347.0001,10755.0,2026-09-04,104.47,104.47,1.0,4600800,4604288,-0.0758,0.0,
2026-09-07T12:37:30.810318+00:00,pre_market,SYK,2026-03-05,2026-09-04,128,2025-09-04,2026-09-04,253,128,0,0.0,0.5354,0.2042,30213.0005,36949.9988,2026-09-04,303.13,303.13,1.0,2401400,2401462,-0.0026,0.0016,
2026-09-07T12:37:30.810318+00:00,pre_market,TFC,2026-03-05,2026-09-04,128,2025-09-04,2026-09-04,253,128,0,0.0,2.0165,1.2226,5065.0002,5224.9998,2026-09-04,51.65,51.65,1.0,4614600,4614751,-0.0033,0.0,
2026-09-07T12:37:30.810318+00:00,pre_market,TGT,2026-03-05,2026-09-04,128,2025-09-04,2026-09-04,253,128,0,0.0,1.6905,1.0029,16344.0002,16888.9999,2026-09-04,164.44,164.44,1.0,2865600,2866300.445791,-0.0244,0.0,
2026-09-07T12:37:30.810318+00:00,pre_market,TJX,2026-03-05,2026-09-04,128,2025-09-04,2026-09-04,253,128,0,0.0,0.64,0.3973,13108.0002,16741.0005,2026-09-04,132.08,132.08,1.0,7265600,7267740,-0.0294,0.0,
2026-09-07T12:37:30.810318+00:00,pre_market,TMO,2026-03-05,2026-09-04,128,2025-09-04,2026-09-04,253,128,0,0.0,0.1988,0.0594,61278.0029,63271.0022,2026-09-04,613.78,613.78,1.0,1228900,1229134.633711,-0.0191,0.0008,
2026-09-07T12:37:30.810318+00:00,pre_market,TSLA,2026-03-05,2026-09-04,128,2025-09-04,2026-09-04,253,128,0,-0.0,0.0013,0.0,35307.9987,44426.9989,2026-09-04,354.08,354.08,1.0,64829000,65018209.883669,-0.291,0.0,
2026-09-07T12:37:30.810318+00:00,pre_market,TSM,2026-03-05,2026-09-04,128,2025-09-04,2026-09-04,253,128,0,0.0,0.514,0.1416,42791.0004,47657.0007,2026-09-04,428.91,428.91,1.0,12276300,12283895,-0.0618,0.0,
2026-09-07T12:37:30.810318+00:00,pre_market,TXN,2026-03-05,2026-09-04,128,2025-09-04,2026-09-04,253,128,0,0.0,1.0124,0.5709,25744.0002,33128.0002,2026-09-04,258.44,258.44,1.0,4242600,4244015.700667,-0.0334,0.002,
2026-09-07T12:37:30.810318+00:00,pre_market,UMBF,2026-03-05,2026-09-04,128,2025-09-04,2026-09-04,253,128,0,-0.0,0.7023,0.1796,14275.9995,15103.9993,2026-09-04,143.76,143.76,1.0,400200,400244.841356,-0.0112,0.0,
2026-09-07T12:37:30.810318+00:00,pre_market,UNH,2026-03-05,2026-09-04,128,2025-09-04,2026-09-04,253,128,0,0.0,1.335,0.3226,39614.0015,43535.0006,2026-09-04,397.14,397.14,1.0,5565400,5566518.998982,-0.0201,0.0012,
2026-09-07T12:37:30.810318+00:00,pre_market,VRTX,2026-03-05,2026-09-04,128,2025-09-04,2026-09-04,253,128,0,-0.0,0.0011,0.0,54511.9995,55696.0022,2026-09-04,546.12,546.12,1.0,803300,803524.204677,-0.0279,0.0,
2026-09-07T12:37:30.810318+00:00,pre_market,ZION,2026-03-05,2026-09-04,128,2025-09-04,2026-09-04,253,128,0,0.0,1.4169,0.8657,6837.0003,7230.9994,2026-09-04,69.37,69.37,1.0,820600,820618,-0.0022,0.0,
2026-09-07T16:00:03.233617+00:00,mid_session,ABBV,2026-03-05,2026-09-04,128,2025-09-04,2026-09-04,253,128,0,-0.0,1.5237,0.6757,25545.9991,26497.0001,2026-09-04,256.46,256.46,1.0,4728800,4729800.613164,-0.0212,0.0,
2026-09-07T16:00:03.233617+00:00,mid_session,ABT,2026-03-05,2026-09-04,128,2025-09-04,2026-09-04,253,128,0,0.0,1.3272,0.6334,10733.0002,11566.9998,2026-09-04,108.33,108.33,1.0,7029300,7029454.868902,-0.0022,0.0046,
2026-09-07T16:00:03.233617+00:00,mid_session,ADI,2026-03-05,2026-09-04,128,2025-09-04,2026-09-04,253,128,0,0.0,0.5761,0.424,36125.0,44448.0007,2026-09-04,362.25,362.25,1.0,3559800,3560584,-0.022,0.0014,
2026-09-07T16:00:03.233617+00:00,mid_session,AMAT,2026-03-05,2026-09-04,128,2025-09-04,2026-09-04,253,128,0,-0.0,0.2309,0.1491,45370.9991,72200.0018,2026-09-04,454.71,454.71,1.0,6009400,6016831.09038,-0.1235,0.0,
2026-09-07T16:00:03.233617+00:00,mid_session,AMD,2026-03-05,2026-09-04,128,2025-09-04,2026-09-04,253,128,0,0.0,0.0011,0.0,47657.0007,57990.9973,2026-09-04,477.57,477.57,1.0,19651900,19678742.23887,-0.1364,0.0,
2026-09-07T16:00:03.233617+00:00,mid_session,AMGN,2026-03-05,2026-09-04,128,2025-09-04,2026-09-04,253,128,0,0.0,1.3261,0.8221,43623.0011,44311.9995,2026-09-04,437.23,437.23,1.0,1648800,1656089.415759,-0.4402,0.0,
2026-09-07T16:00:03.233617+00:00,mid_session,AMZN,2026-03-05,2026-09-04,128,2025-09-04,2026-09-04,253,128,0,0.0,0.0,0.0,25751.001,28301.9989,2026-09-04,258.51,258.51,1.0,30698000,30749912.936259,-0.1688,0.0,
2026-09-07T16:00:03.233617+00:00,mid_session,ASML,2026-03-05,2026-09-04,128,2025-09-04,2026-09-04,253,128,0,0.0,0.3468,0.1611,171388.0005,198843.9698,2026-09-04,1714.88,1714.88,1.0,1288700,1289622.128058,-0.0715,0.0003,
2026-09-07T16:00:03.233617+00:00,mid_session,AVGO,2026-03-05,2026-09-04,128,2025-09-04,2026-09-04,253,128,0,0.0014,0.367,0.111,35689.9994,48057.0011,2026-09-04,357.9,357.895,1.0,32773600,32863265.07772,-0.2728,0.0014,
2026-09-07T16:00:03.233617+00:00,mid_session,BKNG,2026-03-05,2026-09-04,128,2025-09-04,2026-09-04,253,128,0,-0.0,0.4778,0.1272,19228.9993,21341.9998,2026-09-04,193.29,193.29,1.0,6320100,6321497.053208,-0.0221,0.0,
2026-09-07T16:00:03.233617+00:00,mid_session,BMY,2026-03-05,2026-09-04,128,2025-09-04,2026-09-04,253,128,0,-0.0,2.1254,0.8728,6582.0,6708.9996,2026-09-04,66.82,66.82,1.0,4825300,4825447,-0.003,0.0075,
2026-09-07T16:00:03.233617+00:00,mid_session,CFG,2026-03-05,2026-09-04,128,2025-09-04,2026-09-04,253,128,0,-0.0,1.3548,0.7252,6977.9999,7373.0003,2026-09-04,70.78,70.78,1.0,1948300,1948366.030799,-0.0034,0.0,
2026-09-07T16:00:03.233617+00:00,mid_session,CFR,2026-03-05,2026-09-04,128,2025-09-04,2026-09-04,253,128,0,-0.0,1.3881,0.9583,16161.9995,16908.0013,2026-09-04,162.62,162.62,1.0,543700,543693,0.0013,0.0,
2026-09-07T16:00:03.233617+00:00,mid_session,FITB,2026-03-05,2026-09-04,128,2025-09-04,2026-09-04,253,128,0,-0.0,1.5934,0.5653,5386.9999,5836.9999,2026-09-04,54.87,54.87,1.0,3125200,3125175.935782,0.0008,0.0,
2026-09-07T16:00:03.233617+00:00,mid_session,GILD,2026-03-05,2026-09-04,128,2025-09-04,2026-09-04,253,128,0,0.0033,1.2139,0.3834,15000.0,15022.0001,2026-09-04,151.0,150.995,1.0,6181300,6181783,-0.0078,0.0033,
2026-09-07T16:00:03.233617+00:00,mid_session,HBAN,2026-03-05,2026-09-04,128,2025-09-04,2026-09-04,253,128,0,0.0,1.8931,0.5738,1603.0001,1755.9999,2026-09-04,17.03,17.03,1.0,13259900,13262451.359095,-0.0192,0.0118,
2026-09-07T16:00:03.233617+00:00,mid_session,HD,2026-03-05,2026-09-04,128,2025-09-04,2026-09-04,253,128,0,-0.0,2.1249,1.1094,32004.9988,36068.0008,2026-09-04,321.05,321.05,1.0,2261000,2262388.334353,-0.0614,0.0,
2026-09-07T16:00:03.233617+00:00,mid_session,ISRG,2026-03-05,2026-09-04,128,2025-09-04,2026-09-04,253,128,0,0.0,0.0014,0.0,36570.0012,49570.0012,2026-09-04,366.7,366.7,1.0,2081300,2081783.343675,-0.0232,0.0,
2026-09-07T16:00:03.233617+00:00,mid_session,JNJ,2026-03-05,2026-09-04,128,2025-09-04,2026-09-04,253,128,0,0.0,1.0598,0.7052,27423.0011,27742.9993,2026-09-04,275.23,275.23,1.0,4320100,4320878.767603,-0.018,0.0,
2026-09-07T16:00:03.233617+00:00,mid_session,KEY,2026-03-05,2026-09-04,128,2025-09-04,2026-09-04,253,128,0,0.0,1.9202,1.382,2118.0,2298.9999,2026-09-04,22.18,22.18,1.0,9683300,9683254.441627,0.0005,0.0,
2026-09-07T16:00:03.233617+00:00,mid_session,KLAC,2026-03-05,2026-09-04,128,2025-09-04,2026-09-04,253,128,0,0.0,0.2402,0.1504,18460.0006,30070.9985,2026-09-04,185.6,185.6,1.0,12720000,12725635,-0.0443,0.0,
2026-09-07T16:00:03.233617+00:00,mid_session,LLY,2026-03-05,2026-09-04,128,2025-09-04,2026-09-04,253,128,0,-0.0,0.3147,0.1922,114835.9985,127933.9966,2026-09-04,1149.36,1149.36,1.0,2218900,2220270.446188,-0.0617,0.0004,
2026-09-07T16:00:03.233617+00:00,mid_session,LOW,2026-03-05,2026-09-04,128,2025-09-04,2026-09-04,253,128,0,-0.0,1.089,0.5783,20344.9997,25371.0011,2026-09-04,204.45,204.45,1.0,2436100,2436937.767871,-0.0344,0.0,
2026-09-07T16:00:03.233617+00:00,mid_session,MCD,2026-03-05,2026-09-04,128,2025-09-04,2026-09-04,253,128,0,0.0,1.3747,1.0025,25469.0002,32979.9987,2026-09-04,255.69,255.69,1.0,4213700,4225531.146779,-0.28,0.0,
2026-09-07T16:00:03.233617+00:00,mid_session,MRK,2026-03-05,2026-09-04,128,2025-09-04,2026-09-04,253,128,0,0.0,1.444,0.4304,14933.0002,15544.9997,2026-09-04,150.33,150.33,1.0,4395400,4397467.705343,-0.047,0.0033,
2026-09-07T16:00:03.233617+00:00,mid_session,MTB,2026-03-05,2026-09-04,128,2025-09-04,2026-09-04,253,128,0,-0.0,1.3308,0.9444,23883.9996,25309.0,2026-09-04,239.84,239.84,1.0,676900,677119,-0.0323,0.0,
2026-09-07T16:00:03.233617+00:00,mid_session,MU,2026-03-05,2026-09-04,128,2025-09-04,2026-09-04,253,128,0,0.0,0.0574,0.0156,101559.0027,121256.0007,2026-09-04,1016.59,1016.59,1.0,35116600,35249519.423002,-0.3771,0.0005,
2026-09-07T16:00:03.233617+00:00,mid_session,NKE,2026-03-05,2026-09-04,128,2025-09-04,2026-09-04,253,128,0,0.0,1.9272,1.4282,3740.0002,5702.0003,2026-09-04,38.4,38.4,1.0,20604300,20631563.489708,-0.1321,0.0129,
2026-09-07T16:00:03.233617+00:00,mid_session,NVDA,2026-03-05,2026-09-04,128,2025-09-04,2026-09-04,253,128,0,0.0,0.1218,0.0575,22936.0001,23474.0011,2026-09-04,230.36,230.36,1.0,134946800,135352420.334354,-0.2997,0.0,
2026-09-07T16:00:03.233617+00:00,mid_session,ONB,2026-03-05,2026-09-04,128,2025-09-04,2026-09-04,253,128,0,0.0,1.1597,0.8542,2504.0001,2629.0001,2026-09-04,26.04,26.04,1.0,2647700,2648251.014081,-0.0208,0.0,
2026-09-07T16:00:03.233617+00:00,mid_session,ORLY,2026-03-05,2026-09-04,128,2025-09-04,2026-09-04,253,128,0,-0.0,0.0,0.0,8688.9999,9840.0002,2026-09-04,87.89,87.89,1.0,3790400,3790992,-0.0156,0.0,
2026-09-07T16:00:03.233617+00:00,mid_session,PFE,2026-03-05,2026-09-04,128,2025-09-04,2026-09-04,253,128,0,0.0,3.3153,1.864,2745.0001,2802.0,2026-09-04,28.45,28.45,1.0,23782900,23791956.337855,-0.0381,0.0,
2026-09-07T16:00:03.233617+00:00,mid_session,PNFP,2026-03-05,2026-09-04,128,2025-09-04,2026-09-04,253,128,0,0.0,0.9728,0.5499,10001.0002,10802.9999,2026-09-04,101.01,101.01,1.0,534000,533985,0.0028,0.0009,
2026-09-07T16:00:03.233617+00:00,mid_session,QCOM,2026-03-05,2026-09-04,128,2025-09-04,2026-09-04,253,128,0,0.0,0.9073,0.713,16774.0005,25001.999,2026-09-04,168.74,168.74,1.0,8531400,8537131.56908,-0.0671,0.0,
2026-09-07T16:00:03.233617+00:00,mid_session,RF,2026-03-05,2026-09-04,128,2025-09-04,2026-09-04,253,128,0,0.0,1.9409,1.4118,2942.0,3140.0,2026-09-04,30.42,30.42,1.0,6236100,6236327,-0.0036,0.0163,
2026-09-07T16:00:03.233617+00:00,mid_session,SBUX,2026-03-05,2026-09-04,128,2025-09-04,2026-09-04,253,128,0,0.0,1.1506,0.7261,10347.0001,10755.0,2026-09-04,104.47,104.47,1.0,4600800,4604288,-0.0758,0.0,
2026-09-07T16:00:03.233617+00:00,mid_session,SYK,2026-03-05,2026-09-04,128,2025-09-04,2026-09-04,253,128,0,0.0,0.5354,0.2042,30213.0005,36949.9988,2026-09-04,303.13,303.13,1.0,2401400,2401462,-0.0026,0.0016,
2026-09-07T16:00:03.233617+00:00,mid_session,TFC,2026-03-05,2026-09-04,128,2025-09-04,2026-09-04,253,128,0,0.0,2.0165,1.2226,5065.0002,5224.9998,2026-09-04,51.65,51.65,1.0,4614600,4614751,-0.0033,0.0,
2026-09-07T16:00:03.233617+00:00,mid_session,TGT,2026-03-05,2026-09-04,128,2025-09-04,2026-09-04,253,128,0,0.0,1.6905,1.0029,16344.0002,16888.9999,2026-09-04,164.44,164.44,1.0,2865600,2866300.445791,-0.0244,0.0,
2026-09-07T16:00:03.233617+00:00,mid_session,TJX,2026-03-05,2026-09-04,128,2025-09-04,2026-09-04,253,128,0,0.0,0.64,0.3973,13108.0002,16741.0005,2026-09-04,132.08,132.08,1.0,7265600,7267740,-0.0294,0.0,
2026-09-07T16:00:03.233617+00:00,mid_session,TMO,2026-03-05,2026-09-04,128,2025-09-04,2026-09-04,253,128,0,0.0,0.1988,0.0594,61278.0029,63271.0022,2026-09-04,613.78,613.78,1.0,1228900,1229134.633711,-0.0191,0.0008,
2026-09-07T16:00:03.233617+00:00,mid_session,TSLA,2026-03-05,2026-09-04,128,2025-09-04,2026-09-04,253,128,0,-0.0,0.0013,0.0,35307.9987,44426.9989,2026-09-04,354.08,354.08,1.0,64829000,65018209.883669,-0.291,0.0,
2026-09-07T16:00:03.233617+00:00,mid_session,TSM,2026-03-05,2026-09-04,128,2025-09-04,2026-09-04,253,128,0,0.0,0.514,0.1416,42791.0004,47657.0007,2026-09-04,428.91,428.91,1.0,12276300,12283895,-0.0618,0.0,
2026-09-07T16:00:03.233617+00:00,mid_session,TXN,2026-03-05,2026-09-04,128,2025-09-04,2026-09-04,253,128,0,0.0,1.0124,0.5709,25744.0002,33128.0002,2026-09-04,258.44,258.44,1.0,4242600,4244015.700667,-0.0334,0.002,
2026-09-07T16:00:03.233617+00:00,mid_session,UMBF,2026-03-05,2026-09-04,128,2025-09-04,2026-09-04,253,128,0,-0.0,0.7023,0.1796,14275.9995,15103.9993,2026-09-04,143.76,143.76,1.0,400200,400244.841356,-0.0112,0.0,
2026-09-07T16:00:03.233617+00:00,mid_session,UNH,2026-03-05,2026-09-04,128,2025-09-04,2026-09-04,253,128,0,0.0,1.335,0.3226,39614.0015,43535.0006,2026-09-04,397.14,397.14,1.0,5565400,5566518.998982,-0.0201,0.0012,
2026-09-07T16:00:03.233617+00:00,mid_session,VRTX,2026-03-05,2026-09-04,128,2025-09-04,2026-09-04,253,128,0,-0.0,0.0011,0.0,54511.9995,55696.0022,2026-09-04,546.12,546.12,1.0,803300,803524.204677,-0.0279,0.0,
2026-09-07T16:00:03.233617+00:00,mid_session,ZION,2026-03-05,2026-09-04,128,2025-09-04,2026-09-04,253,128,0,0.0,1.4169,0.8657,6837.0003,7230.9994,2026-09-04,69.37,69.37,1.0,820600,820618,-0.0022,0.0,
2026-09-07T20:30:03.519478+00:00,post_close,ABBV,2026-03-05,2026-09-04,128,2025-09-04,2026-09-04,253,128,0,-0.0,1.5237,0.6757,25545.9991,26497.0001,2026-09-04,256.46,256.46,1.0,4728800,4729800.613164,-0.0212,0.0,
2026-09-07T20:30:03.519478+00:00,post_close,ABT,2026-03-05,2026-09-04,128,2025-09-04,2026-09-04,253,128,0,0.0,1.3272,0.6334,10733.0002,11566.9998,2026-09-04,108.33,108.33,1.0,7029300,7029454.868902,-0.0022,0.0046,
2026-09-07T20:30:03.519478+00:00,post_close,ADI,2026-03-05,2026-09-04,128,2025-09-04,2026-09-04,253,128,0,0.0,0.5761,0.424,36125.0,44448.0007,2026-09-04,362.25,362.25,1.0,3559800,3560584,-0.022,0.0014,
2026-09-07T20:30:03.519478+00:00,post_close,AMAT,2026-03-05,2026-09-04,128,2025-09-04,2026-09-04,253,128,0,-0.0,0.2309,0.1491,45370.9991,72200.0018,2026-09-04,454.71,454.71,1.0,6009400,6016831.09038,-0.1235,0.0,
2026-09-07T20:30:03.519478+00:00,post_close,AMD,2026-03-05,2026-09-04,128,2025-09-04,2026-09-04,253,128,0,0.0,0.0011,0.0,47657.0007,57990.9973,2026-09-04,477.57,477.57,1.0,19651900,19678742.23887,-0.1364,0.0,
2026-09-07T20:30:03.519478+00:00,post_close,AMGN,2026-03-05,2026-09-04,128,2025-09-04,2026-09-04,253,128,0,0.0,1.3261,0.8221,43623.0011,44311.9995,2026-09-04,437.23,437.23,1.0,1648800,1656089.415759,-0.4402,0.0,
2026-09-07T20:30:03.519478+00:00,post_close,AMZN,2026-03-05,2026-09-04,128,2025-09-04,2026-09-04,253,128,0,0.0,0.0,0.0,25751.001,28301.9989,2026-09-04,258.51,258.51,1.0,30698000,30749912.936259,-0.1688,0.0,
2026-09-07T20:30:03.519478+00:00,post_close,ASML,2026-03-05,2026-09-04,128,2025-09-04,2026-09-04,253,128,0,0.0,0.3468,0.1611,171388.0005,198843.9698,2026-09-04,1714.88,1714.88,1.0,1288700,1289622.128058,-0.0715,0.0003,
2026-09-07T20:30:03.519478+00:00,post_close,AVGO,2026-03-05,2026-09-04,128,2025-09-04,2026-09-04,253,128,0,0.0014,0.367,0.111,35689.9994,48057.0011,2026-09-04,357.9,357.895,1.0,32773600,32863265.07772,-0.2728,0.0014,
2026-09-07T20:30:03.519478+00:00,post_close,BKNG,2026-03-05,2026-09-04,128,2025-09-04,2026-09-04,253,128,0,-0.0,0.4778,0.1272,19228.9993,21341.9998,2026-09-04,193.29,193.29,1.0,6320100,6321497.053208,-0.0221,0.0,
2026-09-07T20:30:03.519478+00:00,post_close,BMY,2026-03-05,2026-09-04,128,2025-09-04,2026-09-04,253,128,0,-0.0,2.1254,0.8728,6582.0,6708.9996,2026-09-04,66.82,66.82,1.0,4825300,4825447,-0.003,0.0075,
2026-09-07T20:30:03.519478+00:00,post_close,CFG,2026-03-05,2026-09-04,128,2025-09-04,2026-09-04,253,128,0,-0.0,1.3548,0.7252,6977.9999,7373.0003,2026-09-04,70.78,70.78,1.0,1948300,1948366.030799,-0.0034,0.0,
2026-09-07T20:30:03.519478+00:00,post_close,CFR,2026-03-05,2026-09-04,128,2025-09-04,2026-09-04,253,128,0,-0.0,1.3881,0.9583,16161.9995,16908.0013,2026-09-04,162.62,162.62,1.0,543700,543693,0.0013,0.0,
2026-09-07T20:30:03.519478+00:00,post_close,FITB,2026-03-05,2026-09-04,128,2025-09-04,2026-09-04,253,128,0,-0.0,1.5934,0.5653,5386.9999,5836.9999,2026-09-04,54.87,54.87,1.0,3125200,3125175.935782,0.0008,0.0,
2026-09-07T20:30:03.519478+00:00,post_close,GILD,2026-03-05,2026-09-04,128,2025-09-04,2026-09-04,253,128,0,0.0033,1.2139,0.3834,15000.0,15022.0001,2026-09-04,151.0,150.995,1.0,6181300,6181783,-0.0078,0.0033,
2026-09-07T20:30:03.519478+00:00,post_close,HBAN,2026-03-05,2026-09-04,128,2025-09-04,2026-09-04,253,128,0,0.0,1.8931,0.5738,1603.0001,1755.9999,2026-09-04,17.03,17.03,1.0,13259900,13262451.359095,-0.0192,0.0118,
2026-09-07T20:30:03.519478+00:00,post_close,HD,2026-03-05,2026-09-04,128,2025-09-04,2026-09-04,253,128,0,-0.0,2.1249,1.1094,32004.9988,36067.9976,2026-09-04,321.05,321.05,1.0,2261000,2262388.334353,-0.0614,0.0,
2026-09-07T20:30:03.519478+00:00,post_close,ISRG,2026-03-05,2026-09-04,128,2025-09-04,2026-09-04,253,128,0,0.0,0.0014,0.0,36570.0012,49570.0012,2026-09-04,366.7,366.7,1.0,2081300,2081783.343675,-0.0232,0.0,
2026-09-07T20:30:03.519478+00:00,post_close,JNJ,2026-03-05,2026-09-04,128,2025-09-04,2026-09-04,253,128,0,0.0,1.0598,0.7052,27423.0011,27742.9993,2026-09-04,275.23,275.23,1.0,4320100,4320878.767603,-0.018,0.0,
2026-09-07T20:30:03.519478+00:00,post_close,KEY,2026-03-05,2026-09-04,128,2025-09-04,2026-09-04,253,128,0,0.0,1.9202,1.382,2118.0,2298.9999,2026-09-04,22.18,22.18,1.0,9683300,9683254.441627,0.0005,0.0,
2026-09-07T20:30:03.519478+00:00,post_close,KLAC,2026-03-05,2026-09-04,128,2025-09-04,2026-09-04,253,128,0,0.0,0.2402,0.1504,18460.0006,30070.9985,2026-09-04,185.6,185.6,1.0,12720000,12725635,-0.0443,0.0,
2026-09-07T20:30:03.519478+00:00,post_close,LLY,2026-03-05,2026-09-04,128,2025-09-04,2026-09-04,253,128,0,-0.0,0.3147,0.1922,114835.9985,127933.9966,2026-09-04,1149.36,1149.36,1.0,2218900,2220270.446188,-0.0617,0.0004,
2026-09-07T20:30:03.519478+00:00,post_close,LOW,2026-03-05,2026-09-04,128,2025-09-04,2026-09-04,253,128,0,-0.0,1.089,0.5783,20344.9997,25371.0011,2026-09-04,204.45,204.45,1.0,2436100,2436937.767871,-0.0344,0.0,
2026-09-07T20:30:03.519478+00:00,post_close,MCD,2026-03-05,2026-09-04,128,2025-09-04,2026-09-04,253,128,0,0.0,1.3747,1.0025,25469.0002,32979.9987,2026-09-04,255.69,255.69,1.0,4213700,4225531.146779,-0.28,0.0,
2026-09-07T20:30:03.519478+00:00,post_close,MRK,2026-03-05,2026-09-04,128,2025-09-04,2026-09-04,253,128,0,0.0,1.444,0.4304,14933.0002,15544.9997,2026-09-04,150.33,150.33,1.0,4395400,4397467.705343,-0.047,0.0033,
2026-09-07T20:30:03.519478+00:00,post_close,MTB,2026-03-05,2026-09-04,128,2025-09-04,2026-09-04,253,128,0,-0.0,1.3308,0.9444,23883.9996,25309.0,2026-09-04,239.84,239.84,1.0,676900,677119,-0.0323,0.0,
2026-09-07T20:30:03.519478+00:00,post_close,MU,2026-03-05,2026-09-04,128,2025-09-04,2026-09-04,253,128,0,0.0,0.0574,0.0156,101559.0027,121256.0007,2026-09-04,1016.59,1016.59,1.0,35116600,35249519.423002,-0.3771,0.0005,
2026-09-07T20:30:03.519478+00:00,post_close,NKE,2026-03-05,2026-09-04,128,2025-09-04,2026-09-04,253,128,0,0.0,1.9272,1.4282,3740.0002,5702.0003,2026-09-04,38.4,38.4,1.0,20604300,20631563.489708,-0.1321,0.0129,
2026-09-07T20:30:03.519478+00:00,post_close,NVDA,2026-03-05,2026-09-04,128,2025-09-04,2026-09-04,253,128,0,0.0,0.1218,0.0575,22936.0001,23474.0011,2026-09-04,230.36,230.36,1.0,134946800,135352420.334354,-0.2997,0.0,
2026-09-07T20:30:03.519478+00:00,post_close,ONB,2026-03-05,2026-09-04,128,2025-09-04,2026-09-04,253,128,0,0.0,1.1597,0.8542,2504.0001,2629.0001,2026-09-04,26.04,26.04,1.0,2647700,2648251.014081,-0.0208,0.0,
2026-09-07T20:30:03.519478+00:00,post_close,ORLY,2026-03-05,2026-09-04,128,2025-09-04,2026-09-04,253,128,0,-0.0,0.0,0.0,8688.9999,9840.0002,2026-09-04,87.89,87.89,1.0,3790400,3790992,-0.0156,0.0,
2026-09-07T20:30:03.519478+00:00,post_close,PFE,2026-03-05,2026-09-04,128,2025-09-04,2026-09-04,253,128,0,0.0,3.3153,1.864,2745.0001,2802.0,2026-09-04,28.45,28.45,1.0,23782900,23791956.337855,-0.0381,0.0,
2026-09-07T20:30:03.519478+00:00,post_close,PNFP,2026-03-05,2026-09-04,128,2025-09-04,2026-09-04,253,128,0,0.0,0.9728,0.5499,10001.0002,10802.9999,2026-09-04,101.01,101.01,1.0,534000,533985,0.0028,0.0009,
2026-09-07T20:30:03.519478+00:00,post_close,QCOM,2026-03-05,2026-09-04,128,2025-09-04,2026-09-04,253,128,0,0.0,0.9073,0.713,16774.0005,25001.999,2026-09-04,168.74,168.74,1.0,8531400,8537131.56908,-0.0671,0.0,
2026-09-07T20:30:03.519478+00:00,post_close,RF,2026-03-05,2026-09-04,128,2025-09-04,2026-09-04,253,128,0,0.0,1.9409,1.4118,2942.0,3140.0,2026-09-04,30.42,30.42,1.0,6236100,6236327,-0.0036,0.0163,
2026-09-07T20:30:03.519478+00:00,post_close,SBUX,2026-03-05,2026-09-04,128,2025-09-04,2026-09-04,253,128,0,0.0,1.1506,0.7261,10347.0001,10755.0,2026-09-04,104.47,104.47,1.0,4600800,4604288,-0.0758,0.0,
2026-09-07T20:30:03.519478+00:00,post_close,SYK,2026-03-05,2026-09-04,128,2025-09-04,2026-09-04,253,128,0,0.0,0.5354,0.2042,30213.0005,36949.9988,2026-09-04,303.13,303.13,1.0,2401400,2401462,-0.0026,0.0016,
2026-09-07T20:30:03.519478+00:00,post_close,TFC,2026-03-05,2026-09-04,128,2025-09-04,2026-09-04,253,128,0,0.0,2.0165,1.2226,5065.0002,5224.9998,2026-09-04,51.65,51.65,1.0,4614600,4614751,-0.0033,0.0,
2026-09-07T20:30:03.519478+00:00,post_close,TGT,2026-03-05,2026-09-04,128,2025-09-04,2026-09-04,253,128,0,0.0,1.6905,1.0029,16344.0002,16888.9999,2026-09-04,164.44,164.44,1.0,2865600,2866300.445791,-0.0244,0.0,
2026-09-07T20:30:03.519478+00:00,post_close,TJX,2026-03-05,2026-09-04,128,2025-09-04,2026-09-04,253,128,0,0.0,0.64,0.3973,13108.0002,16741.0005,2026-09-04,132.08,132.08,1.0,7265600,7267740,-0.0294,0.0,
2026-09-07T20:30:03.519478+00:00,post_close,TMO,2026-03-05,2026-09-04,128,2025-09-04,2026-09-04,253,128,0,0.0,0.1988,0.0594,61278.0029,63271.0022,2026-09-04,613.78,613.78,1.0,1228900,1229134.633711,-0.0191,0.0008,
2026-09-07T20:30:03.519478+00:00,post_close,TSLA,2026-03-05,2026-09-04,128,2025-09-04,2026-09-04,253,128,0,-0.0,0.0013,0.0,35307.9987,44426.9989,2026-09-04,354.08,354.08,1.0,64829000,65018209.883669,-0.291,0.0,
2026-09-07T20:30:03.519478+00:00,post_close,TSM,2026-03-05,2026-09-04,128,2025-09-04,2026-09-04,253,128,0,0.0,0.514,0.1416,42791.0004,47657.0007,2026-09-04,428.91,428.91,1.0,12276300,12283895,-0.0618,0.0,
2026-09-07T20:30:03.519478+00:00,post_close,TXN,2026-03-05,2026-09-04,128,2025-09-04,2026-09-04,253,128,0,0.0,1.0124,0.5709,25744.0002,33128.0002,2026-09-04,258.44,258.44,1.0,4242600,4244015.700667,-0.0334,0.002,
2026-09-07T20:30:03.519478+00:00,post_close,UMBF,2026-03-05,2026-09-04,128,2025-09-04,2026-09-04,253,128,0,-0.0,0.7023,0.1796,14275.9995,15103.9993,2026-09-04,143.76,143.76,1.0,400200,400244.841356,-0.0112,0.0,
2026-09-07T20:30:03.519478+00:00,post_close,UNH,2026-03-05,2026-09-04,128,2025-09-04,2026-09-04,253,128,0,0.0,1.335,0.3226,39614.0015,43535.0006,2026-09-04,397.14,397.14,1.0,5565400,5566518.998982,-0.0201,0.0012,
2026-09-07T20:30:03.519478+00:00,post_close,VRTX,2026-03-05,2026-09-04,128,2025-09-04,2026-09-04,253,128,0,-0.0,0.0011,0.0,54511.9995,55696.0022,2026-09-04,546.12,546.12,1.0,803300,803524.204677,-0.0279,0.0,
2026-09-07T20:30:03.519478+00:00,post_close,ZION,2026-03-05,2026-09-04,128,2025-09-04,2026-09-04,253,128,0,0.0,1.4169,0.8657,6837.0003,7230.9994,2026-09-04,69.37,69.37,1.0,820600,820618,-0.0022,0.0,
2026-09-08T12:31:47.748059+00:00,pre_market,ABBV,2026-03-05,2026-09-04,128,2025-09-04,2026-09-04,253,128,0,-0.0,1.5237,0.6757,25545.9991,26497.0001,2026-09-04,256.46,256.46,1.0,4728800,4729800.613164,-0.0212,0.0,
2026-09-08T12:31:47.748059+00:00,pre_market,ABT,2026-03-05,2026-09-04,128,2025-09-04,2026-09-04,253,128,0,0.0,1.3272,0.6334,10733.0002,11566.9998,2026-09-04,108.33,108.33,1.0,7029300,7029454.868902,-0.0022,0.0046,
2026-09-08T12:31:47.748059+00:00,pre_market,ADI,2026-03-05,2026-09-04,128,2025-09-04,2026-09-04,253,128,0,0.0,0.5761,0.424,36125.0,44448.0007,2026-09-04,362.25,362.25,1.0,3559800,3560584,-0.022,0.0014,
2026-09-08T12:31:47.748059+00:00,pre_market,AMAT,2026-03-05,2026-09-04,128,2025-09-04,2026-09-04,253,128,0,-0.0,0.2309,0.1491,45370.9991,72200.0018,2026-09-04,454.71,454.71,1.0,6009400,6016831.09038,-0.1235,0.0,
2026-09-08T12:31:47.748059+00:00,pre_market,AMD,2026-03-05,2026-09-04,128,2025-09-04,2026-09-04,253,128,0,0.0,0.0011,0.0,47657.0007,57990.9973,2026-09-04,477.57,477.57,1.0,19651900,19678742.23887,-0.1364,0.0,
2026-09-08T12:31:47.748059+00:00,pre_market,AMGN,2026-03-05,2026-09-04,128,2025-09-04,2026-09-04,253,128,0,0.0,1.3261,0.8221,43623.0011,44311.9995,2026-09-04,437.23,437.23,1.0,1648800,1656089.415759,-0.4402,0.0,
2026-09-08T12:31:47.748059+00:00,pre_market,AMZN,2026-03-05,2026-09-04,128,2025-09-04,2026-09-04,253,128,0,0.0,0.0,0.0,25751.001,28301.9989,2026-09-04,258.51,258.51,1.0,30698000,30749912.936259,-0.1688,0.0,
2026-09-08T12:31:47.748059+00:00,pre_market,ASML,2026-03-05,2026-09-04,128,2025-09-04,2026-09-04,253,128,0,0.0,0.3468,0.1611,171388.0005,198843.9698,2026-09-04,1714.88,1714.88,1.0,1288700,1289622.128058,-0.0715,0.0003,
2026-09-08T12:31:47.748059+00:00,pre_market,AVGO,2026-03-05,2026-09-04,128,2025-09-04,2026-09-04,253,128,0,0.0014,0.367,0.111,35689.9994,48057.0011,2026-09-04,357.9,357.895,1.0,32773600,32863265.07772,-0.2728,0.0014,
2026-09-08T12:31:47.748059+00:00,pre_market,BKNG,2026-03-05,2026-09-04,128,2025-09-04,2026-09-04,253,128,0,-0.0,0.4778,0.1272,19228.9993,21341.9998,2026-09-04,193.29,193.29,1.0,6320100,6321497.053208,-0.0221,0.0,
2026-09-08T12:31:47.748059+00:00,pre_market,BMY,2026-03-05,2026-09-04,128,2025-09-04,2026-09-04,253,128,0,-0.0,2.1254,0.8728,6582.0,6708.9996,2026-09-04,66.82,66.82,1.0,4825300,4825447,-0.003,0.0075,
2026-09-08T12:31:47.748059+00:00,pre_market,CFG,2026-03-05,2026-09-04,128,2025-09-04,2026-09-04,253,128,0,-0.0,1.3548,0.7252,6977.9999,7373.0003,2026-09-04,70.78,70.78,1.0,1948300,1948366.030799,-0.0034,0.0,
2026-09-08T12:31:47.748059+00:00,pre_market,CFR,2026-03-05,2026-09-04,128,2025-09-04,2026-09-04,253,128,0,-0.0,1.3881,0.9583,16161.9995,16908.0013,2026-09-04,162.62,162.62,1.0,543700,543693,0.0013,0.0,
2026-09-08T12:31:47.748059+00:00,pre_market,FITB,2026-03-05,2026-09-04,128,2025-09-04,2026-09-04,253,128,0,-0.0,1.5934,0.5653,5386.9999,5836.9999,2026-09-04,54.87,54.87,1.0,3125200,3125175.935782,0.0008,0.0,
2026-09-08T12:31:47.748059+00:00,pre_market,GILD,2026-03-05,2026-09-04,128,2025-09-04,2026-09-04,253,128,0,0.0033,1.2139,0.3834,15000.0,15022.0001,2026-09-04,151.0,150.995,1.0,6181300,6181783,-0.0078,0.0033,
2026-09-08T12:31:47.748059+00:00,pre_market,HBAN,2026-03-05,2026-09-04,128,2025-09-04,2026-09-04,253,128,0,0.0,1.8931,0.5738,1603.0001,1755.9999,2026-09-04,17.03,17.03,1.0,13259900,13262451.359095,-0.0192,0.0118,
2026-09-08T12:31:47.748059+00:00,pre_market,HD,2026-03-05,2026-09-04,128,2025-09-04,2026-09-04,253,128,0,-0.0,2.1249,1.1094,32004.9988,36067.9976,2026-09-04,321.05,321.05,1.0,2261000,2262388.334353,-0.0614,0.0,
2026-09-08T12:31:47.748059+00:00,pre_market,ISRG,2026-03-05,2026-09-04,128,2025-09-04,2026-09-04,253,128,0,0.0,0.0014,0.0,36570.0012,49570.0012,2026-09-04,366.7,366.7,1.0,2081300,2081783.343675,-0.0232,0.0,
2026-09-08T12:31:47.748059+00:00,pre_market,JNJ,2026-03-05,2026-09-04,128,2025-09-04,2026-09-04,253,128,0,0.0,1.0598,0.7052,27423.0011,27742.9993,2026-09-04,275.23,275.23,1.0,4320100,4320878.767603,-0.018,0.0,
2026-09-08T12:31:47.748059+00:00,pre_market,KEY,2026-03-05,2026-09-04,128,2025-09-04,2026-09-04,253,128,0,0.0,1.9202,1.382,2118.0,2298.9999,2026-09-04,22.18,22.18,1.0,9683300,9683254.441627,0.0005,0.0,
2026-09-08T12:31:47.748059+00:00,pre_market,KLAC,2026-03-05,2026-09-04,128,2025-09-04,2026-09-04,253,128,0,0.0,0.2402,0.1504,18460.0006,30070.9985,2026-09-04,185.6,185.6,1.0,12720000,12725635,-0.0443,0.0,
2026-09-08T12:31:47.748059+00:00,pre_market,LLY,2026-03-05,2026-09-04,128,2025-09-04,2026-09-04,253,128,0,-0.0,0.3147,0.1922,114835.9985,127933.9966,2026-09-04,1149.36,1149.36,1.0,2218900,2220270.446188,-0.0617,0.0004,
2026-09-08T12:31:47.748059+00:00,pre_market,LOW,2026-03-05,2026-09-04,128,2025-09-04,2026-09-04,253,128,0,-0.0,1.089,0.5783,20344.9997,25371.0011,2026-09-04,204.45,204.45,1.0,2436100,2436937.767871,-0.0344,0.0,
2026-09-08T12:31:47.748059+00:00,pre_market,MCD,2026-03-05,2026-09-04,128,2025-09-04,2026-09-04,253,128,0,0.0,1.3747,1.0025,25469.0002,32979.9987,2026-09-04,255.69,255.69,1.0,4213700,4225531.146779,-0.28,0.0,
2026-09-08T12:31:47.748059+00:00,pre_market,MRK,2026-03-05,2026-09-04,128,2025-09-04,2026-09-04,253,128,0,0.0,1.444,0.4304,14933.0002,15544.9997,2026-09-04,150.33,150.33,1.0,4395400,4397467.705343,-0.047,0.0033,
2026-09-08T12:31:47.748059+00:00,pre_market,MTB,2026-03-05,2026-09-04,128,2025-09-04,2026-09-04,253,128,0,-0.0,1.3308,0.9444,23883.9996,25309.0,2026-09-04,239.84,239.84,1.0,676900,677119,-0.0323,0.0,
2026-09-08T12:31:47.748059+00:00,pre_market,MU,2026-03-05,2026-09-04,128,2025-09-04,2026-09-04,253,128,0,0.0,0.0574,0.0156,101559.0027,121256.0007,2026-09-04,1016.59,1016.59,1.0,35116600,35249519.423002,-0.3771,0.0005,
2026-09-08T12:31:47.748059+00:00,pre_market,NKE,2026-03-05,2026-09-04,128,2025-09-04,2026-09-04,253,128,0,0.0,1.9272,1.4282,3740.0002,5702.0003,2026-09-04,38.4,38.4,1.0,20604300,20631563.489708,-0.1321,0.0129,
2026-09-08T12:31:47.748059+00:00,pre_market,NVDA,2026-03-05,2026-09-04,128,2025-09-04,2026-09-04,253,128,0,0.0,0.1218,0.0575,22936.0001,23474.0011,2026-09-04,230.36,230.36,1.0,134946800,135352420.334354,-0.2997,0.0,
2026-09-08T12:31:47.748059+00:00,pre_market,ONB,2026-03-05,2026-09-04,128,2025-09-04,2026-09-04,253,128,0,0.0,1.1597,0.8542,2504.0001,2629.0001,2026-09-04,26.04,26.04,1.0,2647700,2648251.014081,-0.0208,0.0,
2026-09-08T12:31:47.748059+00:00,pre_market,ORLY,2026-03-05,2026-09-04,128,2025-09-04,2026-09-04,253,128,0,-0.0,0.0,0.0,8688.9999,9840.0002,2026-09-04,87.89,87.89,1.0,3790400,3790992,-0.0156,0.0,
2026-09-08T12:31:47.748059+00:00,pre_market,PFE,2026-03-05,2026-09-04,128,2025-09-04,2026-09-04,253,128,0,0.0,3.3153,1.864,2745.0001,2802.0,2026-09-04,28.45,28.45,1.0,23782900,23791956.337855,-0.0381,0.0,
2026-09-08T12:31:47.748059+00:00,pre_market,PNFP,2026-03-05,2026-09-04,128,2025-09-04,2026-09-04,253,128,0,0.0,0.9728,0.5499,10001.0002,10802.9999,2026-09-04,101.01,101.01,1.0,534000,533985,0.0028,0.0009,
2026-09-08T12:31:47.748059+00:00,pre_market,QCOM,2026-03-05,2026-09-04,128,2025-09-04,2026-09-04,253,128,0,0.0,0.9073,0.713,16774.0005,25001.999,2026-09-04,168.74,168.74,1.0,8531400,8537131.56908,-0.0671,0.0,
2026-09-08T12:31:47.748059+00:00,pre_market,RF,2026-03-05,2026-09-04,128,2025-09-04,2026-09-04,253,128,0,0.0,1.9409,1.4118,2942.0,3140.0,2026-09-04,30.42,30.42,1.0,6236100,6236327,-0.0036,0.0163,
2026-09-08T12:31:47.748059+00:00,pre_market,SBUX,2026-03-05,2026-09-04,128,2025-09-04,2026-09-04,253,128,0,0.0,1.1506,0.7261,10347.0001,10755.0,2026-09-04,104.47,104.47,1.0,4600800,4604288,-0.0758,0.0,
2026-09-08T12:31:47.748059+00:00,pre_market,SYK,2026-03-05,2026-09-04,128,2025-09-04,2026-09-04,253,128,0,0.0,0.5354,0.2042,30213.0005,36949.9988,2026-09-04,303.13,303.13,1.0,2401400,2401462,-0.0026,0.0016,
2026-09-08T12:31:47.748059+00:00,pre_market,TFC,2026-03-05,2026-09-04,128,2025-09-04,2026-09-04,253,128,0,0.0,2.0165,1.2226,5065.0002,5224.9998,2026-09-04,51.65,51.65,1.0,4614600,4614751,-0.0033,0.0,
2026-09-08T12:31:47.748059+00:00,pre_market,TGT,2026-03-05,2026-09-04,128,2025-09-04,2026-09-04,253,128,0,0.0,1.6905,1.0029,16344.0002,16888.9999,2026-09-04,164.44,164.44,1.0,2865600,2866300.445791,-0.0244,0.0,
2026-09-08T12:31:47.748059+00:00,pre_market,TJX,2026-03-05,2026-09-04,128,2025-09-04,2026-09-04,253,128,0,0.0,0.64,0.3973,13108.0002,16741.0005,2026-09-04,132.08,132.08,1.0,7265600,7267740,-0.0294,0.0,
2026-09-08T12:31:47.748059+00:00,pre_market,TMO,2026-03-05,2026-09-04,128,2025-09-04,2026-09-04,253,128,0,0.0,0.1988,0.0594,61278.0029,63271.0022,2026-09-04,613.78,613.78,1.0,1228900,1229134.633711,-0.0191,0.0008,
2026-09-08T12:31:47.748059+00:00,pre_market,TSLA,2026-03-05,2026-09-04,128,2025-09-04,2026-09-04,253,128,0,-0.0,0.0013,0.0,35307.9987,44426.9989,2026-09-04,354.08,354.08,1.0,64829000,65018209.883669,-0.291,0.0,
2026-09-08T12:31:47.748059+00:00,pre_market,TSM,2026-03-05,2026-09-04,128,2025-09-04,2026-09-04,253,128,0,0.0,0.514,0.1416,42791.0004,47657.0007,2026-09-04,428.91,428.91,1.0,12276300,12283895,-0.0618,0.0,
2026-09-08T12:31:47.748059+00:00,pre_market,TXN,2026-03-05,2026-09-04,128,2025-09-04,2026-09-04,253,128,0,0.0,1.0124,0.5709,25744.0002,33128.0002,2026-09-04,258.44,258.44,1.0,4242600,4244015.700667,-0.0334,0.002,
2026-09-08T12:31:47.748059+00:00,pre_market,UMBF,2026-03-05,2026-09-04,128,2025-09-04,2026-09-04,253,128,0,-0.0,0.7023,0.1796,14275.9995,15103.9993,2026-09-04,143.76,143.76,1.0,400200,400244.841356,-0.0112,0.0,
2026-09-08T12:31:47.748059+00:00,pre_market,UNH,2026-03-05,2026-09-04,128,2025-09-04,2026-09-04,253,128,0,0.0,1.335,0.3226,39614.0015,43535.0006,2026-09-04,397.14,397.14,1.0,5565400,5566518.998982,-0.0201,0.0012,
2026-09-08T12:31:47.748059+00:00,pre_market,VRTX,2026-03-05,2026-09-04,128,2025-09-04,2026-09-04,253,128,0,-0.0,0.0011,0.0,54511.9995,55696.0022,2026-09-04,546.12,546.12,1.0,803300,803524.204677,-0.0279,0.0,
2026-09-08T12:31:47.748059+00:00,pre_market,ZION,2026-03-05,2026-09-04,128,2025-09-04,2026-09-04,253,128,0,0.0,1.4169,0.8657,6837.0003,7230.9994,2026-09-04,69.37,69.37,1.0,820600,820618,-0.0022,0.0,
2026-09-08T16:00:21.009823+00:00,mid_session,ABBV,2026-03-09,2026-09-08,127,2025-09-04,2026-09-04,253,126,4,-0.0,1.5237,0.6622,25545.9991,26497.0001,2026-09-04,256.46,256.46,1.0,4728800,4729800.613164,-0.0212,0.0,
2026-09-08T16:00:21.009823+00:00,mid_session,ABT,2026-03-09,2026-09-08,127,2025-09-04,2026-09-04,253,126,4,0.0,1.3272,0.6223,10733.0002,11566.9998,2026-09-04,108.33,108.33,1.0,7029300,7029454.868902,-0.0022,0.0046,
2026-09-08T16:00:21.009823+00:00,mid_session,ADI,2026-03-09,2026-09-08,127,2025-09-04,2026-09-04,253,126,4,0.0,0.5761,0.4216,36125.0,44448.0007,2026-09-04,362.25,362.25,1.0,3559800,3560584,-0.022,0.0014,
2026-09-08T16:00:21.009823+00:00,mid_session,AMAT,2026-03-09,2026-09-08,127,2025-09-04,2026-09-04,253,126,4,-0.0,0.2309,0.1478,45370.9991,72200.0018,2026-09-04,454.71,454.71,1.0,6009400,6016831.09038,-0.1235,0.0,
2026-09-08T16:00:21.009823+00:00,mid_session,AMD,2026-03-09,2026-09-08,127,2025-09-04,2026-09-04,253,126,4,0.0,0.0011,0.0,47657.0007,57990.9973,2026-09-04,477.57,477.57,1.0,19651900,19678742.23887,-0.1364,0.0,
2026-09-08T16:00:21.009823+00:00,mid_session,AMGN,2026-03-09,2026-09-08,127,2025-09-04,2026-09-04,253,126,4,0.0,1.3261,0.8141,43623.0011,44311.9995,2026-09-04,437.23,437.23,1.0,1648800,1656089.415759,-0.4402,0.0,
2026-09-08T16:00:21.009823+00:00,mid_session,AMZN,2026-03-09,2026-09-08,127,2025-09-04,2026-09-04,253,126,4,0.0,0.0,0.0,25751.001,28301.9989,2026-09-04,258.51,258.51,1.0,30698000,30749912.936259,-0.1688,0.0,
2026-09-08T16:00:21.009823+00:00,mid_session,ASML,2026-03-09,2026-09-08,127,2025-09-04,2026-09-04,253,126,4,0.0,0.3468,0.1582,171388.0005,198843.9698,2026-09-04,1714.88,1714.88,1.0,1288700,1289622.128058,-0.0715,0.0003,
2026-09-08T16:00:21.009823+00:00,mid_session,AVGO,2026-03-09,2026-09-08,127,2025-09-04,2026-09-04,253,126,4,0.0014,0.367,0.1069,35689.9994,48057.0011,2026-09-04,357.9,357.895,1.0,32773600,32863265.07772,-0.2728,0.0014,
2026-09-08T16:00:21.009823+00:00,mid_session,BKNG,2026-03-09,2026-09-08,127,2025-09-04,2026-09-04,253,126,4,-0.0,0.2508,0.1234,19228.9993,21341.9998,2026-09-04,193.29,193.29,1.0,6320100,6321497.053208,-0.0221,0.0,
2026-09-08T16:00:21.009823+00:00,mid_session,BMY,2026-03-09,2026-09-08,127,2025-09-04,2026-09-04,253,126,4,-0.0,2.1254,0.8529,6582.0,6708.9996,2026-09-04,66.82,66.82,1.0,4825300,4825447,-0.003,0.0075,
2026-09-08T16:00:21.009823+00:00,mid_session,CFG,2026-03-09,2026-09-08,127,2025-09-04,2026-09-04,253,126,4,-0.0,1.3548,0.7152,6977.9999,7373.0003,2026-09-04,70.78,70.78,1.0,1948300,1948366.030799,-0.0034,0.0,
2026-09-08T16:00:21.009823+00:00,mid_session,CFR,2026-03-09,2026-09-08,127,2025-09-04,2026-09-04,253,126,4,-0.0,1.3881,0.9515,16161.9995,16908.0013,2026-09-04,162.62,162.62,1.0,543700,543693,0.0013,0.0,
2026-09-08T16:00:21.009823+00:00,mid_session,FITB,2026-03-09,2026-09-08,127,2025-09-04,2026-09-04,253,126,4,-0.0,1.5934,0.549,5386.9999,5836.9999,2026-09-04,54.87,54.87,1.0,3125200,3125175.935782,0.0008,0.0,
2026-09-08T16:00:21.009823+00:00,mid_session,GILD,2026-03-09,2026-09-08,127,2025-09-04,2026-09-04,253,126,4,0.0033,1.2139,0.3702,15000.0,15022.0001,2026-09-04,151.0,150.995,1.0,6181300,6181783,-0.0078,0.0033,
2026-09-08T16:00:21.009823+00:00,mid_session,HBAN,2026-03-09,2026-09-08,127,2025-09-04,2026-09-04,253,126,4,0.0,1.8931,0.5529,1603.0001,1755.9999,2026-09-04,17.03,17.03,1.0,13259900,13262451.359095,-0.0192,0.0118,
2026-09-08T16:00:21.009823+00:00,mid_session,HD,2026-03-09,2026-09-08,127,2025-09-04,2026-09-04,253,126,4,-0.0,2.1249,1.0933,32004.9988,35689.998,2026-09-04,321.05,321.05,1.0,2261000,2262388.334353,-0.0614,0.0,
2026-09-08T16:00:21.009823+00:00,mid_session,ISRG,2026-03-09,2026-09-08,127,2025-09-04,2026-09-04,253,126,4,0.0,0.0014,0.0,36570.0012,49255.9998,2026-09-04,366.7,366.7,1.0,2081300,2081783.343675,-0.0232,0.0,
2026-09-08T16:00:21.009823+00:00,mid_session,JNJ,2026-03-09,2026-09-08,127,2025-09-04,2026-09-04,253,126,4,0.0,1.0598,0.6996,27423.0011,27742.9993,2026-09-04,275.23,275.23,1.0,4320100,4320878.767603,-0.018,0.0,
2026-09-08T16:00:21.009823+00:00,mid_session,KEY,2026-03-09,2026-09-08,127,2025-09-04,2026-09-04,253,126,4,0.0,1.9202,1.3734,2118.0,2298.9999,2026-09-04,22.18,22.18,1.0,9683300,9683254.441627,0.0005,0.0,
2026-09-08T16:00:21.009823+00:00,mid_session,KLAC,2026-03-09,2026-09-08,127,2025-09-04,2026-09-04,253,126,4,0.0,0.2402,0.149,18460.0006,30070.9985,2026-09-04,185.6,185.6,1.0,12720000,12725635,-0.0443,0.0,
2026-09-08T16:00:21.009823+00:00,mid_session,LLY,2026-03-09,2026-09-08,127,2025-09-04,2026-09-04,253,126,4,-0.0,0.3147,0.1903,114835.9985,127933.9966,2026-09-04,1149.36,1149.36,1.0,2218900,2220270.446188,-0.0617,0.0004,
2026-09-08T16:00:21.009823+00:00,mid_session,LOW,2026-03-09,2026-09-08,127,2025-09-04,2026-09-04,253,126,4,-0.0,1.089,0.5702,20344.9997,25228.999,2026-09-04,204.45,204.45,1.0,2436100,2436937.767871,-0.0344,0.0,
2026-09-08T16:00:21.009823+00:00,mid_session,MCD,2026-03-09,2026-09-08,127,2025-09-04,2026-09-04,253,126,4,0.0,1.3747,0.9966,25469.0002,32979.9987,2026-09-04,255.69,255.69,1.0,4213700,4225531.146779,-0.28,0.0,
2026-09-08T16:00:21.009823+00:00,mid_session,MRK,2026-03-09,2026-09-08,127,2025-09-04,2026-09-04,253,126,4,0.0,1.444,0.4143,14933.0002,15544.9997,2026-09-04,150.33,150.33,1.0,4395400,4397467.705343,-0.047,0.0033,
2026-09-08T16:00:21.009823+00:00,mid_session,MTB,2026-03-09,2026-09-08,127,2025-09-04,2026-09-04,253,126,4,-0.0,1.3308,0.9383,23883.9996,25309.0,2026-09-04,239.84,239.84,1.0,676900,677119,-0.0323,0.0,
2026-09-08T16:00:21.009823+00:00,mid_session,MU,2026-03-09,2026-09-08,127,2025-09-04,2026-09-04,253,126,4,0.0,0.0574,0.0149,101559.0027,121256.0007,2026-09-04,1016.59,1016.59,1.0,35116600,35249519.423002,-0.3771,0.0005,
2026-09-08T16:00:21.009823+00:00,mid_session,NKE,2026-03-09,2026-09-08,127,2025-09-04,2026-09-04,253,126,4,0.0,1.9272,1.4203,3740.0002,5552.9998,2026-09-04,38.4,38.4,1.0,20604300,20631563.489708,-0.1321,0.0129,
2026-09-08T16:00:21.009823+00:00,mid_session,NVDA,2026-03-09,2026-09-08,127,2025-09-04,2026-09-04,253,126,4,0.0,0.1218,0.0564,22936.0001,23474.0011,2026-09-04,230.36,230.36,1.0,134946800,135352420.334354,-0.2997,0.0,
2026-09-08T16:00:21.009823+00:00,mid_session,ONB,2026-03-09,2026-09-08,127,2025-09-04,2026-09-04,253,126,4,0.0,1.1597,0.8494,2504.0001,2629.0001,2026-09-04,26.04,26.04,1.0,2647700,2648251.014081,-0.0208,0.0,
2026-09-08T16:00:21.009823+00:00,mid_session,ORLY,2026-03-09,2026-09-08,127,2025-09-04,2026-09-04,253,126,4,-0.0,0.0,0.0,8688.9999,9840.0002,2026-09-04,87.89,87.89,1.0,3790400,3790992,-0.0156,0.0,
2026-09-08T16:00:21.009823+00:00,mid_session,PFE,2026-03-09,2026-09-08,127,2025-09-04,2026-09-04,253,126,4,0.0,3.3153,1.841,2745.0001,2802.0,2026-09-04,28.45,28.45,1.0,23782900,23791956.337855,-0.0381,0.0,
2026-09-08T16:00:21.009823+00:00,mid_session,PNFP,2026-03-09,2026-09-08,127,2025-09-04,2026-09-04,253,126,4,0.0,0.9728,0.5432,10001.0002,10802.9999,2026-09-04,101.01,101.01,1.0,534000,533985,0.0028,0.0009,
2026-09-08T16:00:21.009823+00:00,mid_session,QCOM,2026-03-09,2026-09-08,127,2025-09-04,2026-09-04,253,126,4,0.0,0.9073,0.7099,16774.0005,25001.999,2026-09-04,168.74,168.74,1.0,8531400,8537131.56908,-0.0671,0.0,
2026-09-08T16:00:21.009823+00:00,mid_session,RF,2026-03-09,2026-09-08,127,2025-09-04,2026-09-04,253,126,4,0.0,1.9409,1.4034,2942.0,3140.0,2026-09-04,30.42,30.42,1.0,6236100,6236327,-0.0036,0.0163,
2026-09-08T16:00:21.009823+00:00,mid_session,SBUX,2026-03-09,2026-09-08,127,2025-09-04,2026-09-04,253,126,4,0.0,1.1506,0.7193,10347.0001,10755.0,2026-09-04,104.47,104.47,1.0,4600800,4604288,-0.0758,0.0,
2026-09-08T16:00:21.009823+00:00,mid_session,SYK,2026-03-09,2026-09-08,127,2025-09-04,2026-09-04,253,126,4,0.0,0.5354,0.199,30213.0005,36492.0017,2026-09-04,303.13,303.13,1.0,2401400,2401462,-0.0026,0.0016,
2026-09-08T16:00:21.009823+00:00,mid_session,TFC,2026-03-09,2026-09-08,127,2025-09-04,2026-09-04,253,126,4,0.0,2.0165,1.21,5065.0002,5224.9998,2026-09-04,51.65,51.65,1.0,4614600,4614751,-0.0033,0.0,
2026-09-08T16:00:21.009823+00:00,mid_session,TGT,2026-03-09,2026-09-08,127,2025-09-04,2026-09-04,253,126,4,0.0,1.6905,0.992,16344.0002,16888.9999,2026-09-04,164.44,164.44,1.0,2865600,2866300.445791,-0.0244,0.0,
2026-09-08T16:00:21.009823+00:00,mid_session,TJX,2026-03-09,2026-09-08,127,2025-09-04,2026-09-04,253,126,4,0.0,0.64,0.3935,13108.0002,16741.0005,2026-09-04,132.08,132.08,1.0,7265600,7267740,-0.0294,0.0,
2026-09-08T16:00:21.009823+00:00,mid_session,TMO,2026-03-09,2026-09-08,127,2025-09-04,2026-09-04,253,126,4,0.0,0.1988,0.0572,61278.0029,63271.0022,2026-09-04,613.78,613.78,1.0,1228900,1229134.633711,-0.0191,0.0008,
2026-09-08T16:00:21.009823+00:00,mid_session,TSLA,2026-03-09,2026-09-08,127,2025-09-04,2026-09-04,253,126,4,-0.0,0.0013,0.0,35307.9987,44426.9989,2026-09-04,354.08,354.08,1.0,64829000,65018209.883669,-0.291,0.0,
2026-09-08T16:00:21.009823+00:00,mid_session,TSM,2026-03-09,2026-09-08,127,2025-09-04,2026-09-04,253,126,4,0.0,0.514,0.1357,42791.0004,47657.0007,2026-09-04,428.91,428.91,1.0,12276300,12283895,-0.0618,0.0,
2026-09-08T16:00:21.009823+00:00,mid_session,TXN,2026-03-09,2026-09-08,127,2025-09-04,2026-09-04,253,126,4,0.0,1.0124,0.5639,25744.0002,33128.0002,2026-09-04,258.44,258.44,1.0,4242600,4244015.700667,-0.0334,0.002,
2026-09-08T16:00:21.009823+00:00,mid_session,UMBF,2026-03-09,2026-09-08,127,2025-09-04,2026-09-04,253,126,4,-0.0,0.7023,0.1713,14275.9995,15103.9993,2026-09-04,143.76,143.76,1.0,400200,400244.841356,-0.0112,0.0,
2026-09-08T16:00:21.009823+00:00,mid_session,UNH,2026-03-09,2026-09-08,127,2025-09-04,2026-09-04,253,126,4,0.0,0.5679,0.3065,39614.0015,43535.0006,2026-09-04,397.14,397.14,1.0,5565400,5566518.998982,-0.0201,0.0012,
2026-09-08T16:00:21.009823+00:00,mid_session,VRTX,2026-03-09,2026-09-08,127,2025-09-04,2026-09-04,253,126,4,-0.0,0.0011,0.0,54511.9995,55696.0022,2026-09-04,546.12,546.12,1.0,803300,803524.204677,-0.0279,0.0,
2026-09-08T16:00:21.009823+00:00,mid_session,ZION,2026-03-09,2026-09-08,127,2025-09-04,2026-09-04,253,126,4,0.0,1.4169,0.8569,6837.0003,7230.9994,2026-09-04,69.37,69.37,1.0,820600,820618,-0.0022,0.0,
2026-09-08T20:30:06.377933+00:00,post_close,ABBV,2026-03-09,2026-09-08,127,2025-09-04,2026-09-04,253,126,4,-0.0,1.5237,0.6622,25545.9991,26497.0001,2026-09-04,256.46,256.46,1.0,4728800,4729800.613164,-0.0212,0.0,
2026-09-08T20:30:06.377933+00:00,post_close,ABT,2026-03-09,2026-09-08,127,2025-09-04,2026-09-04,253,126,4,0.0,1.3272,0.6223,10733.0002,11566.9998,2026-09-04,108.33,108.33,1.0,7029300,7029454.868902,-0.0022,0.0046,
2026-09-08T20:30:06.377933+00:00,post_close,ADI,2026-03-09,2026-09-08,127,2025-09-04,2026-09-04,253,126,4,0.0,0.5761,0.4216,36125.0,44448.0007,2026-09-04,362.25,362.25,1.0,3559800,3560584,-0.022,0.0014,
2026-09-08T20:30:06.377933+00:00,post_close,AMAT,2026-03-09,2026-09-08,127,2025-09-04,2026-09-04,253,126,4,-0.0,0.2309,0.1478,45370.9991,72200.0018,2026-09-04,454.71,454.71,1.0,6009400,6016831.09038,-0.1235,0.0,
2026-09-08T20:30:06.377933+00:00,post_close,AMD,2026-03-09,2026-09-08,127,2025-09-04,2026-09-04,253,126,4,0.0,0.0011,0.0,47657.0007,57990.9973,2026-09-04,477.57,477.57,1.0,19651900,19678742.23887,-0.1364,0.0,
2026-09-08T20:30:06.377933+00:00,post_close,AMGN,2026-03-09,2026-09-08,127,2025-09-04,2026-09-04,253,126,4,0.0,1.3261,0.8141,43623.0011,44311.9995,2026-09-04,437.23,437.23,1.0,1648800,1656089.415759,-0.4402,0.0,
2026-09-08T20:30:06.377933+00:00,post_close,AMZN,2026-03-09,2026-09-08,127,2025-09-04,2026-09-04,253,126,4,0.0,0.0,0.0,25751.001,28301.9989,2026-09-04,258.51,258.51,1.0,30698000,30749912.936259,-0.1688,0.0,
2026-09-08T20:30:06.377933+00:00,post_close,ASML,2026-03-09,2026-09-08,127,2025-09-04,2026-09-04,253,126,4,0.0,0.3468,0.1582,171388.0005,198843.9698,2026-09-04,1714.88,1714.88,1.0,1288700,1289622.128058,-0.0715,0.0003,
2026-09-08T20:30:06.377933+00:00,post_close,AVGO,2026-03-09,2026-09-08,127,2025-09-04,2026-09-04,253,126,4,0.0014,0.367,0.1069,35689.9994,48057.0011,2026-09-04,357.9,357.895,1.0,32773600,32863265.07772,-0.2728,0.0014,
2026-09-08T20:30:06.377933+00:00,post_close,BKNG,2026-03-09,2026-09-08,127,2025-09-04,2026-09-04,253,126,4,-0.0,0.2508,0.1234,19228.9993,21341.9998,2026-09-04,193.29,193.29,1.0,6320100,6321497.053208,-0.0221,0.0,
2026-09-08T20:30:06.377933+00:00,post_close,BMY,2026-03-09,2026-09-08,127,2025-09-04,2026-09-04,253,126,4,-0.0,2.1254,0.8529,6582.0,6708.9996,2026-09-04,66.82,66.82,1.0,4825300,4825447,-0.003,0.0075,
2026-09-08T20:30:06.377933+00:00,post_close,CFG,2026-03-09,2026-09-08,127,2025-09-04,2026-09-04,253,126,4,-0.0,1.3548,0.7152,6977.9999,7373.0003,2026-09-04,70.78,70.78,1.0,1948300,1948366.030799,-0.0034,0.0,
2026-09-08T20:30:06.377933+00:00,post_close,CFR,2026-03-09,2026-09-08,127,2025-09-04,2026-09-04,253,126,4,-0.0,1.3881,0.9515,16161.9995,16908.0013,2026-09-04,162.62,162.62,1.0,543700,543693,0.0013,0.0,
2026-09-08T20:30:06.377933+00:00,post_close,FITB,2026-03-09,2026-09-08,127,2025-09-04,2026-09-04,253,126,4,-0.0,1.5934,0.549,5386.9999,5836.9999,2026-09-04,54.87,54.87,1.0,3125200,3125175.935782,0.0008,0.0,
2026-09-08T20:30:06.377933+00:00,post_close,GILD,2026-03-09,2026-09-08,127,2025-09-04,2026-09-04,253,126,4,0.0033,1.2139,0.3702,15000.0,15022.0001,2026-09-04,151.0,150.995,1.0,6181300,6181783,-0.0078,0.0033,
2026-09-08T20:30:06.377933+00:00,post_close,HBAN,2026-03-09,2026-09-08,127,2025-09-04,2026-09-04,253,126,4,0.0,1.8931,0.5529,1603.0001,1755.9999,2026-09-04,17.03,17.03,1.0,13259900,13262451.359095,-0.0192,0.0118,
2026-09-08T20:30:06.377933+00:00,post_close,HD,2026-03-09,2026-09-08,127,2025-09-04,2026-09-04,253,126,4,-0.0,2.1249,1.0933,32004.9988,35689.998,2026-09-04,321.05,321.05,1.0,2261000,2262388.334353,-0.0614,0.0,
2026-09-08T20:30:06.377933+00:00,post_close,ISRG,2026-03-09,2026-09-08,127,2025-09-04,2026-09-04,253,126,4,0.0,0.0014,0.0,36570.0012,49255.9998,2026-09-04,366.7,366.7,1.0,2081300,2081783.343675,-0.0232,0.0,
2026-09-08T20:30:06.377933+00:00,post_close,JNJ,2026-03-09,2026-09-08,127,2025-09-04,2026-09-04,253,126,4,0.0,1.0598,0.6996,27423.0011,27742.9993,2026-09-04,275.23,275.23,1.0,4320100,4320878.767603,-0.018,0.0,
2026-09-08T20:30:06.377933+00:00,post_close,KEY,2026-03-09,2026-09-08,127,2025-09-04,2026-09-04,253,126,4,0.0,1.9202,1.3734,2118.0,2298.9999,2026-09-04,22.18,22.18,1.0,9683300,9683254.441627,0.0005,0.0,
2026-09-08T20:30:06.377933+00:00,post_close,KLAC,2026-03-09,2026-09-08,127,2025-09-04,2026-09-04,253,126,4,0.0,0.2402,0.149,18460.0006,30070.9985,2026-09-04,185.6,185.6,1.0,12720000,12725635,-0.0443,0.0,
2026-09-08T20:30:06.377933+00:00,post_close,LLY,2026-03-09,2026-09-08,127,2025-09-04,2026-09-04,253,126,4,-0.0,0.3147,0.1903,114835.9985,127933.9966,2026-09-04,1149.36,1149.36,1.0,2218900,2220270.446188,-0.0617,0.0004,
2026-09-08T20:30:06.377933+00:00,post_close,LOW,2026-03-09,2026-09-08,127,2025-09-04,2026-09-04,253,126,4,-0.0,1.089,0.5702,20344.9997,25228.999,2026-09-04,204.45,204.45,1.0,2436100,2436937.767871,-0.0344,0.0,
2026-09-08T20:30:06.377933+00:00,post_close,MCD,2026-03-09,2026-09-08,127,2025-09-04,2026-09-04,253,126,4,0.0,1.3747,0.9966,25469.0002,32979.9987,2026-09-04,255.69,255.69,1.0,4213700,4225531.146779,-0.28,0.0,
2026-09-08T20:30:06.377933+00:00,post_close,MRK,2026-03-09,2026-09-08,127,2025-09-04,2026-09-04,253,126,4,0.0,1.444,0.4143,14933.0002,15544.9997,2026-09-04,150.33,150.33,1.0,4395400,4397467.705343,-0.047,0.0033,
2026-09-08T20:30:06.377933+00:00,post_close,MTB,2026-03-09,2026-09-08,127,2025-09-04,2026-09-04,253,126,4,-0.0,1.3308,0.9383,23883.9996,25309.0,2026-09-04,239.84,239.84,1.0,676900,677119,-0.0323,0.0,
2026-09-08T20:30:06.377933+00:00,post_close,MU,2026-03-09,2026-09-08,127,2025-09-04,2026-09-04,253,126,4,0.0,0.0574,0.0149,101559.0027,121256.0007,2026-09-04,1016.59,1016.59,1.0,35116600,35249519.423002,-0.3771,0.0005,
2026-09-08T20:30:06.377933+00:00,post_close,NKE,2026-03-09,2026-09-08,127,2025-09-04,2026-09-04,253,126,4,0.0,1.9272,1.4203,3740.0002,5552.9998,2026-09-04,38.4,38.4,1.0,20604300,20631563.489708,-0.1321,0.0129,
2026-09-08T20:30:06.377933+00:00,post_close,NVDA,2026-03-09,2026-09-08,127,2025-09-04,2026-09-04,253,126,4,0.0,0.1218,0.0564,22936.0001,23474.0011,2026-09-04,230.36,230.36,1.0,134946800,135352420.334354,-0.2997,0.0,
2026-09-08T20:30:06.377933+00:00,post_close,ONB,2026-03-09,2026-09-08,127,2025-09-04,2026-09-04,253,126,4,0.0,1.1597,0.8494,2504.0001,2629.0001,2026-09-04,26.04,26.04,1.0,2647700,2648251.014081,-0.0208,0.0,
2026-09-08T20:30:06.377933+00:00,post_close,ORLY,2026-03-09,2026-09-08,127,2025-09-04,2026-09-04,253,126,4,-0.0,0.0,0.0,8688.9999,9840.0002,2026-09-04,87.89,87.89,1.0,3790400,3790992,-0.0156,0.0,
2026-09-08T20:30:06.377933+00:00,post_close,PFE,2026-03-09,2026-09-08,127,2025-09-04,2026-09-04,253,126,4,0.0,3.3153,1.841,2745.0001,2802.0,2026-09-04,28.45,28.45,1.0,23782900,23791956.337855,-0.0381,0.0,
2026-09-08T20:30:06.377933+00:00,post_close,PNFP,2026-03-09,2026-09-08,127,2025-09-04,2026-09-04,253,126,4,0.0,0.9728,0.5432,10001.0002,10802.9999,2026-09-04,101.01,101.01,1.0,534000,533985,0.0028,0.0009,
2026-09-08T20:30:06.377933+00:00,post_close,QCOM,2026-03-09,2026-09-08,127,2025-09-04,2026-09-04,253,126,4,0.0,0.9073,0.7099,16774.0005,25002.0005,2026-09-04,168.74,168.74,1.0,8531400,8537131.56908,-0.0671,0.0,
2026-09-08T20:30:06.377933+00:00,post_close,RF,2026-03-09,2026-09-08,127,2025-09-04,2026-09-04,253,126,4,0.0,1.9409,1.4034,2942.0,3140.0,2026-09-04,30.42,30.42,1.0,6236100,6236327,-0.0036,0.0163,
2026-09-08T20:30:06.377933+00:00,post_close,SBUX,2026-03-09,2026-09-08,127,2025-09-04,2026-09-04,253,126,4,0.0,1.1506,0.7193,10347.0001,10755.0,2026-09-04,104.47,104.47,1.0,4600800,4604288,-0.0758,0.0,
2026-09-08T20:30:06.377933+00:00,post_close,SYK,2026-03-09,2026-09-08,127,2025-09-04,2026-09-04,253,126,4,0.0,0.5354,0.199,30213.0005,36492.0017,2026-09-04,303.13,303.13,1.0,2401400,2401462,-0.0026,0.0016,
2026-09-08T20:30:06.377933+00:00,post_close,TFC,2026-03-09,2026-09-08,127,2025-09-04,2026-09-04,253,126,4,0.0,2.0165,1.21,5065.0002,5224.9998,2026-09-04,51.65,51.65,1.0,4614600,4614751,-0.0033,0.0,
2026-09-08T20:30:06.377933+00:00,post_close,TGT,2026-03-09,2026-09-08,127,2025-09-04,2026-09-04,253,126,4,0.0,1.6905,0.992,16344.0002,16888.9999,2026-09-04,164.44,164.44,1.0,2865600,2866300.445791,-0.0244,0.0,
2026-09-08T20:30:06.377933+00:00,post_close,TJX,2026-03-09,2026-09-08,127,2025-09-04,2026-09-04,253,126,4,0.0,0.64,0.3935,13108.0002,16741.0005,2026-09-04,132.08,132.08,1.0,7265600,7267740,-0.0294,0.0,
2026-09-08T20:30:06.377933+00:00,post_close,TMO,2026-03-09,2026-09-08,127,2025-09-04,2026-09-04,253,126,4,0.0,0.1988,0.0572,61278.0029,63271.0022,2026-09-04,613.78,613.78,1.0,1228900,1229134.633711,-0.0191,0.0008,
2026-09-08T20:30:06.377933+00:00,post_close,TSLA,2026-03-09,2026-09-08,127,2025-09-04,2026-09-04,253,126,4,-0.0,0.0013,0.0,35307.9987,44426.9989,2026-09-04,354.08,354.08,1.0,64829000,65018209.883669,-0.291,0.0,
2026-09-08T20:30:06.377933+00:00,post_close,TSM,2026-03-09,2026-09-08,127,2025-09-04,2026-09-04,253,126,4,0.0,0.514,0.1357,42791.0004,47657.0007,2026-09-04,428.91,428.91,1.0,12276300,12283895,-0.0618,0.0,
2026-09-08T20:30:06.377933+00:00,post_close,TXN,2026-03-09,2026-09-08,127,2025-09-04,2026-09-04,253,126,4,0.0,1.0124,0.5639,25744.0002,33128.0002,2026-09-04,258.44,258.44,1.0,4242600,4244015.700667,-0.0334,0.002,
2026-09-08T20:30:06.377933+00:00,post_close,UMBF,2026-03-09,2026-09-08,127,2025-09-04,2026-09-04,253,126,4,-0.0,0.7023,0.1713,14275.9995,15103.9993,2026-09-04,143.76,143.76,1.0,400200,400244.841356,-0.0112,0.0,
2026-09-08T20:30:06.377933+00:00,post_close,UNH,2026-03-09,2026-09-08,127,2025-09-04,2026-09-04,253,126,4,0.0,0.5679,0.3065,39614.0015,43535.0006,2026-09-04,397.14,397.14,1.0,5565400,5566518.998982,-0.0201,0.0012,
2026-09-08T20:30:06.377933+00:00,post_close,VRTX,2026-03-09,2026-09-08,127,2025-09-04,2026-09-04,253,126,4,-0.0,0.0011,0.0,54511.9995,55696.0022,2026-09-04,546.12,546.12,1.0,803300,803524.204677,-0.0279,0.0,
2026-09-08T20:30:06.377933+00:00,post_close,ZION,2026-03-09,2026-09-08,127,2025-09-04,2026-09-04,253,126,4,0.0,1.4169,0.8569,6837.0003,7230.9994,2026-09-04,69.37,69.37,1.0,820600,820618,-0.0022,0.0,
2026-09-09T12:31:58.004441+00:00,pre_market,ABBV,2026-03-09,2026-09-08,127,2025-09-08,2026-09-08,252,127,0,-0.0,1.5237,0.657,24777.9999,26497.0001,2026-09-08,248.78,248.78,1.0,5570300,5572102.716924,-0.0324,0.002,
2026-09-09T12:31:58.004441+00:00,pre_market,ABT,2026-03-09,2026-09-08,127,2025-09-08,2026-09-08,252,127,0,-0.0,1.3272,0.6174,10451.9997,11566.9998,2026-09-08,105.52,105.52,1.0,11397200,11397828,-0.0055,0.0,
2026-09-09T12:31:58.004441+00:00,pre_market,ADI,2026-03-09,2026-09-08,127,2025-09-08,2026-09-08,252,127,0,0.0,0.5761,0.4183,36220.0012,44448.0007,2026-09-08,363.2,363.2,1.0,3138000,3139621,-0.0516,0.0005,
2026-09-09T12:31:58.004441+00:00,pre_market,AMAT,2026-03-09,2026-09-08,127,2025-09-08,2026-09-08,252,127,0,0.0,0.2309,0.1467,47179.0009,72200.0018,2026-09-08,472.79,472.79,1.0,6304600,6312985,-0.1328,0.0004,
2026-09-09T12:31:58.004441+00:00,pre_market,AMD,2026-03-09,2026-09-08,127,2025-09-08,2026-09-08,252,127,0,-0.0,0.0011,0.0,50473.999,57990.9973,2026-09-08,505.74,505.74,1.0,28125200,28166529.487347,-0.1467,0.0006,
2026-09-09T12:31:58.004441+00:00,pre_market,AMGN,2026-03-09,2026-09-08,127,2025-09-08,2026-09-08,252,127,0,0.0,1.3261,0.8077,39217.0013,44311.9995,2026-09-08,393.17,393.17,1.0,6825100,6831664.665253,-0.0961,0.0012,
2026-09-09T12:31:58.004441+00:00,pre_market,AMZN,2026-03-09,2026-09-08,127,2025-09-08,2026-09-08,252,127,0,0.0,0.0,0.0,25597.0001,28301.9989,2026-09-08,256.97,256.97,1.0,29349000,29397994.025872,-0.1667,0.0019,
2026-09-09T12:31:58.004441+00:00,pre_market,ASML,2026-03-09,2026-09-08,127,2025-09-08,2026-09-08,252,127,0,-0.0,0.3468,0.1569,176384.9976,198843.9698,2026-09-08,1764.85,1764.85,1.0,1352800,1354039,-0.0915,0.0,
2026-09-09T12:31:58.004441+00:00,pre_market,AVGO,2026-03-09,2026-09-08,127,2025-09-08,2026-09-08,252,127,0,-0.0,0.367,0.106,36755.9998,48057.0011,2026-09-08,368.56,368.56,1.0,30401900,30464888.995862,-0.2068,0.0014,
2026-09-09T12:31:58.004441+00:00,pre_market,BKNG,2026-03-09,2026-09-08,127,2025-09-08,2026-09-08,252,127,0,0.0,0.2508,0.1224,17930.0003,21341.9998,2026-09-08,180.3,180.3,1.0,10881600,10892383,-0.099,0.0,
2026-09-09T12:31:58.004441+00:00,pre_market,BMY,2026-03-09,2026-09-08,127,2025-09-08,2026-09-08,252,127,0,0.0,2.1254,0.8462,6369.0002,6708.9996,2026-09-08,64.69,64.69,1.0,9522900,9524772,-0.0197,0.0078,
2026-09-09T12:31:58.004441+00:00,pre_market,CFG,2026-03-09,2026-09-08,127,2025-09-08,2026-09-08,252,127,0,-0.0,1.3548,0.7096,6898.9998,7373.0003,2026-09-08,69.99,69.99,1.0,2739800,2739975.959491,-0.0064,0.0,
2026-09-09T12:31:58.004441+00:00,pre_market,CFR,2026-03-09,2026-09-08,127,2025-09-08,2026-09-08,252,127,0,0.0,1.3881,0.944,16261.0001,16908.0013,2026-09-08,163.61,163.61,1.0,501700,501745,-0.009,0.0015,
2026-09-09T12:31:58.004441+00:00,pre_market,FITB,2026-03-09,2026-09-08,127,2025-09-08,2026-09-08,252,127,0,-0.0,1.5934,0.5447,5350.9998,5836.9999,2026-09-08,54.51,54.51,1.0,4418800,4418890,-0.002,0.0,
2026-09-09T12:31:58.004441+00:00,pre_market,GILD,2026-03-09,2026-09-08,127,2025-09-08,2026-09-08,252,127,0,-0.0,1.2139,0.3673,14563.9999,15022.0001,2026-09-08,146.64,146.64,1.0,6080100,6080502.980818,-0.0066,0.0006,
2026-09-09T12:31:58.004441+00:00,pre_market,HBAN,2026-03-09,2026-09-08,127,2025-09-08,2026-09-08,252,127,0,0.0,1.8931,0.5485,1576.0,1755.9999,2026-09-08,16.76,16.76,1.0,20193400,20193462.262676,-0.0003,0.0,
2026-09-09T12:31:58.004441+00:00,pre_market,HD,2026-03-09,2026-09-08,127,2025-09-08,2026-09-08,252,127,0,0.0,2.1249,1.0847,31270.0012,35689.998,2026-09-08,313.7,313.7,1.0,5655700,5660092,-0.0776,0.0,
2026-09-09T12:31:58.004441+00:00,pre_market,ISRG,2026-03-09,2026-09-08,127,2025-09-08,2026-09-08,252,127,0,0.0,0.0014,0.0,34916.0004,49255.9998,2026-09-08,350.16,350.16,1.0,3194800,3196294.350489,-0.0468,0.0014,
2026-09-09T12:31:58.004441+00:00,pre_market,JNJ,2026-03-09,2026-09-08,127,2025-09-08,2026-09-08,252,127,0,-0.0,1.0598,0.6941,26811.9995,27742.9993,2026-09-08,269.12,269.12,1.0,8084700,8085992.857376,-0.016,0.001,
2026-09-09T12:31:58.004441+00:00,pre_market,KEY,2026-03-09,2026-09-08,127,2025-09-08,2026-09-08,252,127,0,0.0,1.9202,1.3626,2079.0001,2298.9999,2026-09-08,21.79,21.79,1.0,11851100,11851167.069065,-0.0006,0.0,
2026-09-09T12:31:58.004441+00:00,pre_market,KLAC,2026-03-09,2026-09-08,127,2025-09-08,2026-09-08,252,127,0,-0.0,0.2402,0.1478,18797.9996,30070.9985,2026-09-08,188.98,188.98,1.0,12401000,12404389.498836,-0.0273,0.0,
2026-09-09T12:31:58.004441+00:00,pre_market,LLY,2026-03-09,2026-09-08,127,2025-09-08,2026-09-08,252,127,0,0.0,0.3147,0.1888,112291.0034,127933.9966,2026-09-08,1123.91,1123.91,1.0,2400500,2403019.802203,-0.1049,0.0,
2026-09-09T12:31:58.004441+00:00,pre_market,LOW,2026-03-09,2026-09-08,127,2025-09-08,2026-09-08,252,127,0,0.0,1.089,0.5657,19980.0003,25229.0006,2026-09-08,200.8,200.8,1.0,2865200,2869278.411054,-0.1421,0.0,
2026-09-09T12:31:58.004441+00:00,pre_market,MCD,2026-03-09,2026-09-08,127,2025-09-08,2026-09-08,252,127,0,-0.0,1.3747,0.9888,25480.9998,32979.9987,2026-09-08,255.81,255.81,1.0,4197600,4206173.888945,-0.2038,0.0019,
2026-09-09T12:31:58.004441+00:00,pre_market,MRK,2026-03-09,2026-09-08,127,2025-09-08,2026-09-08,252,127,0,0.0,1.444,0.411,14746.0007,15544.9997,2026-09-08,148.46,148.46,1.0,11187000,11187297,-0.0027,0.0007,
2026-09-09T12:31:58.004441+00:00,pre_market,MTB,2026-03-09,2026-09-08,127,2025-09-08,2026-09-08,252,127,0,0.0,1.3308,0.9309,23744.0002,25309.0,2026-09-08,238.44,238.44,1.0,1085100,1086331.700803,-0.1134,0.0,
2026-09-09T12:31:58.004441+00:00,pre_market,MU,2026-03-09,2026-09-08,127,2025-09-08,2026-09-08,252,127,0,0.0,0.0574,0.0148,99926.001,121256.0007,2026-09-08,1000.26,1000.26,1.0,26468800,26604914.368481,-0.5116,0.0,
2026-09-09T12:31:58.004441+00:00,pre_market,NKE,2026-03-09,2026-09-08,127,2025-09-08,2026-09-08,252,127,0,-0.0,1.9272,1.4091,3709.9998,5552.9998,2026-09-08,38.1,38.1,1.0,31610300,31672294.874491,-0.1957,0.0,
2026-09-09T12:31:58.004441+00:00,pre_market,NVDA,2026-03-09,2026-09-08,127,2025-09-08,2026-09-08,252,127,0,-0.0,0.1218,0.056,22472.9996,23474.0011,2026-09-08,225.73,225.73,1.0,122580300,122965555.350301,-0.3133,0.0,
2026-09-09T12:31:58.004441+00:00,pre_market,ONB,2026-03-09,2026-09-08,127,2025-09-08,2026-09-08,252,127,0,0.0,1.1597,0.8427,2461.0001,2629.0001,2026-09-08,25.61,25.61,1.0,3152300,3152351.208319,-0.0016,0.0,
2026-09-09T12:31:58.004441+00:00,pre_market,ORLY,2026-03-09,2026-09-08,127,2025-09-08,2026-09-08,252,127,0,-0.0,0.0,0.0,8488.9999,9840.0002,2026-09-08,85.89,85.89,1.0,8076700,8076983,-0.0035,0.0,
2026-09-09T12:31:58.004441+00:00,pre_market,PFE,2026-03-09,2026-09-08,127,2025-09-08,2026-09-08,252,127,0,0.0,3.3153,1.8265,2679.0001,2802.0,2026-09-08,27.79,27.79,1.0,31745900,31772942,-0.0851,0.018,
2026-09-09T12:31:58.004441+00:00,pre_market,PNFP,2026-03-09,2026-09-08,127,2025-09-08,2026-09-08,252,127,0,-0.0,0.9728,0.5389,9970.9999,10802.9999,2026-09-08,100.71,100.71,1.0,793100,793128.509929,-0.0036,0.0,
2026-09-09T12:31:58.004441+00:00,pre_market,QCOM,2026-03-09,2026-09-08,127,2025-09-08,2026-09-08,252,127,0,-0.0,0.9073,0.7043,17308.9996,25001.999,2026-09-08,174.09,174.09,1.0,26081100,26129191.197402,-0.1841,0.0028,
2026-09-09T12:31:58.004441+00:00,pre_market,RF,2026-03-09,2026-09-08,127,2025-09-08,2026-09-08,252,127,0,-0.0,1.9409,1.3923,2907.0,3140.0,2026-09-08,30.07,30.07,1.0,7000600,7000650.344415,-0.0007,0.0164,
2026-09-09T12:31:58.004441+00:00,pre_market,SBUX,2026-03-09,2026-09-08,127,2025-09-08,2026-09-08,252,127,0,0.0,1.1506,0.7137,10101.0002,10755.0,2026-09-08,102.01,102.01,1.0,6240800,6257574.268268,-0.2681,0.0,
2026-09-09T12:31:58.004441+00:00,pre_market,SYK,2026-03-09,2026-09-08,127,2025-09-08,2026-09-08,252,127,0,-0.0,0.5354,0.1974,27542.9993,36492.0017,2026-09-08,276.43,276.43,1.0,6318300,6320916,-0.0414,0.0017,
2026-09-09T12:31:58.004441+00:00,pre_market,TFC,2026-03-09,2026-09-08,127,2025-09-08,2026-09-08,252,127,0,-0.0,2.0165,1.2004,4954.9999,5224.9998,2026-09-08,50.55,50.55,1.0,6080800,6080922.121115,-0.002,0.0,
2026-09-09T12:31:58.004441+00:00,pre_market,TGT,2026-03-09,2026-09-08,127,2025-09-08,2026-09-08,252,127,0,0.0,1.6905,0.9842,16171.0007,16888.9999,2026-09-08,162.71,162.71,1.0,2659600,2660307.517298,-0.0266,0.0031,
2026-09-09T12:31:58.004441+00:00,pre_market,TJX,2026-03-09,2026-09-08,127,2025-09-08,2026-09-08,252,127,0,-0.0,0.64,0.3904,12791.9998,16741.0005,2026-09-08,128.92,128.92,1.0,11170900,11174849.110167,-0.0353,0.0,
2026-09-09T12:31:58.004441+00:00,pre_market,TMO,2026-03-09,2026-09-08,127,2025-09-08,2026-09-08,252,127,0,0.0,0.1988,0.0567,60202.002,63271.0022,2026-09-08,603.02,603.02,1.0,2695300,2695405.124378,-0.0039,0.0,
2026-09-09T12:31:58.004441+00:00,pre_market,TSLA,2026-03-09,2026-09-08,127,2025-09-08,2026-09-08,252,127,0,0.0,0.0013,0.0,36716.0004,44426.9989,2026-09-08,368.16,368.16,1.0,50978200,51078786.32705,-0.1969,0.0014,
2026-09-09T12:31:58.004441+00:00,pre_market,TSM,2026-03-09,2026-09-08,127,2025-09-08,2026-09-08,252,127,0,0.0,0.514,0.1346,43800.0,47657.0007,2026-09-08,439.0,439,1.0,13079900,13088876,-0.0686,0.0,
2026-09-09T12:31:58.004441+00:00,pre_market,TXN,2026-03-09,2026-09-08,127,2025-09-08,2026-09-08,252,127,0,0.0,1.0124,0.5595,25792.0013,33128.0002,2026-09-08,258.92,258.92,1.0,5437000,5438147.490368,-0.0211,0.0019,
2026-09-09T12:31:58.004441+00:00,pre_market,UMBF,2026-03-09,2026-09-08,127,2025-09-08,2026-09-08,252,127,0,0.0,0.7023,0.17,14155.0003,15103.9993,2026-09-08,142.55,142.55,1.0,766800,766790.830351,0.0012,0.0,
2026-09-09T12:31:58.004441+00:00,pre_market,UNH,2026-03-09,2026-09-08,127,2025-09-08,2026-09-08,252,127,0,-0.0,0.5679,0.3041,39983.9996,43535.0006,2026-09-08,400.84,400.84,1.0,7049400,7050221.200153,-0.0116,0.0012,
2026-09-09T12:31:58.004441+00:00,pre_market,VRTX,2026-03-09,2026-09-08,127,2025-09-08,2026-09-08,252,127,0,0.0,0.0011,0.0,52790.0024,55696.0022,2026-09-08,528.9,528.9,1.0,1121100,1121470.003312,-0.033,0.0,
2026-09-09T12:31:58.004441+00:00,pre_market,ZION,2026-03-09,2026-09-08,127,2025-09-08,2026-09-08,252,127,0,0.0,1.4169,0.8502,6737.0003,7230.9994,2026-09-08,68.37,68.37,1.0,1570200,1570167.87294,0.002,0.0,
2026-09-09T16:00:36.843385+00:00,mid_session,ABBV,2026-03-09,2026-09-09,128,2025-09-08,2026-09-08,252,127,1,-0.0,1.5237,0.657,24777.9999,26497.0001,2026-09-08,248.78,248.78,1.0,5570300,5572102.716924,-0.0324,0.002,
2026-09-09T16:00:36.843385+00:00,mid_session,ABT,2026-03-09,2026-09-09,128,2025-09-08,2026-09-08,252,127,1,-0.0,1.3272,0.6174,10451.9997,11566.9998,2026-09-08,105.52,105.52,1.0,11397200,11397828,-0.0055,0.0,
2026-09-09T16:00:36.843385+00:00,mid_session,ADI,2026-03-09,2026-09-09,128,2025-09-08,2026-09-08,252,127,1,0.0,0.5761,0.4183,36220.0012,44448.0007,2026-09-08,363.2,363.2,1.0,3138000,3139621,-0.0516,0.0005,
2026-09-09T16:00:36.843385+00:00,mid_session,AMAT,2026-03-09,2026-09-09,128,2025-09-08,2026-09-08,252,127,1,0.0,0.2309,0.1467,47179.0009,72200.0018,2026-09-08,472.79,472.79,1.0,6304600,6312985,-0.1328,0.0004,
2026-09-09T16:00:36.843385+00:00,mid_session,AMD,2026-03-09,2026-09-09,128,2025-09-08,2026-09-08,252,127,1,-0.0,0.0011,0.0,50473.999,57990.9973,2026-09-08,505.74,505.74,1.0,28125200,28166529.487347,-0.1467,0.0006,
2026-09-09T16:00:36.843385+00:00,mid_session,AMGN,2026-03-09,2026-09-09,128,2025-09-08,2026-09-08,252,127,1,0.0,1.3261,0.8077,39217.0013,44311.9995,2026-09-08,393.17,393.17,1.0,6825100,6831664.665253,-0.0961,0.0012,
2026-09-09T16:00:36.843385+00:00,mid_session,AMZN,2026-03-09,2026-09-09,128,2025-09-08,2026-09-08,252,127,1,0.0,0.0,0.0,25597.0001,28301.9989,2026-09-08,256.97,256.97,1.0,29349000,29397994.025872,-0.1667,0.0019,
2026-09-09T16:00:36.843385+00:00,mid_session,ASML,2026-03-09,2026-09-09,128,2025-09-08,2026-09-08,252,127,1,-0.0,0.3468,0.1569,176384.9976,198843.9698,2026-09-08,1764.85,1764.85,1.0,1352800,1354039,-0.0915,0.0,
2026-09-09T16:00:36.843385+00:00,mid_session,AVGO,2026-03-09,2026-09-09,128,2025-09-08,2026-09-08,252,127,1,-0.0,0.367,0.106,36755.9998,48057.0011,2026-09-08,368.56,368.56,1.0,30401900,30464888.995862,-0.2068,0.0014,
2026-09-09T16:00:36.843385+00:00,mid_session,BKNG,2026-03-09,2026-09-09,128,2025-09-08,2026-09-08,252,127,1,0.0,0.2508,0.1224,17930.0003,21341.9998,2026-09-08,180.3,180.3,1.0,10881600,10892383,-0.099,0.0,
2026-09-09T16:00:36.843385+00:00,mid_session,BMY,2026-03-09,2026-09-09,128,2025-09-08,2026-09-08,252,127,1,0.0,2.1254,0.8462,6369.0002,6708.9996,2026-09-08,64.69,64.69,1.0,9522900,9524772,-0.0197,0.0078,
2026-09-09T16:00:36.843385+00:00,mid_session,CFG,2026-03-09,2026-09-09,128,2025-09-08,2026-09-08,252,127,1,-0.0,1.3548,0.7096,6898.9998,7373.0003,2026-09-08,69.99,69.99,1.0,2739800,2739975.959491,-0.0064,0.0,
2026-09-09T16:00:36.843385+00:00,mid_session,CFR,2026-03-09,2026-09-09,128,2025-09-08,2026-09-08,252,127,1,0.0,1.3881,0.944,16261.0001,16908.0013,2026-09-08,163.61,163.61,1.0,501700,501745,-0.009,0.0015,
2026-09-09T16:00:36.843385+00:00,mid_session,FITB,2026-03-09,2026-09-09,128,2025-09-08,2026-09-08,252,127,1,-0.0,1.5934,0.5447,5350.9998,5836.9999,2026-09-08,54.51,54.51,1.0,4418800,4418890,-0.002,0.0,
2026-09-09T16:00:36.843385+00:00,mid_session,GILD,2026-03-09,2026-09-09,128,2025-09-08,2026-09-08,252,127,1,-0.0,1.2139,0.3673,14563.9999,15022.0001,2026-09-08,146.64,146.64,1.0,6080100,6080502.980818,-0.0066,0.0006,
2026-09-09T16:00:36.843385+00:00,mid_session,HBAN,2026-03-09,2026-09-09,128,2025-09-08,2026-09-08,252,127,1,0.0,1.8931,0.5485,1576.0,1755.9999,2026-09-08,16.76,16.76,1.0,20193400,20193462.262676,-0.0003,0.0,
2026-09-09T16:00:36.843385+00:00,mid_session,HD,2026-03-09,2026-09-09,128,2025-09-08,2026-09-08,252,127,1,0.0,2.1249,1.0847,31270.0012,35689.998,2026-09-08,313.7,313.7,1.0,5655700,5660092,-0.0776,0.0,
2026-09-09T16:00:36.843385+00:00,mid_session,ISRG,2026-03-09,2026-09-09,128,2025-09-08,2026-09-08,252,127,1,0.0,0.0014,0.0,34916.0004,49255.9998,2026-09-08,350.16,350.16,1.0,3194800,3196294.350489,-0.0468,0.0014,
2026-09-09T16:00:36.843385+00:00,mid_session,JNJ,2026-03-09,2026-09-09,128,2025-09-08,2026-09-08,252,127,1,-0.0,1.0598,0.6941,26811.9995,27742.9993,2026-09-08,269.12,269.12,1.0,8084700,8085992.857376,-0.016,0.001,
2026-09-09T16:00:36.843385+00:00,mid_session,KEY,2026-03-09,2026-09-09,128,2025-09-08,2026-09-08,252,127,1,0.0,1.9202,1.3626,2079.0001,2298.9999,2026-09-08,21.79,21.79,1.0,11851100,11851167.069065,-0.0006,0.0,
2026-09-09T16:00:36.843385+00:00,mid_session,KLAC,2026-03-09,2026-09-09,128,2025-09-08,2026-09-08,252,127,1,-0.0,0.2402,0.1478,18797.9996,30070.9985,2026-09-08,188.98,188.98,1.0,12401000,12404389.498836,-0.0273,0.0,
2026-09-09T16:00:36.843385+00:00,mid_session,LLY,2026-03-09,2026-09-09,128,2025-09-08,2026-09-08,252,127,1,0.0,0.3147,0.1888,112291.0034,127933.9966,2026-09-08,1123.91,1123.91,1.0,2400500,2403019.802203,-0.1049,0.0,
2026-09-09T16:00:36.843385+00:00,mid_session,LOW,2026-03-09,2026-09-09,128,2025-09-08,2026-09-08,252,127,1,0.0,1.089,0.5657,19980.0003,25229.0006,2026-09-08,200.8,200.8,1.0,2865200,2869278.411054,-0.1421,0.0,
2026-09-09T16:00:36.843385+00:00,mid_session,MCD,2026-03-09,2026-09-09,128,2025-09-08,2026-09-08,252,127,1,-0.0,1.3747,0.9888,25480.9998,32979.9987,2026-09-08,255.81,255.81,1.0,4197600,4206173.888945,-0.2038,0.0019,
2026-09-09T16:00:36.843385+00:00,mid_session,MRK,2026-03-09,2026-09-09,128,2025-09-08,2026-09-08,252,127,1,0.0,1.444,0.411,14746.0007,15544.9997,2026-09-08,148.46,148.46,1.0,11187000,11187297,-0.0027,0.0007,
2026-09-09T16:00:36.843385+00:00,mid_session,MTB,2026-03-09,2026-09-09,128,2025-09-08,2026-09-08,252,127,1,0.0,1.3308,0.9309,23744.0002,25309.0,2026-09-08,238.44,238.44,1.0,1085100,1086331.700803,-0.1134,0.0,
2026-09-09T16:00:36.843385+00:00,mid_session,MU,2026-03-09,2026-09-09,128,2025-09-08,2026-09-08,252,127,1,0.0,0.0574,0.0148,99926.001,121256.0007,2026-09-08,1000.26,1000.26,1.0,26468800,26604914.368481,-0.5116,0.0,
2026-09-09T16:00:36.843385+00:00,mid_session,NKE,2026-03-09,2026-09-09,128,2025-09-08,2026-09-08,252,127,1,-0.0,1.9272,1.4091,3709.9998,5552.9998,2026-09-08,38.1,38.1,1.0,31610300,31672294.874491,-0.1957,0.0,
2026-09-09T16:00:36.843385+00:00,mid_session,NVDA,2026-03-09,2026-09-09,128,2025-09-08,2026-09-08,252,127,1,-0.0,0.1218,0.056,22472.9996,23474.0011,2026-09-08,225.73,225.73,1.0,122580300,122965555.350301,-0.3133,0.0,
2026-09-09T16:00:36.843385+00:00,mid_session,ONB,2026-03-09,2026-09-09,128,2025-09-08,2026-09-08,252,127,1,0.0,1.1597,0.8427,2461.0001,2629.0001,2026-09-08,25.61,25.61,1.0,3152300,3152351.208319,-0.0016,0.0,
2026-09-09T16:00:36.843385+00:00,mid_session,ORLY,2026-03-09,2026-09-09,128,2025-09-08,2026-09-08,252,127,1,-0.0,0.0,0.0,8488.9999,9840.0002,2026-09-08,85.89,85.89,1.0,8076700,8076983,-0.0035,0.0,
2026-09-09T16:00:36.843385+00:00,mid_session,PFE,2026-03-09,2026-09-09,128,2025-09-08,2026-09-08,252,127,1,0.0,3.3153,1.8265,2679.0001,2802.0,2026-09-08,27.79,27.79,1.0,31745900,31772942,-0.0851,0.018,
2026-09-09T16:00:36.843385+00:00,mid_session,PNFP,2026-03-09,2026-09-09,128,2025-09-08,2026-09-08,252,127,1,-0.0,0.9728,0.5389,9970.9999,10802.9999,2026-09-08,100.71,100.71,1.0,793100,793128.509929,-0.0036,0.0,
2026-09-09T16:00:36.843385+00:00,mid_session,QCOM,2026-03-09,2026-09-09,128,2025-09-08,2026-09-08,252,127,1,-0.0,0.9073,0.7043,17308.9996,25001.999,2026-09-08,174.09,174.09,1.0,26081100,26129191.197402,-0.1841,0.0028,
2026-09-09T16:00:36.843385+00:00,mid_session,RF,2026-03-09,2026-09-09,128,2025-09-08,2026-09-08,252,127,1,-0.0,1.9409,1.3923,2907.0,3140.0,2026-09-08,30.07,30.07,1.0,7000600,7000650.344415,-0.0007,0.0164,
2026-09-09T16:00:36.843385+00:00,mid_session,SBUX,2026-03-09,2026-09-09,128,2025-09-08,2026-09-08,252,127,1,0.0,1.1506,0.7137,10101.0002,10755.0,2026-09-08,102.01,102.01,1.0,6240800,6257574.268268,-0.2681,0.0,
2026-09-09T16:00:36.843385+00:00,mid_session,SYK,2026-03-09,2026-09-09,128,2025-09-08,2026-09-08,252,127,1,-0.0,0.5354,0.1974,27542.9993,36492.0017,2026-09-08,276.43,276.43,1.0,6318300,6320916,-0.0414,0.0017,
2026-09-09T16:00:36.843385+00:00,mid_session,TFC,2026-03-09,2026-09-09,128,2025-09-08,2026-09-08,252,127,1,-0.0,2.0165,1.2004,4954.9999,5224.9998,2026-09-08,50.55,50.55,1.0,6080800,6080922.121115,-0.002,0.0,
2026-09-09T16:00:36.843385+00:00,mid_session,TGT,2026-03-09,2026-09-09,128,2025-09-08,2026-09-08,252,127,1,0.0,1.6905,0.9842,16171.0007,16888.9999,2026-09-08,162.71,162.71,1.0,2659600,2660307.517298,-0.0266,0.0031,
2026-09-09T16:00:36.843385+00:00,mid_session,TJX,2026-03-09,2026-09-09,128,2025-09-08,2026-09-08,252,127,1,-0.0,0.64,0.3904,12791.9998,16741.0005,2026-09-08,128.92,128.92,1.0,11170900,11174849.110167,-0.0353,0.0,
2026-09-09T16:00:36.843385+00:00,mid_session,TMO,2026-03-09,2026-09-09,128,2025-09-08,2026-09-08,252,127,1,0.0,0.1988,0.0567,60202.002,63271.0022,2026-09-08,603.02,603.02,1.0,2695300,2695405.124378,-0.0039,0.0,
2026-09-09T16:00:36.843385+00:00,mid_session,TSLA,2026-03-09,2026-09-09,128,2025-09-08,2026-09-08,252,127,1,0.0,0.0013,0.0,36716.0004,44426.9989,2026-09-08,368.16,368.16,1.0,50978200,51078786.32705,-0.1969,0.0014,
2026-09-09T16:00:36.843385+00:00,mid_session,TSM,2026-03-09,2026-09-09,128,2025-09-08,2026-09-08,252,127,1,0.0,0.514,0.1346,43800.0,47657.0007,2026-09-08,439.0,439,1.0,13079900,13088876,-0.0686,0.0,
2026-09-09T16:00:36.843385+00:00,mid_session,TXN,2026-03-09,2026-09-09,128,2025-09-08,2026-09-08,252,127,1,0.0,1.0124,0.5595,25792.0013,33128.0002,2026-09-08,258.92,258.92,1.0,5437000,5438147.490368,-0.0211,0.0019,
2026-09-09T16:00:36.843385+00:00,mid_session,UMBF,2026-03-09,2026-09-09,128,2025-09-08,2026-09-08,252,127,1,0.0,0.7023,0.17,14155.0003,15103.9993,2026-09-08,142.55,142.55,1.0,766800,766790.830351,0.0012,0.0,
2026-09-09T16:00:36.843385+00:00,mid_session,UNH,2026-03-09,2026-09-09,128,2025-09-08,2026-09-08,252,127,1,-0.0,0.5679,0.3041,39983.9996,43535.0006,2026-09-08,400.84,400.84,1.0,7049400,7050221.200153,-0.0116,0.0012,
2026-09-09T16:00:36.843385+00:00,mid_session,VRTX,2026-03-09,2026-09-09,128,2025-09-08,2026-09-08,252,127,1,0.0,0.0011,0.0,52790.0024,55696.0022,2026-09-08,528.9,528.9,1.0,1121100,1121470.003312,-0.033,0.0,
2026-09-09T16:00:36.843385+00:00,mid_session,ZION,2026-03-09,2026-09-09,128,2025-09-08,2026-09-08,252,127,1,0.0,1.4169,0.8502,6737.0003,7230.9994,2026-09-08,68.37,68.37,1.0,1570200,1570167.87294,0.002,0.0,
2026-09-09T20:30:20.951551+00:00,post_close,ABBV,2026-03-10,2026-09-09,127,2025-09-08,2026-09-08,252,126,1,-0.0,1.5237,0.6501,24777.9999,26497.0001,2026-09-08,248.78,248.78,1.0,5570300,5572102.716924,-0.0324,0.002,
2026-09-09T20:30:20.951551+00:00,post_close,ABT,2026-03-10,2026-09-09,127,2025-09-08,2026-09-08,252,126,1,-0.0,1.3272,0.6118,10451.9997,11566.9998,2026-09-08,105.52,105.52,1.0,11397200,11397828,-0.0055,0.0,
2026-09-09T20:30:20.951551+00:00,post_close,ADI,2026-03-10,2026-09-09,127,2025-09-08,2026-09-08,252,126,1,0.0,0.5761,0.4171,36220.0012,44448.0007,2026-09-08,363.2,363.2,1.0,3138000,3139621,-0.0516,0.0005,
2026-09-09T20:30:20.951551+00:00,post_close,AMAT,2026-03-10,2026-09-09,127,2025-09-08,2026-09-08,252,126,1,0.0,0.2309,0.146,47179.0009,72200.0018,2026-09-08,472.79,472.79,1.0,6304600,6312985,-0.1328,0.0004,
2026-09-09T20:30:20.951551+00:00,post_close,AMD,2026-03-10,2026-09-09,127,2025-09-08,2026-09-08,252,126,1,-0.0,0.0011,0.0,50473.999,57990.9973,2026-09-08,505.74,505.74,1.0,28166500,28166529.487347,-0.0001,0.0006,
2026-09-09T20:30:20.951551+00:00,post_close,AMGN,2026-03-10,2026-09-09,127,2025-09-08,2026-09-08,252,126,1,0.0,1.3261,0.8036,39217.0013,44311.9995,2026-09-08,393.17,393.17,1.0,6825100,6831664.665253,-0.0961,0.0012,
2026-09-09T20:30:20.951551+00:00,post_close,AMZN,2026-03-10,2026-09-09,127,2025-09-08,2026-09-08,252,126,1,0.0,0.0,0.0,25597.0001,28301.9989,2026-09-08,256.97,256.97,1.0,29398000,29397994.025872,0.0,0.0019,
2026-09-09T20:30:20.951551+00:00,post_close,ASML,2026-03-10,2026-09-09,127,2025-09-08,2026-09-08,252,126,1,-0.0,0.3468,0.1554,176384.9976,198843.9698,2026-09-08,1764.85,1764.85,1.0,1352800,1354039,-0.0915,0.0,
2026-09-09T20:30:20.951551+00:00,post_close,AVGO,2026-03-10,2026-09-09,127,2025-09-08,2026-09-08,252,126,1,-0.0,0.367,0.104,36755.9998,48057.0011,2026-09-08,368.56,368.56,1.0,30464900,30464888.995862,0.0,0.0014,
2026-09-09T20:30:20.951551+00:00,post_close,BKNG,2026-03-10,2026-09-09,127,2025-09-08,2026-09-08,252,126,1,0.0,0.2508,0.1214,17930.0003,21341.9998,2026-09-08,180.3,180.3,1.0,10892400,10892383,0.0002,0.0,
2026-09-09T20:30:20.951551+00:00,post_close,BMY,2026-03-10,2026-09-09,127,2025-09-08,2026-09-08,252,126,1,0.0,2.1254,0.836,6369.0002,6708.9996,2026-09-08,64.69,64.69,1.0,9522900,9524772,-0.0197,0.0078,
2026-09-09T20:30:20.951551+00:00,post_close,CFG,2026-03-10,2026-09-09,127,2025-09-08,2026-09-08,252,126,1,-0.0,1.3548,0.7045,6898.9998,7373.0003,2026-09-08,69.99,69.99,1.0,2739800,2739975.959491,-0.0064,0.0,
2026-09-09T20:30:20.951551+00:00,post_close,CFR,2026-03-10,2026-09-09,127,2025-09-08,2026-09-08,252,126,1,0.0,1.3881,0.9405,16261.0001,16908.0013,2026-09-08,163.61,163.61,1.0,501700,501745,-0.009,0.0015,
2026-09-09T20:30:20.951551+00:00,post_close,FITB,2026-03-10,2026-09-09,127,2025-09-08,2026-09-08,252,126,1,-0.0,1.5934,0.5363,5350.9998,5836.9999,2026-09-08,54.51,54.51,1.0,4418800,4418890,-0.002,0.0,
2026-09-09T20:30:20.951551+00:00,post_close,GILD,2026-03-10,2026-09-09,127,2025-09-08,2026-09-08,252,126,1,-0.0,1.2139,0.3606,14563.9999,15022.0001,2026-09-08,146.64,146.64,1.0,6080100,6080502.980818,-0.0066,0.0006,
2026-09-09T20:30:20.951551+00:00,post_close,HBAN,2026-03-10,2026-09-09,127,2025-09-08,2026-09-08,252,126,1,0.0,1.8931,0.5378,1576.0,1755.9999,2026-09-08,16.76,16.76,1.0,20193400,20193462.262676,-0.0003,0.0,
2026-09-09T20:30:20.951551+00:00,post_close,HD,2026-03-10,2026-09-09,127,2025-09-08,2026-09-08,252,126,1,0.0,2.1249,1.0764,31270.0012,35689.998,2026-09-08,313.7,313.7,1.0,5655700,5660092,-0.0776,0.0,
2026-09-09T20:30:20.951551+00:00,post_close,ISRG,2026-03-10,2026-09-09,127,2025-09-08,2026-09-08,252,126,1,0.0,0.0014,0.0,34916.0004,49186.9995,2026-09-08,350.16,350.16,1.0,3194800,3196294.350489,-0.0468,0.0014,
2026-09-09T20:30:20.951551+00:00,post_close,JNJ,2026-03-10,2026-09-09,127,2025-09-08,2026-09-08,252,126,1,-0.0,1.0598,0.6912,26811.9995,27742.9993,2026-09-08,269.12,269.12,1.0,8084700,8085992.857376,-0.016,0.001,
2026-09-09T20:30:20.951551+00:00,post_close,KEY,2026-03-10,2026-09-09,127,2025-09-08,2026-09-08,252,126,1,0.0,1.9202,1.3582,2079.0001,2298.9999,2026-09-08,21.79,21.79,1.0,11851100,11851167.069065,-0.0006,0.0,
2026-09-09T20:30:20.951551+00:00,post_close,KLAC,2026-03-10,2026-09-09,127,2025-09-08,2026-09-08,252,126,1,-0.0,0.2402,0.1471,18797.9996,30070.9985,2026-09-08,188.98,188.98,1.0,12401000,12404389.498836,-0.0273,0.0,
2026-09-09T20:30:20.951551+00:00,post_close,LLY,2026-03-10,2026-09-09,127,2025-09-08,2026-09-08,252,126,1,0.0,0.3147,0.1878,112291.0034,127933.9966,2026-09-08,1123.91,1123.91,1.0,2400500,2403019.802203,-0.1049,0.0,
2026-09-09T20:30:20.951551+00:00,post_close,LOW,2026-03-10,2026-09-09,127,2025-09-08,2026-09-08,252,126,1,0.0,1.089,0.5615,19980.0003,25229.0006,2026-09-08,200.8,200.8,1.0,2865200,2869278.411054,-0.1421,0.0,
2026-09-09T20:30:20.951551+00:00,post_close,MCD,2026-03-10,2026-09-09,127,2025-09-08,2026-09-08,252,126,1,-0.0,1.3747,0.9857,25480.9998,32693.9993,2026-09-08,255.81,255.81,1.0,4197600,4206173.888945,-0.2038,0.0019,
2026-09-09T20:30:20.951551+00:00,post_close,MRK,2026-03-10,2026-09-09,127,2025-09-08,2026-09-08,252,126,1,0.0,1.444,0.4028,14746.0007,15544.9997,2026-09-08,148.46,148.46,1.0,11187000,11187297,-0.0027,0.0007,
2026-09-09T20:30:20.951551+00:00,post_close,MTB,2026-03-10,2026-09-09,127,2025-09-08,2026-09-08,252,126,1,0.0,1.3308,0.9277,23744.0002,25309.0,2026-09-08,238.44,238.44,1.0,1085100,1086331.700803,-0.1134,0.0,
2026-09-09T20:30:20.951551+00:00,post_close,MU,2026-03-10,2026-09-09,127,2025-09-08,2026-09-08,252,126,1,0.0,0.0574,0.0144,99926.001,121256.0007,2026-09-08,1000.26,1000.26,1.0,26604900,26604914.368481,-0.0001,0.0,
2026-09-09T20:30:20.951551+00:00,post_close,NKE,2026-03-10,2026-09-09,127,2025-09-08,2026-09-08,252,126,1,-0.0,1.9272,1.405,3709.9998,5508.0003,2026-09-08,38.1,38.1,1.0,31672300,31672294.874491,0.0,0.0,
2026-09-09T20:30:20.951551+00:00,post_close,NVDA,2026-03-10,2026-09-09,127,2025-09-08,2026-09-08,252,126,1,-0.0,0.1218,0.0555,22472.9996,23474.0011,2026-09-08,225.73,225.73,1.0,122965600,122965555.350301,0.0,0.0,
2026-09-09T20:30:20.951551+00:00,post_close,ONB,2026-03-10,2026-09-09,127,2025-09-08,2026-09-08,252,126,1,0.0,1.1597,0.8402,2461.0001,2629.0001,2026-09-08,25.61,25.61,1.0,3152300,3152351.208319,-0.0016,0.0,
2026-09-09T20:30:20.951551+00:00,post_close,ORLY,2026-03-10,2026-09-09,127,2025-09-08,2026-09-08,252,126,1,-0.0,0.0,0.0,8488.9999,9840.0002,2026-09-08,85.89,85.89,1.0,8076700,8076983,-0.0035,0.0,
2026-09-09T20:30:20.951551+00:00,post_close,PFE,2026-03-10,2026-09-09,127,2025-09-08,2026-09-08,252,126,1,0.0,3.3153,1.8147,2679.0001,2802.0,2026-09-08,27.79,27.79,1.0,31772900,31772942,-0.0001,0.018,
2026-09-09T20:30:20.951551+00:00,post_close,PNFP,2026-03-10,2026-09-09,127,2025-09-08,2026-09-08,252,126,1,-0.0,0.9728,0.5355,9970.9999,10802.9999,2026-09-08,100.71,100.71,1.0,793100,793128.509929,-0.0036,0.0,
2026-09-09T20:30:20.951551+00:00,post_close,QCOM,2026-03-10,2026-09-09,127,2025-09-08,2026-09-08,252,126,1,-0.0,0.9073,0.7027,17308.9996,25001.999,2026-09-08,174.09,174.09,1.0,26129200,26129191.197402,0.0,0.0028,
2026-09-09T20:30:20.951551+00:00,post_close,RF,2026-03-10,2026-09-09,127,2025-09-08,2026-09-08,252,126,1,-0.0,1.9409,1.388,2907.0,3140.0,2026-09-08,30.07,30.07,1.0,7000600,7000650.344415,-0.0007,0.0164,
2026-09-09T20:30:20.951551+00:00,post_close,SBUX,2026-03-10,2026-09-09,127,2025-09-08,2026-09-08,252,126,1,0.0,1.1506,0.7102,10101.0002,10755.0,2026-09-08,102.01,102.01,1.0,6257600,6257574.268268,0.0004,0.0,
2026-09-09T20:30:20.951551+00:00,post_close,SYK,2026-03-10,2026-09-09,127,2025-09-08,2026-09-08,252,126,1,-0.0,0.5354,0.1947,27542.9993,35764.9985,2026-09-08,276.43,276.43,1.0,6318300,6320916,-0.0414,0.0017,
2026-09-09T20:30:20.951551+00:00,post_close,TFC,2026-03-10,2026-09-09,127,2025-09-08,2026-09-08,252,126,1,-0.0,2.0165,1.194,4954.9999,5224.9998,2026-09-08,50.55,50.55,1.0,6080800,6080922.121115,-0.002,0.0,
2026-09-09T20:30:20.951551+00:00,post_close,TGT,2026-03-10,2026-09-09,127,2025-09-08,2026-09-08,252,126,1,0.0,1.6905,0.9786,16171.0007,16888.9999,2026-09-08,162.71,162.71,1.0,2659600,2660307.517298,-0.0266,0.0031,
2026-09-09T20:30:20.951551+00:00,post_close,TJX,2026-03-10,2026-09-09,127,2025-09-08,2026-09-08,252,126,1,-0.0,0.64,0.3884,12791.9998,16741.0005,2026-09-08,128.92,128.92,1.0,11170900,11174849.110167,-0.0353,0.0,
2026-09-09T20:30:20.951551+00:00,post_close,TMO,2026-03-10,2026-09-09,127,2025-09-08,2026-09-08,252,126,1,0.0,0.1988,0.0556,60202.002,63271.0022,2026-09-08,603.02,603.02,1.0,2695300,2695405.124378,-0.0039,0.0,
2026-09-09T20:30:20.951551+00:00,post_close,TSLA,2026-03-10,2026-09-09,127,2025-09-08,2026-09-08,252,126,1,0.0,0.0013,0.0,36716.0004,44426.9989,2026-09-08,368.16,368.16,1.0,51078800,51078786.32705,0.0,0.0014,
2026-09-09T20:30:20.951551+00:00,post_close,TSM,2026-03-10,2026-09-09,127,2025-09-08,2026-09-08,252,126,1,0.0,0.514,0.1316,43800.0,47657.0007,2026-09-08,439.0,439,1.0,13079900,13088876,-0.0686,0.0,
2026-09-09T20:30:20.951551+00:00,post_close,TXN,2026-03-10,2026-09-09,127,2025-09-08,2026-09-08,252,126,1,0.0,1.0124,0.5559,25792.0013,33128.0002,2026-09-08,258.92,258.92,1.0,5437000,5438147.490368,-0.0211,0.0019,
2026-09-09T20:30:20.951551+00:00,post_close,UMBF,2026-03-10,2026-09-09,127,2025-09-08,2026-09-08,252,126,1,0.0,0.3262,0.1657,14155.0003,15103.9993,2026-09-08,142.55,142.55,1.0,766800,766790.830351,0.0012,0.0,
2026-09-09T20:30:20.951551+00:00,post_close,UNH,2026-03-10,2026-09-09,127,2025-09-08,2026-09-08,252,126,1,-0.0,0.5679,0.302,39983.9996,43535.0006,2026-09-08,400.84,400.84,1.0,7049400,7050221.200153,-0.0116,0.0012,
2026-09-09T20:30:20.951551+00:00,post_close,VRTX,2026-03-10,2026-09-09,127,2025-09-08,2026-09-08,252,126,1,0.0,0.0011,0.0,52790.0024,55696.0022,2026-09-08,528.9,528.9,1.0,1121100,1121470.003312,-0.033,0.0,
2026-09-09T20:30:20.951551+00:00,post_close,ZION,2026-03-10,2026-09-09,127,2025-09-08,2026-09-08,252,126,1,0.0,1.4169,0.8457,6737.0003,7230.9994,2026-09-08,68.37,68.37,1.0,1570200,1570167.87294,0.002,0.0,
2026-09-10T12:32:02.775434+00:00,pre_market,ABBV,2026-03-10,2026-09-09,127,2025-09-09,2026-09-09,252,127,0,0.0,1.5237,0.645,24991.0004,26497.0001,2026-09-09,250.91,250.91,1.0,3866400,3866951,-0.0142,0.0,
2026-09-10T12:32:02.775434+00:00,pre_market,ABT,2026-03-10,2026-09-09,127,2025-09-09,2026-09-09,252,127,0,0.0,1.3272,0.607,10423.0003,11566.9998,2026-09-09,105.23,105.23,1.0,6470800,6470872.321195,-0.0011,0.0001,
2026-09-10T12:32:02.775434+00:00,pre_market,ADI,2026-03-10,2026-09-09,127,2025-09-09,2026-09-09,252,127,0,0.0,0.5761,0.4138,36407.0007,44448.0007,2026-09-09,365.07,365.07,1.0,2358700,2359283.702208,-0.0247,0.0,
2026-09-10T12:32:02.775434+00:00,pre_market,AMAT,2026-03-10,2026-09-09,127,2025-09-09,2026-09-09,252,127,0,0.0,0.2309,0.1448,46785.0006,72200.0018,2026-09-09,468.85,468.85,1.0,3936600,3945491,-0.2253,0.0,
2026-09-10T12:32:02.775434+00:00,pre_market,AMD,2026-03-10,2026-09-09,127,2025-09-09,2026-09-09,252,127,0,0.001,0.0011,0.0,52009.9976,57990.9973,2026-09-09,521.1,521.095,1.0,22104300,22152382.978103,-0.2171,0.001,
2026-09-10T12:32:02.775434+00:00,pre_market,AMGN,2026-03-10,2026-09-09,127,2025-09-09,2026-09-09,252,127,0,-0.0,1.3261,0.7973,39026.9989,44311.9995,2026-09-09,391.27,391.27,1.0,2921400,2922839.160145,-0.0492,0.0013,
2026-09-10T12:32:02.775434+00:00,pre_market,AMZN,2026-03-10,2026-09-09,127,2025-09-09,2026-09-09,252,127,0,-0.0,0.0,0.0,25139.9994,28301.9989,2026-09-09,252.4,252.4,1.0,33011800,33055487.135728,-0.1322,0.0,
2026-09-10T12:32:02.775434+00:00,pre_market,ASML,2026-03-10,2026-09-09,127,2025-09-09,2026-09-09,252,127,0,0.0,0.3468,0.1542,172852.002,198843.9698,2026-09-09,1729.52,1729.52,1.0,1060000,1062851,-0.2682,0.0,
2026-09-10T12:32:02.775434+00:00,pre_market,AVGO,2026-03-10,2026-09-09,127,2025-09-09,2026-09-09,252,127,0,0.0,0.367,0.1032,36338.0005,48057.0011,2026-09-09,364.38,364.38,1.0,25870100,25918212.09341,-0.1856,0.0,
2026-09-10T12:32:02.775434+00:00,pre_market,BKNG,2026-03-10,2026-09-09,127,2025-09-09,2026-09-09,252,127,0,-0.0,0.2508,0.1205,17242.9993,21341.9998,2026-09-09,173.43,173.43,1.0,12076800,12079582.399244,-0.023,0.0,
2026-09-10T12:32:02.775434+00:00,pre_market,BMY,2026-03-10,2026-09-09,127,2025-09-09,2026-09-09,252,127,0,0.0,2.1254,0.8294,6341.0004,6708.9996,2026-09-09,64.41,64.41,1.0,6573400,6573962,-0.0085,0.0012,
2026-09-10T12:32:02.775434+00:00,pre_market,CFG,2026-03-10,2026-09-09,127,2025-09-09,2026-09-09,252,127,0,0.0,1.3548,0.6989,6837.0003,7373.0003,2026-09-09,69.37,69.37,1.0,2559500,2559498,0.0001,0.0006,
2026-09-10T12:32:02.775434+00:00,pre_market,CFR,2026-03-10,2026-09-09,127,2025-09-09,2026-09-09,252,127,0,0.0,1.3881,0.9331,16088.0005,16908.0013,2026-09-09,161.88,161.88,1.0,452200,453276,-0.2374,0.0,
2026-09-10T12:32:02.775434+00:00,pre_market,FITB,2026-03-10,2026-09-09,127,2025-09-09,2026-09-09,252,127,0,-0.0,1.5934,0.5321,5318.9999,5836.9999,2026-09-09,54.19,54.19,1.0,4476300,4476687.447802,-0.0087,0.0,
2026-09-10T12:32:02.775434+00:00,pre_market,GILD,2026-03-10,2026-09-09,127,2025-09-09,2026-09-09,252,127,0,-0.0,1.2139,0.3577,14464.9994,15022.0001,2026-09-09,145.65,145.65,1.0,4582500,4583213.920199,-0.0156,0.0,
2026-09-10T12:32:02.775434+00:00,pre_market,HBAN,2026-03-10,2026-09-09,127,2025-09-09,2026-09-09,252,127,0,-0.0,1.8931,0.5336,1562.9999,1755.9999,2026-09-09,16.63,16.63,1.0,20512200,20512250.163302,-0.0002,0.0299,
2026-09-10T12:32:02.775434+00:00,pre_market,HD,2026-03-10,2026-09-09,127,2025-09-09,2026-09-09,252,127,0,0.0,2.1249,1.0679,30945.0012,35689.998,2026-09-09,310.45,310.45,1.0,3611700,3612375.843066,-0.0187,0.0016,
2026-09-10T12:32:02.775434+00:00,pre_market,ISRG,2026-03-10,2026-09-09,127,2025-09-09,2026-09-09,252,127,0,-0.0,0.0014,0.0,35223.999,49186.9995,2026-09-09,353.24,353.24,1.0,2422000,2422950.31738,-0.0392,0.0014,
2026-09-10T12:32:02.775434+00:00,pre_market,JNJ,2026-03-10,2026-09-09,127,2025-09-09,2026-09-09,252,127,0,-0.0,1.0598,0.6857,26607.9987,27742.9993,2026-09-09,267.08,267.08,1.0,6124600,6125049.57624,-0.0073,0.0,
2026-09-10T12:32:02.775434+00:00,pre_market,KEY,2026-03-10,2026-09-09,127,2025-09-09,2026-09-09,252,127,0,-0.0,1.9202,1.3475,2073.0,2298.9999,2026-09-09,21.73,21.73,1.0,12745000,12745006.887294,-0.0001,0.0,
2026-09-10T12:32:02.775434+00:00,pre_market,KLAC,2026-03-10,2026-09-09,127,2025-09-09,2026-09-09,252,127,0,0.0,0.2402,0.1459,18191.0004,30070.9985,2026-09-09,182.91,182.91,1.0,9100800,9106813.854938,-0.066,0.0,
2026-09-10T12:32:02.775434+00:00,pre_market,LLY,2026-03-10,2026-09-09,127,2025-09-09,2026-09-09,252,127,0,-0.0,0.3147,0.1863,112320.9961,127933.9966,2026-09-09,1124.21,1124.21,1.0,2045000,2045995.850884,-0.0487,0.0,
2026-09-10T12:32:02.775434+00:00,pre_market,LOW,2026-03-10,2026-09-09,127,2025-09-09,2026-09-09,252,127,0,0.0,1.089,0.5571,19760.0006,25228.999,2026-09-09,198.6,198.6,1.0,2444700,2445208.786533,-0.0208,0.0,
2026-09-10T12:32:02.775434+00:00,pre_market,MCD,2026-03-10,2026-09-09,127,2025-09-09,2026-09-09,252,127,0,-0.0,1.3747,0.9779,25247.9996,32693.9993,2026-09-09,253.48,253.48,1.0,4434000,4439046.556297,-0.1137,0.0017,
2026-09-10T12:32:02.775434+00:00,pre_market,MRK,2026-03-10,2026-09-09,127,2025-09-09,2026-09-09,252,127,0,-0.0,1.444,0.3997,14652.9999,15544.9997,2026-09-09,147.53,147.53,1.0,8546000,8546447.219302,-0.0052,0.0,
2026-09-10T12:32:02.775434+00:00,pre_market,MTB,2026-03-10,2026-09-09,127,2025-09-09,2026-09-09,252,127,0,0.0,1.3308,0.9204,23700.0,25309.0,2026-09-09,238.0,238,1.0,781300,781256,0.0056,0.0006,
2026-09-10T12:32:02.775434+00:00,pre_market,MU,2026-03-10,2026-09-09,127,2025-09-09,2026-09-09,252,127,0,0.0,0.0574,0.0143,102677.002,121256.0007,2026-09-09,1027.77,1027.77,1.0,23726900,23811958.650407,-0.3572,0.0005,
2026-09-10T12:32:02.775434+00:00,pre_market,NKE,2026-03-10,2026-09-09,127,2025-09-09,2026-09-09,252,127,0,-0.0,1.9272,1.3939,3634.9998,5508.0003,2026-09-09,37.35,37.35,1.0,41030700,41088766.889658,-0.1413,0.0,
2026-09-10T12:32:02.775434+00:00,pre_market,NVDA,2026-03-10,2026-09-09,127,2025-09-09,2026-09-09,252,127,0,0.1119,0.1218,0.0559,22266.9998,23500.3798,2026-09-09,223.67,223.42,1.0,82737000,82955478.550876,-0.2634,0.1141,
2026-09-10T12:32:02.775434+00:00,pre_market,ONB,2026-03-10,2026-09-09,127,2025-09-09,2026-09-09,252,127,0,-0.0,1.1597,0.8336,2441.0,2629.0001,2026-09-09,25.41,25.41,1.0,3506400,3506386.099697,0.0004,0.0,
2026-09-10T12:32:02.775434+00:00,pre_market,ORLY,2026-03-10,2026-09-09,127,2025-09-09,2026-09-09,252,127,0,0.0,0.0,0.0,8508.0002,9840.0002,2026-09-09,86.08,86.08,1.0,6204600,6205081.978705,-0.0078,0.0,
2026-09-10T12:32:02.775434+00:00,pre_market,PFE,2026-03-10,2026-09-09,127,2025-09-09,2026-09-09,252,127,0,0.0,3.3153,1.8004,2678.0001,2802.0,2026-09-09,27.78,27.78,1.0,29128600,29135329.872271,-0.0231,0.0179,
2026-09-10T12:32:02.775434+00:00,pre_market,PNFP,2026-03-10,2026-09-09,127,2025-09-09,2026-09-09,252,127,0,-0.0,0.9728,0.5313,9812.9997,10802.9999,2026-09-09,99.13,99.13,1.0,856700,856765.111889,-0.0076,0.005,
2026-09-10T12:32:02.775434+00:00,pre_market,QCOM,2026-03-10,2026-09-09,127,2025-09-09,2026-09-09,252,127,0,-0.0,0.9073,0.6972,17539.9994,25002.0005,2026-09-09,176.4,176.4,1.0,14802000,14810717,-0.0589,0.0023,
2026-09-10T12:32:02.775434+00:00,pre_market,RF,2026-03-10,2026-09-09,127,2025-09-09,2026-09-09,252,127,0,-0.0,1.9409,1.3771,2888.9999,3140.0,2026-09-09,29.89,29.89,1.0,6068800,6068828,-0.0005,0.0166,
2026-09-10T12:32:02.775434+00:00,pre_market,SBUX,2026-03-10,2026-09-09,127,2025-09-09,2026-09-09,252,127,0,0.0,1.1506,0.7046,9904.0001,10755.0,2026-09-09,100.04,100.04,1.0,5929100,5932035.400034,-0.0495,0.0,
2026-09-10T12:32:02.775434+00:00,pre_market,SYK,2026-03-10,2026-09-09,127,2025-09-09,2026-09-09,252,127,0,0.0,0.5354,0.1932,27439.0015,35764.9985,2026-09-09,275.39,275.39,1.0,5500600,5501341,-0.0135,0.0018,
2026-09-10T12:32:02.775434+00:00,pre_market,TFC,2026-03-10,2026-09-09,127,2025-09-09,2026-09-09,252,127,0,0.0,2.0165,1.1846,4915.0002,5224.9998,2026-09-09,50.15,50.15,1.0,5556700,5558110.551789,-0.0254,0.01,
2026-09-10T12:32:02.775434+00:00,pre_market,TGT,2026-03-10,2026-09-09,127,2025-09-09,2026-09-09,252,127,0,0.0,1.6905,0.9708,15652.0004,16888.9999,2026-09-09,157.52,157.52,1.0,3393400,3394933.300798,-0.0452,0.0,
2026-09-10T12:32:02.775434+00:00,pre_market,TJX,2026-03-10,2026-09-09,127,2025-09-09,2026-09-09,252,127,0,0.0,0.64,0.3853,12512.0003,16741.0005,2026-09-09,126.12,126.12,1.0,8368000,8369229.982009,-0.0147,0.0,
2026-09-10T12:32:02.775434+00:00,pre_market,TMO,2026-03-10,2026-09-09,127,2025-09-09,2026-09-09,252,127,0,0.0,0.1988,0.0551,60469.0002,63271.0022,2026-09-09,605.69,605.69,1.0,1962400,1962455,-0.0028,0.0,
2026-09-10T12:32:02.775434+00:00,pre_market,TSLA,2026-03-10,2026-09-09,127,2025-09-09,2026-09-09,252,127,0,-0.0,0.0013,0.0,36680.9998,44426.9989,2026-09-09,367.81,367.81,1.0,32494900,32564336.431245,-0.2132,0.0,
2026-09-10T12:32:02.775434+00:00,pre_market,TSM,2026-03-10,2026-09-09,127,2025-09-09,2026-09-09,252,127,0,-0.0,0.514,0.1306,43435.9985,47657.0007,2026-09-09,435.36,435.36,1.0,7486700,7499342.710003,-0.1686,0.0,
2026-09-10T12:32:02.775434+00:00,pre_market,TXN,2026-03-10,2026-09-09,127,2025-09-09,2026-09-09,252,127,0,-0.0,1.0124,0.5515,26058.9996,33128.0002,2026-09-09,261.59,261.59,1.0,4253000,4254016,-0.0239,0.002,
2026-09-10T12:32:02.775434+00:00,pre_market,UMBF,2026-03-10,2026-09-09,127,2025-09-09,2026-09-09,252,127,0,0.3553,0.3553,0.1672,14022.0001,15158.0215,2026-09-09,141.22,140.72,1.0,541600,541598.273226,0.0003,0.3588,
2026-09-10T12:32:02.775434+00:00,pre_market,UNH,2026-03-10,2026-09-09,127,2025-09-09,2026-09-09,252,127,0,-0.0,0.5679,0.2996,39205.9998,43535.0006,2026-09-09,393.06,393.06,1.0,7735200,7737638.670553,-0.0315,0.0,
2026-09-10T12:32:02.775434+00:00,pre_market,VRTX,2026-03-10,2026-09-09,127,2025-09-09,2026-09-09,252,127,0,-0.0,0.0011,0.0,52011.9995,55696.0022,2026-09-09,521.12,521.12,1.0,958300,958510.59261,-0.022,0.0009,
2026-09-10T12:32:02.775434+00:00,pre_market,ZION,2026-03-10,2026-09-09,127,2025-09-09,2026-09-09,252,127,0,0.0,1.4169,0.839,6711.0001,7230.9994,2026-09-09,68.11,68.11,1.0,950700,950737.335495,-0.0039,0.0074,
2026-09-10T16:25:52.464089+00:00,mid_session,ABBV,2026-03-10,2026-09-10,128,2025-09-09,2026-09-09,252,127,1,0.0,1.5237,0.645,24991.0004,26497.0001,2026-09-09,250.91,250.91,1.0,3866400,3866951,-0.0142,0.0,
2026-09-10T16:25:52.464089+00:00,mid_session,ABT,2026-03-10,2026-09-10,128,2025-09-09,2026-09-09,252,127,1,0.0,1.3272,0.607,10423.0003,11566.9998,2026-09-09,105.23,105.23,1.0,6470800,6470872.321195,-0.0011,0.0001,
2026-09-10T16:25:52.464089+00:00,mid_session,ADI,2026-03-10,2026-09-10,128,2025-09-09,2026-09-09,252,127,1,0.0,0.5761,0.4138,36407.0007,44448.0007,2026-09-09,365.07,365.07,1.0,2358700,2359283.702208,-0.0247,0.0,
2026-09-10T16:25:52.464089+00:00,mid_session,AMAT,2026-03-10,2026-09-10,128,2025-09-09,2026-09-09,252,127,1,0.0,0.2309,0.1448,46785.0006,72200.0018,2026-09-09,468.85,468.85,1.0,3936600,3945491,-0.2253,0.0,
2026-09-10T16:25:52.464089+00:00,mid_session,AMD,2026-03-10,2026-09-10,128,2025-09-09,2026-09-09,252,127,1,0.001,0.0011,0.0,52009.9976,57990.9973,2026-09-09,521.1,521.095,1.0,22104300,22152382.978103,-0.2171,0.001,
2026-09-10T16:25:52.464089+00:00,mid_session,AMGN,2026-03-10,2026-09-10,128,2025-09-09,2026-09-09,252,127,1,-0.0,1.3261,0.7973,39026.9989,44311.9995,2026-09-09,391.27,391.27,1.0,2921400,2922839.160145,-0.0492,0.0013,
2026-09-10T16:25:52.464089+00:00,mid_session,AMZN,2026-03-10,2026-09-10,128,2025-09-09,2026-09-09,252,127,1,-0.0,0.0,0.0,25139.9994,28301.9989,2026-09-09,252.4,252.4,1.0,33011800,33055487.135728,-0.1322,0.0,
2026-09-10T16:25:52.464089+00:00,mid_session,ASML,2026-03-10,2026-09-10,128,2025-09-09,2026-09-09,252,127,1,0.0,0.3468,0.1542,172852.002,198843.9698,2026-09-09,1729.52,1729.52,1.0,1060000,1062851,-0.2682,0.0,
2026-09-10T16:25:52.464089+00:00,mid_session,AVGO,2026-03-10,2026-09-10,128,2025-09-09,2026-09-09,252,127,1,0.0,0.367,0.1032,36338.0005,48057.0011,2026-09-09,364.38,364.38,1.0,25870100,25918212.09341,-0.1856,0.0,
2026-09-10T16:25:52.464089+00:00,mid_session,BKNG,2026-03-10,2026-09-10,128,2025-09-09,2026-09-09,252,127,1,-0.0,0.2508,0.1205,17242.9993,21341.9998,2026-09-09,173.43,173.43,1.0,12076800,12079582.399244,-0.023,0.0,
2026-09-10T16:25:52.464089+00:00,mid_session,BMY,2026-03-10,2026-09-10,128,2025-09-09,2026-09-09,252,127,1,0.0,2.1254,0.8294,6341.0004,6708.9996,2026-09-09,64.41,64.41,1.0,6573400,6573962,-0.0085,0.0012,
2026-09-10T16:25:52.464089+00:00,mid_session,CFG,2026-03-10,2026-09-10,128,2025-09-09,2026-09-09,252,127,1,0.0,1.3548,0.6989,6837.0003,7373.0003,2026-09-09,69.37,69.37,1.0,2559500,2559498,0.0001,0.0006,
2026-09-10T16:25:52.464089+00:00,mid_session,CFR,2026-03-10,2026-09-10,128,2025-09-09,2026-09-09,252,127,1,0.0,1.3881,0.9331,16088.0005,16908.0013,2026-09-09,161.88,161.88,1.0,452200,453276,-0.2374,0.0,
2026-09-10T16:25:52.464089+00:00,mid_session,FITB,2026-03-10,2026-09-10,128,2025-09-09,2026-09-09,252,127,1,-0.0,1.5934,0.5321,5318.9999,5836.9999,2026-09-09,54.19,54.19,1.0,4476300,4476687.447802,-0.0087,0.0,
2026-09-10T16:25:52.464089+00:00,mid_session,GILD,2026-03-10,2026-09-10,128,2025-09-09,2026-09-09,252,127,1,-0.0,1.2139,0.3577,14464.9994,15022.0001,2026-09-09,145.65,145.65,1.0,4582500,4583213.920199,-0.0156,0.0,
2026-09-10T16:25:52.464089+00:00,mid_session,HBAN,2026-03-10,2026-09-10,128,2025-09-09,2026-09-09,252,127,1,-0.0,1.8931,0.5336,1562.9999,1755.9999,2026-09-09,16.63,16.63,1.0,20512200,20512250.163302,-0.0002,0.0299,
2026-09-10T16:25:52.464089+00:00,mid_session,HD,2026-03-10,2026-09-10,128,2025-09-09,2026-09-09,252,127,1,0.0,2.1249,1.0679,30945.0012,35689.998,2026-09-09,310.45,310.45,1.0,3611700,3612375.843066,-0.0187,0.0016,
2026-09-10T16:25:52.464089+00:00,mid_session,ISRG,2026-03-10,2026-09-10,128,2025-09-09,2026-09-09,252,127,1,-0.0,0.0014,0.0,35223.999,49186.9995,2026-09-09,353.24,353.24,1.0,2422000,2422950.31738,-0.0392,0.0014,
2026-09-10T16:25:52.464089+00:00,mid_session,JNJ,2026-03-10,2026-09-10,128,2025-09-09,2026-09-09,252,127,1,-0.0,1.0598,0.6857,26607.9987,27742.9993,2026-09-09,267.08,267.08,1.0,6124600,6125049.57624,-0.0073,0.0,
2026-09-10T16:25:52.464089+00:00,mid_session,KEY,2026-03-10,2026-09-10,128,2025-09-09,2026-09-09,252,127,1,-0.0,1.9202,1.3475,2073.0,2298.9999,2026-09-09,21.73,21.73,1.0,12745000,12745006.887294,-0.0001,0.0,
2026-09-10T16:25:52.464089+00:00,mid_session,KLAC,2026-03-10,2026-09-10,128,2025-09-09,2026-09-09,252,127,1,0.0,0.2402,0.1459,18191.0004,30070.9985,2026-09-09,182.91,182.91,1.0,9100800,9106813.854938,-0.066,0.0,
2026-09-10T16:25:52.464089+00:00,mid_session,LLY,2026-03-10,2026-09-10,128,2025-09-09,2026-09-09,252,127,1,-0.0,0.3147,0.1863,112320.9961,127933.9966,2026-09-09,1124.21,1124.21,1.0,2045000,2045995.850884,-0.0487,0.0,
2026-09-10T16:25:52.464089+00:00,mid_session,LOW,2026-03-10,2026-09-10,128,2025-09-09,2026-09-09,252,127,1,0.0,1.089,0.5571,19760.0006,25228.999,2026-09-09,198.6,198.6,1.0,2444700,2445208.786533,-0.0208,0.0,
2026-09-10T16:25:52.464089+00:00,mid_session,MCD,2026-03-10,2026-09-10,128,2025-09-09,2026-09-09,252,127,1,-0.0,1.3747,0.9779,25247.9996,32693.9993,2026-09-09,253.48,253.48,1.0,4434000,4439046.556297,-0.1137,0.0017,
2026-09-10T16:25:52.464089+00:00,mid_session,MRK,2026-03-10,2026-09-10,128,2025-09-09,2026-09-09,252,127,1,-0.0,1.444,0.3997,14652.9999,15544.9997,2026-09-09,147.53,147.53,1.0,8546000,8546447.219302,-0.0052,0.0,
2026-09-10T16:25:52.464089+00:00,mid_session,MTB,2026-03-10,2026-09-10,128,2025-09-09,2026-09-09,252,127,1,0.0,1.3308,0.9204,23700.0,25309.0,2026-09-09,238.0,238,1.0,781300,781256,0.0056,0.0006,
2026-09-10T16:25:52.464089+00:00,mid_session,MU,2026-03-10,2026-09-10,128,2025-09-09,2026-09-09,252,127,1,0.0,0.0574,0.0143,102677.002,121256.0007,2026-09-09,1027.77,1027.77,1.0,23726900,23811958.650407,-0.3572,0.0005,
2026-09-10T16:25:52.464089+00:00,mid_session,NKE,2026-03-10,2026-09-10,128,2025-09-09,2026-09-09,252,127,1,-0.0,1.9272,1.3939,3634.9998,5508.0003,2026-09-09,37.35,37.35,1.0,41030700,41088766.889658,-0.1413,0.0,
2026-09-10T16:25:52.464089+00:00,mid_session,NVDA,2026-03-10,2026-09-10,128,2025-09-09,2026-09-09,252,127,1,0.1119,0.1218,0.0559,22266.9998,23500.3798,2026-09-09,223.67,223.42,1.0,82737000,82955478.550876,-0.2634,0.1141,
2026-09-10T16:25:52.464089+00:00,mid_session,ONB,2026-03-10,2026-09-10,128,2025-09-09,2026-09-09,252,127,1,-0.0,1.1597,0.8336,2441.0,2629.0001,2026-09-09,25.41,25.41,1.0,3506400,3506386.099697,0.0004,0.0,
2026-09-10T16:25:52.464089+00:00,mid_session,ORLY,2026-03-10,2026-09-10,128,2025-09-09,2026-09-09,252,127,1,0.0,0.0,0.0,8508.0002,9840.0002,2026-09-09,86.08,86.08,1.0,6204600,6205081.978705,-0.0078,0.0,
2026-09-10T16:25:52.464089+00:00,mid_session,PFE,2026-03-10,2026-09-10,128,2025-09-09,2026-09-09,252,127,1,0.0,3.3153,1.8004,2678.0001,2802.0,2026-09-09,27.78,27.78,1.0,29128600,29135329.872271,-0.0231,0.0179,
2026-09-10T16:25:52.464089+00:00,mid_session,PNFP,2026-03-10,2026-09-10,128,2025-09-09,2026-09-09,252,127,1,-0.0,0.9728,0.5313,9812.9997,10802.9999,2026-09-09,99.13,99.13,1.0,856700,856765.111889,-0.0076,0.005,
2026-09-10T16:25:52.464089+00:00,mid_session,QCOM,2026-03-10,2026-09-10,128,2025-09-09,2026-09-09,252,127,1,-0.0,0.9073,0.6972,17539.9994,25001.999,2026-09-09,176.4,176.4,1.0,14802000,14810717,-0.0589,0.0023,
2026-09-10T16:25:52.464089+00:00,mid_session,RF,2026-03-10,2026-09-10,128,2025-09-09,2026-09-09,252,127,1,-0.0,1.9409,1.3771,2888.9999,3140.0,2026-09-09,29.89,29.89,1.0,6068800,6068828,-0.0005,0.0166,
2026-09-10T16:25:52.464089+00:00,mid_session,SBUX,2026-03-10,2026-09-10,128,2025-09-09,2026-09-09,252,127,1,0.0,1.1506,0.7046,9904.0001,10755.0,2026-09-09,100.04,100.04,1.0,5929100,5932035.400034,-0.0495,0.0,
2026-09-10T16:25:52.464089+00:00,mid_session,SYK,2026-03-10,2026-09-10,128,2025-09-09,2026-09-09,252,127,1,0.0,0.5354,0.1932,27439.0015,35764.9985,2026-09-09,275.39,275.39,1.0,5500600,5501341,-0.0135,0.0018,
2026-09-10T16:25:52.464089+00:00,mid_session,TFC,2026-03-10,2026-09-10,128,2025-09-09,2026-09-09,252,127,1,0.0,2.0165,1.1846,4915.0002,5224.9998,2026-09-09,50.15,50.15,1.0,5556700,5558110.551789,-0.0254,0.01,
2026-09-10T16:25:52.464089+00:00,mid_session,TGT,2026-03-10,2026-09-10,128,2025-09-09,2026-09-09,252,127,1,0.0,1.6905,0.9708,15652.0004,16888.9999,2026-09-09,157.52,157.52,1.0,3393400,3394933.300798,-0.0452,0.0,
2026-09-10T16:25:52.464089+00:00,mid_session,TJX,2026-03-10,2026-09-10,128,2025-09-09,2026-09-09,252,127,1,0.0,0.64,0.3853,12512.0003,16741.0005,2026-09-09,126.12,126.12,1.0,8368000,8369229.982009,-0.0147,0.0,
2026-09-10T16:25:52.464089+00:00,mid_session,TMO,2026-03-10,2026-09-10,128,2025-09-09,2026-09-09,252,127,1,0.0,0.1988,0.0551,60469.0002,63271.0022,2026-09-09,605.69,605.69,1.0,1962400,1962455,-0.0028,0.0,
2026-09-10T16:25:52.464089+00:00,mid_session,TSLA,2026-03-10,2026-09-10,128,2025-09-09,2026-09-09,252,127,1,-0.0,0.0013,0.0,36680.9998,44426.9989,2026-09-09,367.81,367.81,1.0,32494900,32564336.431245,-0.2132,0.0,
2026-09-10T16:25:52.464089+00:00,mid_session,TSM,2026-03-10,2026-09-10,128,2025-09-09,2026-09-09,252,127,1,-0.0,0.514,0.1306,43435.9985,47657.0007,2026-09-09,435.36,435.36,1.0,7486700,7499342.710003,-0.1686,0.0,
2026-09-10T16:25:52.464089+00:00,mid_session,TXN,2026-03-10,2026-09-10,128,2025-09-09,2026-09-09,252,127,1,-0.0,1.0124,0.5515,26058.9996,33128.0002,2026-09-09,261.59,261.59,1.0,4253000,4254016,-0.0239,0.002,
2026-09-10T16:25:52.464089+00:00,mid_session,UMBF,2026-03-10,2026-09-10,128,2025-09-09,2026-09-09,252,127,1,0.3553,0.3553,0.1672,14022.0001,15158.0215,2026-09-09,141.22,140.72,1.0,541600,541598.273226,0.0003,0.3588,
2026-09-10T16:25:52.464089+00:00,mid_session,UNH,2026-03-10,2026-09-10,128,2025-09-09,2026-09-09,252,127,1,-0.0,0.5679,0.2996,39205.9998,43535.0006,2026-09-09,393.06,393.06,1.0,7735200,7737638.670553,-0.0315,0.0,
2026-09-10T16:25:52.464089+00:00,mid_session,VRTX,2026-03-10,2026-09-10,128,2025-09-09,2026-09-09,252,127,1,-0.0,0.0011,0.0,52011.9995,55696.0022,2026-09-09,521.12,521.12,1.0,958300,958510.59261,-0.022,0.0009,
2026-09-10T16:25:52.464089+00:00,mid_session,ZION,2026-03-10,2026-09-10,128,2025-09-09,2026-09-09,252,127,1,0.0,1.4169,0.839,6711.0001,7230.9994,2026-09-09,68.11,68.11,1.0,950700,950737.335495,-0.0039,0.0074,
2026-09-10T20:30:05.087682+00:00,post_close,ABBV,2026-03-11,2026-09-10,127,2025-09-09,2026-09-09,252,126,1,0.0,1.5237,0.638,24991.0004,26497.0001,2026-09-09,250.91,250.91,1.0,3866400,3866951,-0.0142,0.0,
2026-09-10T20:30:05.087682+00:00,post_close,ABT,2026-03-11,2026-09-10,127,2025-09-09,2026-09-09,252,126,1,0.0,1.3272,0.6013,10423.0003,11566.9998,2026-09-09,105.23,105.23,1.0,6470800,6470872.321195,-0.0011,0.0001,
2026-09-10T20:30:05.087682+00:00,post_close,ADI,2026-03-11,2026-09-10,127,2025-09-09,2026-09-09,252,126,1,0.0,0.5761,0.4125,36407.0007,44448.0007,2026-09-09,365.07,365.07,1.0,2358700,2359283.702208,-0.0247,0.0,
2026-09-10T20:30:05.087682+00:00,post_close,AMAT,2026-03-11,2026-09-10,127,2025-09-09,2026-09-09,252,126,1,0.0,0.2309,0.1442,46785.0006,72200.0018,2026-09-09,468.85,468.85,1.0,3936600,3945491,-0.2253,0.0,
2026-09-10T20:30:05.087682+00:00,post_close,AMD,2026-03-11,2026-09-10,127,2025-09-09,2026-09-09,252,126,1,0.001,0.0011,0.0,52009.9976,57990.9973,2026-09-09,521.1,521.095,1.0,22152400,22152382.978103,0.0001,0.001,
2026-09-10T20:30:05.087682+00:00,post_close,AMGN,2026-03-11,2026-09-10,127,2025-09-09,2026-09-09,252,126,1,-0.0,1.3261,0.7931,39026.9989,44311.9995,2026-09-09,391.27,391.27,1.0,2921400,2922839.160145,-0.0492,0.0013,
2026-09-10T20:30:05.087682+00:00,post_close,AMZN,2026-03-11,2026-09-10,127,2025-09-09,2026-09-09,252,126,1,-0.0,0.0,0.0,25139.9994,28301.9989,2026-09-09,252.4,252.4,1.0,33055500,33055487.135728,0.0,0.0,
2026-09-10T20:30:05.087682+00:00,post_close,ASML,2026-03-11,2026-09-10,127,2025-09-09,2026-09-09,252,126,1,0.0,0.3468,0.1527,172852.002,198843.9698,2026-09-09,1729.52,1729.52,1.0,1060000,1062851,-0.2682,0.0,
2026-09-10T20:30:05.087682+00:00,post_close,AVGO,2026-03-11,2026-09-10,127,2025-09-09,2026-09-09,252,126,1,0.0,0.367,0.1011,36338.0005,48057.0011,2026-09-09,364.38,364.38,1.0,25918200,25918212.09341,-0.0,0.0,
2026-09-10T20:30:05.087682+00:00,post_close,BKNG,2026-03-11,2026-09-10,127,2025-09-09,2026-09-09,252,126,1,-0.0,0.2508,0.1194,17242.9993,21341.9998,2026-09-09,173.43,173.43,1.0,12076800,12079582.399244,-0.023,0.0,
2026-09-10T20:30:05.087682+00:00,post_close,BMY,2026-03-11,2026-09-10,127,2025-09-09,2026-09-09,252,126,1,0.0,2.1254,0.8191,6341.0004,6708.9996,2026-09-09,64.41,64.41,1.0,6573400,6573962,-0.0085,0.0012,
2026-09-10T20:30:05.087682+00:00,post_close,CFG,2026-03-11,2026-09-10,127,2025-09-09,2026-09-09,252,126,1,0.0,1.3548,0.6937,6837.0003,7373.0003,2026-09-09,69.37,69.37,1.0,2559500,2559498,0.0001,0.0006,
2026-09-10T20:30:05.087682+00:00,post_close,CFR,2026-03-11,2026-09-10,127,2025-09-09,2026-09-09,252,126,1,0.0,1.3881,0.9295,16088.0005,16908.0013,2026-09-09,161.88,161.88,1.0,452200,453276,-0.2374,0.0,
2026-09-10T20:30:05.087682+00:00,post_close,FITB,2026-03-11,2026-09-10,127,2025-09-09,2026-09-09,252,126,1,-0.0,1.5934,0.5237,5318.9999,5836.9999,2026-09-09,54.19,54.19,1.0,4476300,4476687.447802,-0.0087,0.0,
2026-09-10T20:30:05.087682+00:00,post_close,GILD,2026-03-11,2026-09-10,127,2025-09-09,2026-09-09,252,126,1,-0.0,1.2139,0.3509,14464.9994,15022.0001,2026-09-09,145.65,145.65,1.0,4582500,4583213.920199,-0.0156,0.0,
2026-09-10T20:30:05.087682+00:00,post_close,HBAN,2026-03-11,2026-09-10,127,2025-09-09,2026-09-09,252,126,1,-0.0,1.8931,0.5228,1562.9999,1755.9999,2026-09-09,16.63,16.63,1.0,20512200,20512250.163302,-0.0002,0.0299,
2026-09-10T20:30:05.087682+00:00,post_close,HD,2026-03-11,2026-09-10,127,2025-09-09,2026-09-09,252,126,1,0.0,2.1249,1.0596,30945.0012,35689.998,2026-09-09,310.45,310.45,1.0,3611700,3612375.843066,-0.0187,0.0016,
2026-09-10T20:30:05.087682+00:00,post_close,ISRG,2026-03-11,2026-09-10,127,2025-09-09,2026-09-09,252,126,1,-0.0,0.0014,0.0,35223.999,49186.9995,2026-09-09,353.24,353.24,1.0,2422000,2422950.31738,-0.0392,0.0014,
2026-09-10T20:30:05.087682+00:00,post_close,JNJ,2026-03-11,2026-09-10,127,2025-09-09,2026-09-09,252,126,1,-0.0,1.0598,0.6828,26607.9987,27742.9993,2026-09-09,267.08,267.08,1.0,6124600,6125049.57624,-0.0073,0.0,
2026-09-10T20:30:05.087682+00:00,post_close,KEY,2026-03-11,2026-09-10,127,2025-09-09,2026-09-09,252,126,1,-0.0,1.9202,1.343,2073.0,2298.9999,2026-09-09,21.73,21.73,1.0,12745000,12745006.887294,-0.0001,0.0,
2026-09-10T20:30:05.087682+00:00,post_close,KLAC,2026-03-11,2026-09-10,127,2025-09-09,2026-09-09,252,126,1,0.0,0.2402,0.1452,18191.0004,30070.9985,2026-09-09,182.91,182.91,1.0,9100800,9106813.854938,-0.066,0.0,
2026-09-10T20:30:05.087682+00:00,post_close,LLY,2026-03-11,2026-09-10,127,2025-09-09,2026-09-09,252,126,1,-0.0,0.3147,0.1853,112320.9961,127933.9966,2026-09-09,1124.21,1124.21,1.0,2045000,2045995.850884,-0.0487,0.0,
2026-09-10T20:30:05.087682+00:00,post_close,LOW,2026-03-11,2026-09-10,127,2025-09-09,2026-09-09,252,126,1,0.0,1.089,0.5529,19760.0006,25228.999,2026-09-09,198.6,198.6,1.0,2444700,2445208.786533,-0.0208,0.0,
2026-09-10T20:30:05.087682+00:00,post_close,MCD,2026-03-11,2026-09-10,127,2025-09-09,2026-09-09,252,126,1,-0.0,1.3747,0.9748,25247.9996,32564.9981,2026-09-09,253.48,253.48,1.0,4434000,4439046.556297,-0.1137,0.0017,
2026-09-10T20:30:05.087682+00:00,post_close,MRK,2026-03-11,2026-09-10,127,2025-09-09,2026-09-09,252,126,1,-0.0,1.444,0.3914,14652.9999,15544.9997,2026-09-09,147.53,147.53,1.0,8546000,8546447.219302,-0.0052,0.0,
2026-09-10T20:30:05.087682+00:00,post_close,MTB,2026-03-11,2026-09-10,127,2025-09-09,2026-09-09,252,126,1,0.0,1.3308,0.9172,23700.0,25309.0,2026-09-09,238.0,238,1.0,781300,781256,0.0056,0.0006,
2026-09-10T20:30:05.087682+00:00,post_close,MU,2026-03-11,2026-09-10,127,2025-09-09,2026-09-09,252,126,1,0.0,0.0574,0.014,102677.002,121256.0007,2026-09-09,1027.77,1027.77,1.0,23812000,23811958.650407,0.0002,0.0005,
2026-09-10T20:30:05.087682+00:00,post_close,NKE,2026-03-11,2026-09-10,127,2025-09-09,2026-09-09,252,126,1,-0.0,1.9272,1.3897,3634.9998,5470.0003,2026-09-09,37.35,37.35,1.0,41088800,41088766.889658,0.0001,0.0,
2026-09-10T20:30:05.087682+00:00,post_close,NVDA,2026-03-11,2026-09-10,127,2025-09-09,2026-09-09,252,126,1,0.1119,0.1164,0.0554,22266.9998,23500.3798,2026-09-09,223.67,223.42,1.0,82955500,82955478.550876,0.0,0.1141,
2026-09-10T20:30:05.087682+00:00,post_close,ONB,2026-03-11,2026-09-10,127,2025-09-09,2026-09-09,252,126,1,-0.0,1.1597,0.831,2441.0,2629.0001,2026-09-09,25.41,25.41,1.0,3506400,3506386.099697,0.0004,0.0,
2026-09-10T20:30:05.087682+00:00,post_close,ORLY,2026-03-11,2026-09-10,127,2025-09-09,2026-09-09,252,126,1,0.0,0.0,0.0,8508.0002,9840.0002,2026-09-09,86.08,86.08,1.0,6204600,6205081.978705,-0.0078,0.0,
2026-09-10T20:30:05.087682+00:00,post_close,PFE,2026-03-11,2026-09-10,127,2025-09-09,2026-09-09,252,126,1,0.0,3.3153,1.7883,2678.0001,2802.0,2026-09-09,27.78,27.78,1.0,29128600,29135329.872271,-0.0231,0.0179,
2026-09-10T20:30:05.087682+00:00,post_close,PNFP,2026-03-11,2026-09-10,127,2025-09-09,2026-09-09,252,126,1,-0.0,0.9728,0.5278,9812.9997,10802.9999,2026-09-09,99.13,99.13,1.0,856700,856765.111889,-0.0076,0.005,
2026-09-10T20:30:05.087682+00:00,post_close,QCOM,2026-03-11,2026-09-10,127,2025-09-09,2026-09-09,252,126,1,-0.0,0.9073,0.6955,17539.9994,25002.0005,2026-09-09,176.4,176.4,1.0,14802000,14810717,-0.0589,0.0023,
2026-09-10T20:30:05.087682+00:00,post_close,RF,2026-03-11,2026-09-10,127,2025-09-09,2026-09-09,252,126,1,-0.0,1.9409,1.3726,2888.9999,3140.0,2026-09-09,29.89,29.89,1.0,6068800,6068828,-0.0005,0.0166,
2026-09-10T20:30:05.087682+00:00,post_close,SBUX,2026-03-11,2026-09-10,127,2025-09-09,2026-09-09,252,126,1,0.0,1.1506,0.7011,9904.0001,10755.0,2026-09-09,100.04,100.04,1.0,5929100,5932035.400034,-0.0495,0.0,
2026-09-10T20:30:05.087682+00:00,post_close,SYK,2026-03-11,2026-09-10,127,2025-09-09,2026-09-09,252,126,1,0.0,0.5354,0.1905,27439.0015,35125.0,2026-09-09,275.39,275.39,1.0,5500600,5501341,-0.0135,0.0018,
2026-09-10T20:30:05.087682+00:00,post_close,TFC,2026-03-11,2026-09-10,127,2025-09-09,2026-09-09,252,126,1,0.0,2.0165,1.178,4915.0002,5224.9998,2026-09-09,50.15,50.15,1.0,5556700,5558110.551789,-0.0254,0.01,
2026-09-10T20:30:05.087682+00:00,post_close,TGT,2026-03-11,2026-09-10,127,2025-09-09,2026-09-09,252,126,1,0.0,1.6905,0.9651,15652.0004,16888.9999,2026-09-09,157.52,157.52,1.0,3393400,3394933.300798,-0.0452,0.0,
2026-09-10T20:30:05.087682+00:00,post_close,TJX,2026-03-11,2026-09-10,127,2025-09-09,2026-09-09,252,126,1,0.0,0.64,0.3833,12512.0003,16741.0005,2026-09-09,126.12,126.12,1.0,8368000,8369229.982009,-0.0147,0.0,
2026-09-10T20:30:05.087682+00:00,post_close,TMO,2026-03-11,2026-09-10,127,2025-09-09,2026-09-09,252,126,1,0.0,0.1988,0.054,60469.0002,63271.0022,2026-09-09,605.69,605.69,1.0,1962400,1962455,-0.0028,0.0,
2026-09-10T20:30:05.087682+00:00,post_close,TSLA,2026-03-11,2026-09-10,127,2025-09-09,2026-09-09,252,126,1,-0.0,0.0013,0.0,36680.9998,44426.9989,2026-09-09,367.81,367.81,1.0,32564300,32564336.431245,-0.0001,0.0,
2026-09-10T20:30:05.087682+00:00,post_close,TSM,2026-03-11,2026-09-10,127,2025-09-09,2026-09-09,252,126,1,-0.0,0.514,0.1276,43435.9985,47657.0007,2026-09-09,435.36,435.36,1.0,7499300,7499342.710003,-0.0006,0.0,
2026-09-10T20:30:05.087682+00:00,post_close,TXN,2026-03-11,2026-09-10,127,2025-09-09,2026-09-09,252,126,1,-0.0,1.0124,0.5479,26058.9996,33128.0002,2026-09-09,261.59,261.59,1.0,4253000,4254016,-0.0239,0.002,
2026-09-10T20:30:05.087682+00:00,post_close,UMBF,2026-03-11,2026-09-10,127,2025-09-09,2026-09-09,252,126,1,0.3553,0.3553,0.166,14022.0001,15158.0215,2026-09-09,141.22,140.72,1.0,541600,541598.273226,0.0003,0.3588,
2026-09-10T20:30:05.087682+00:00,post_close,UNH,2026-03-11,2026-09-10,127,2025-09-09,2026-09-09,252,126,1,-0.0,0.5679,0.2975,39205.9998,43535.0006,2026-09-09,393.06,393.06,1.0,7735200,7737638.670553,-0.0315,0.0,
2026-09-10T20:30:05.087682+00:00,post_close,VRTX,2026-03-11,2026-09-10,127,2025-09-09,2026-09-09,252,126,1,-0.0,0.0011,0.0,52011.9995,55696.0022,2026-09-09,521.12,521.12,1.0,958300,958510.59261,-0.022,0.0009,
2026-09-10T20:30:05.087682+00:00,post_close,ZION,2026-03-11,2026-09-10,127,2025-09-09,2026-09-09,252,126,1,0.0,1.4169,0.8344,6711.0001,7230.9994,2026-09-09,68.11,68.11,1.0,950700,950737.335495,-0.0039,0.0074,
