signal_date,ticker,confidence,direction,technical_score,positioning_score,sentiment_score,news_score,fundamental_score,technical_max,sentiment_max,news_max,regime,vix_at_signal,rsi_14,rs_zscore,mom_5d,trend_intact,entry_zone_lower,entry_zone_upper,entry_price,stop_loss,target,rr_ratio,rr_ratio_at_fill,news_article_count,dominant_news_theme,fundamental_data_quality,structure_recommended,ev_per_dollar,capital_required,structure_legs,structure_effective_days,structure_greeks_summary,greeks_filter_status,structure_max_loss,structure_max_gain,structure_strikes,structure_expiration_date,alternative_structures,risk_pct,dollar_risk,actual_dollar_risk,position_type,position_size,capital_deployed,sizing_note,event_gate_blocked,event_gate_trigger,fill_date,fill_price,mark_price,mark_date,unrealized_rr,unrealized_pnl_dollars,outcome,exit_date,exit_price,pnl_pct,achieved_rr,holding_days,pnl_dollars,hypothetical_outcome,hypothetical_exit_date,hypothetical_exit_price,hypothetical_pnl_pct,hypothetical_achieved_rr,hypothetical_holding_days,hypothetical_pnl_dollars
2026-08-26,MU,63.2,bullish,24.3,12.4,9.5,10.3,8.7,40.0,15.0,15.0,choppy,15.2,51.3,0.411,0.0014,False,1020.57,1051.69,1036.13,934.66,1340.55,3.00,,191,memory_cycle,complete,long_stock,0.25168,101.47,,,,applied,,,,,,0.0333,499.50,405.88,shares,4,4144.52,rank track — flat 3.33% risk regardless of score (63.2/100) | superseded 2026-08-28 — a newer qualifying signal (confidence 67.7) replaced this still-unfilled entry order,True,tariff,,,,,,,superseded,2026-08-28,,,,,,loss,2026-08-27,934.66,-0.0335,-1.000,1,-405.88
2026-08-26,QCOM,57.6,bullish,24.0,12.3,8.5,10.7,4.0,40.0,15.0,15.0,choppy,15.2,48.0,0.353,0.0112,False,167.27,170.47,168.87,160.88,192.84,3.00,,56,competitive_dynamics,complete,diagonal_call,0.20079,167.61,,,,applied,,,,,,0.0333,499.50,335.22,options,2,335.22,"rank track — flat 3.33% risk regardless of score (57.6/100) | stop/target recomputed 2026-08-26 under v2.2.104 ATR bounds (stop 163.24->160.88, target 234.71->192.84, R:R 11.69->3.00); row was still pending, no capital committed. Sizing unchanged (options premium does not depend on stop). ev_per_dollar left as originally ranked. | superseded 2026-08-27 — a newer qualifying signal (confidence 73.2) replaced this still-unfilled entry order",True,tariff,,,,,,,superseded,2026-08-27,,,,,,time_stop,2026-09-17,188.71,0.1488,7.219,15,2420.02
2026-08-26,TFC,48.2,bullish,16.5,13.5,6.1,11.1,6.0,40.0,15.0,15.0,trending_down,15.2,45.4,0.449,-0.0059,False,53.30,53.76,53.53,51.48,59.69,3.00,,41,earnings_expectations,partial,diagonal_call,0.07864,26.77,,,,applied,,,,,,0.0333,499.50,481.86,options,18,481.86,rank track — flat 3.33% risk regardless of score (48.2/100),False,,,,,,,,expired,2026-09-02,,,,5,,no_entry,,,,,,
2026-08-26,RF,45.0,bullish,21.9,12.0,7.0,7.0,2.1,40.0,15.0,15.0,trending_down,15.2,46.0,0.215,0.0036,False,32.15,32.43,32.29,31.07,35.95,3.00,,28,earnings_expectations,partial,diagonal_call,0.07731,16.14,,,,applied,,,,,,0.0333,499.50,484.20,options,30,484.20,rank track — flat 3.33% risk regardless of score (45.0/100),False,,,,,,,,expired,2026-09-02,,,,5,,no_entry,,,,,,
2026-08-26,ABBV,71.2,bullish,24.3,15.1,12.5,10.3,4.0,40.0,15.0,15.0,trending_up,15.2,60.4,-1.373,-0.0115,True,266.01,268.93,267.47,256.79,299.50,3.00,,94,earnings_expectations,complete,diagonal_call,0.11540,133.74,,,,applied,,,,,,0.0333,499.50,401.22,options,3,401.22,rank track — flat 3.33% risk regardless of score (71.2/100) | superseded 2026-08-27 — a newer qualifying signal (confidence 73.0) replaced this still-unfilled entry order,True,clinical hold,,,,,,,superseded,2026-08-27,,,,,,loss,2026-08-28,256.79,-0.0154,-1.000,2,-401.22
2026-08-26,AMGN,70.5,bullish,27.4,14.4,6.5,11.2,6.0,40.0,15.0,15.0,trending_up,15.2,72.2,1.512,0.0013,True,444.50,449.56,447.03,424.30,515.21,3.00,,42,earnings_expectations,complete,diagonal_call,0.14949,229.24,,,,applied,,,,,,0.0333,499.50,458.48,options,2,458.48,rank track — flat 3.33% risk regardless of score (70.5/100) | superseded 2026-08-27 — a newer qualifying signal (confidence 71.5) replaced this still-unfilled entry order,True,clinical hold,,,,,,,superseded,2026-08-27,,,,,,loss,2026-09-08,408.90,-0.0558,-2.754,8,-1262.65
2026-08-26,AMZN,69.3,bullish,30.6,15.0,10.7,9.6,5.3,40.0,15.0,15.0,choppy,15.2,50.9,1.434,-0.0209,True,285.49,288.91,287.20,271.85,333.24,3.00,,177,ai_demand,complete,bull_call_spread,0.77713,403.10,,,,applied,,,,,,0.0333,499.50,403.10,options,1,403.10,rank track — flat 3.33% risk regardless of score (69.3/100) | superseded 2026-08-27 — a newer qualifying signal (confidence 65.9) replaced this still-unfilled entry order,True,boycott,,,,,,,superseded,2026-08-27,,,,,,no_entry,,,,,,
2026-08-26,SBUX,65.8,bullish,30.9,11.4,12.8,10.7,2.0,40.0,15.0,15.0,choppy,15.2,58.8,-0.232,0.0334,True,109.18,110.57,109.88,106.40,120.32,3.00,,91,ai_demand,complete,long_call,0.08922,262.86,,,,applied,,,,,,0.0333,499.50,262.86,options,1,262.86,"rank track — flat 3.33% risk regardless of score (65.8/100) | stop/target recomputed 2026-08-26 under v2.2.104 ATR bounds (stop 107.57->106.40, target 116.81->120.32, R:R 3.00->3.00); row was still pending, no capital committed. Sizing unchanged (options premium does not depend on stop). ev_per_dollar left as originally ranked. | superseded 2026-08-28 — a newer qualifying signal (confidence 63.5) replaced this still-unfilled entry order",True,boycott,,,,,,,superseded,2026-08-28,,,,,,loss,2026-08-31,106.40,-0.0200,-1.000,3,-262.86
2026-08-27,NVDA,84.7,bullish,33.1,14.4,11.7,11.7,8.7,40.0,15.0,15.0,trending_up,14.5,61.3,0.910,0.0513,True,226.16,229.80,227.98,211.57,277.22,3.00,3.17,324,ai_demand,complete,long_strangle,3.78615,86.47,,,,not_implemented_no_options_chain_data,,,,,,0.0333,499.50,432.35,options,5,432.35,rank track — flat 3.33% risk regardless of score (84.7/100),True,tariff,2026-08-28,227.33,,,,,time_stop,2026-09-11,220.08,-0.0309,-0.452,10,-195.53,,,,,,,
2026-08-27,QCOM,73.2,bullish,26.5,14.3,14.6,8.9,4.0,40.0,15.0,15.0,trending_up,14.5,49.2,1.228,0.0251,False,167.30,170.44,168.87,161.01,192.46,3.00,,52,competitive_dynamics,complete,long_strangle,0.80794,107.35,,,,not_implemented_no_options_chain_data,,,,,,0.0333,499.50,429.40,options,4,429.40,rank track — flat 3.33% risk regardless of score (73.2/100) | superseded 2026-08-28 — a newer qualifying signal (confidence 66.0) replaced this still-unfilled entry order,True,tariff,,,,,,,superseded,2026-08-28,,,,,,time_stop,2026-09-18,177.72,0.0857,5.214,15,2238.91
2026-08-27,UMBF,62.1,bullish,28.7,15.0,7.5,8.6,7.3,40.0,15.0,15.0,trending_down,14.5,47.2,0.253,-0.0090,True,152.56,154.08,153.32,146.47,173.86,3.00,,29,earnings_expectations,partial,diagonal_call,0.09702,76.66,,,,applied,,,,,,0.0333,499.50,459.96,options,6,459.96,rank track — flat 3.33% risk regardless of score (62.1/100) | superseded 2026-08-28 — a newer qualifying signal (confidence 60.6) replaced this still-unfilled entry order,False,,,,,,,,superseded,2026-08-28,,,,,,no_entry,,,,,,
2026-08-27,KEY,55.4,bearish,30.3,12.8,9.0,5.0,-6.7,40.0,15.0,15.0,trending_down,14.5,40.4,0.346,0.0078,False,21.59,21.79,21.69,22.20,20.16,3.00,,26,none,partial,long_butterfly_call,0.05006,34.78,,,,not_implemented_no_options_chain_data,,,,,,0.0333,499.50,486.92,options,14,486.92,rank track — flat 3.33% risk regardless of score (55.4/100) | superseded 2026-08-28 — a newer qualifying signal (confidence 56.0) replaced this still-unfilled entry order,False,,,,,,,,superseded,2026-08-28,,,,,,loss,2026-09-04,22.20,-0.0123,-1.000,6,-486.92
2026-08-27,ABBV,73.0,bullish,27.5,16.0,13.8,6.7,4.0,40.0,15.0,15.0,trending_up,14.5,53.9,-1.353,-0.0141,True,265.52,268.42,266.97,257.19,296.31,3.00,,39,none,complete,long_strangle,0.51190,169.71,,,,not_implemented_no_options_chain_data,,,,,,0.0333,499.50,339.42,options,2,339.42,rank track — flat 3.33% risk regardless of score (73.0/100),True,clinical hold,,,,,,,expired,2026-09-03,,,,5,,loss,2026-08-28,257.19,-0.0057,-1.000,1,-339.42
2026-08-27,AMGN,71.5,bullish,30.4,11.0,14.0,5.2,6.0,40.0,15.0,15.0,trending_up,14.5,68.9,1.149,0.0134,True,444.49,449.57,447.03,424.14,515.70,3.00,3.50,38,none,complete,long_strangle,0.95567,284.18,,,,not_implemented_no_options_chain_data,,,,,,0.0333,499.50,284.18,options,1,284.18,rank track — flat 3.33% risk regardless of score (71.5/100),True,clinical hold,2026-09-02,444.49,,,,,loss,2026-09-08,408.90,-0.0801,-1.749,4,-497.00,,,,,,,
2026-08-27,AMZN,65.9,bullish,27.6,15.0,10.8,9.1,5.3,40.0,15.0,15.0,choppy,14.5,47.2,0.784,-0.0148,True,285.52,288.88,287.20,272.10,332.49,3.00,,182,ai_demand,complete,long_strangle,2.29640,108.94,,,,not_implemented_no_options_chain_data,,,,,,0.0333,499.50,435.76,options,4,435.76,rank track — flat 3.33% risk regardless of score (65.9/100) | superseded 2026-08-28 — a newer qualifying signal (confidence 68.1) replaced this still-unfilled entry order,True,boycott,,,,,,,superseded,2026-08-28,,,,,,no_entry,,,,,,
2026-08-27,TGT,59.7,bullish,30.7,13.0,8.7,5.0,4.2,40.0,15.0,15.0,choppy,14.5,69.0,0.933,0.0485,True,169.46,172.04,170.75,159.18,205.45,3.00,,79,none,complete,long_strangle,1.47105,108.55,,,,not_implemented_no_options_chain_data,,,,,,0.0333,499.50,434.20,options,4,434.20,rank track — flat 3.33% risk regardless of score (59.7/100) | superseded 2026-08-29 — a newer qualifying signal (confidence 62.0) replaced this still-unfilled entry order,True,boycott,,,,,,,superseded,2026-08-29,,,,,,loss,2026-09-09,159.18,-0.0411,-1.000,8,-434.20
2026-08-28,MU,67.7,bullish,24.4,16.0,11.4,9.3,8.7,40.0,15.0,15.0,choppy,14.4,50.7,0.248,-0.0351,False,1021.02,1051.24,1036.13,929.68,1355.49,3.00,,182,memory_cycle,complete,long_strangle,10.64365,271.15,,,,not_implemented_no_options_chain_data,,,,,,0.0333,499.50,271.15,options,1,271.15,rank track — flat 3.33% risk regardless of score (67.7/100) | superseded 2026-08-29 — a newer qualifying signal (confidence 70.5) replaced this still-unfilled entry order,True,tariff,,,,,,,superseded,2026-08-29,,,,,,loss,2026-09-01,929.68,-0.0018,-1.000,2,-271.15
2026-08-28,QCOM,66.0,bullish,26.1,13.7,15.0,9.2,4.0,40.0,15.0,15.0,choppy,14.4,48.5,2.136,0.0214,False,167.35,170.39,168.87,161.25,210.58,5.47,,41,competitive_dynamics,complete,long_strangle,2.87127,85.28,,,,not_implemented_no_options_chain_data,,,,,,0.0333,499.50,426.40,options,5,426.40,rank track — flat 3.33% risk regardless of score (66.0/100) | superseded 2026-08-29 — a newer qualifying signal (confidence 76.2) replaced this still-unfilled entry order,True,tariff,,,,,,,superseded,2026-08-29,,,,,,time_stop,2026-09-18,177.72,0.0843,5.220,14,2225.75
2026-08-28,UMBF,60.6,bullish,23.9,15.0,11.0,8.4,7.3,40.0,15.0,15.0,trending_down,14.4,47.3,0.295,-0.0038,False,152.58,154.06,153.32,146.68,173.24,3.00,,22,earnings_expectations,partial,diagonal_call,0.09510,76.66,,,,applied,,,,,,0.0333,499.50,459.96,options,6,459.96,rank track — flat 3.33% risk regardless of score (60.6/100) | superseded 2026-08-29 — a newer qualifying signal (confidence 64.6) replaced this still-unfilled entry order,False,,,,,,,,superseded,2026-08-29,,,,,,no_entry,,,,,,
2026-08-28,KEY,56.0,bearish,30.4,13.2,9.0,5.0,-6.7,40.0,15.0,15.0,trending_down,14.4,38.7,0.278,0.0018,False,21.59,21.79,21.69,22.20,20.17,3.00,,25,none,partial,long_butterfly_call,0.05033,35.54,,,,not_implemented_no_options_chain_data,,,,,,0.0333,499.50,497.56,options,14,497.56,rank track — flat 3.33% risk regardless of score (56.0/100) | superseded 2026-08-29 — a newer qualifying signal (confidence 56.0) replaced this still-unfilled entry order,False,,,,,,,,superseded,2026-08-29,,,,,,loss,2026-09-04,22.20,-0.0272,-1.000,5,-497.56
2026-08-28,JNJ,71.0,bullish,28.6,13.8,8.3,8.9,6.4,40.0,15.0,15.0,trending_up,14.4,57.1,-0.202,-0.0032,True,273.75,276.47,275.11,262.86,311.86,3.00,,52,ai_demand,complete,long_strangle,1.09668,138.94,,,,applied,,,,,,0.0333,499.50,416.82,options,3,416.82,rank track — flat 3.33% risk regardless of score (71.0/100) | superseded 2026-08-29 — a newer qualifying signal (confidence 69.2) replaced this still-unfilled entry order,False,,,,,,,,superseded,2026-08-29,,,,,,time_stop,2026-09-14,266.32,-0.0030,-0.190,10,-79.07
2026-08-28,ABT,70.2,bullish,25.1,15.8,8.2,10.7,5.3,40.0,15.0,15.0,trending_up,14.4,59.7,-0.517,-0.0358,True,116.72,117.96,117.34,111.79,134.00,3.00,,34,ai_demand,complete,long_butterfly_call,0.62634,75.07,,,,applied,,,,,,0.0333,499.50,450.42,options,6,450.42,rank track — flat 3.33% risk regardless of score (70.2/100),False,,,,,,,,expired,2026-09-04,,,,5,,no_entry,,,,,,
2026-08-28,AMZN,68.1,bullish,28.7,15.0,10.9,10.4,5.1,40.0,15.0,15.0,choppy,14.4,55.9,-0.479,0.0302,True,285.44,288.96,287.20,271.37,334.70,3.00,,177,ai_demand,complete,long_strangle,4.43092,75.16,,,,not_implemented_no_options_chain_data,,,,,,0.0333,499.50,450.96,options,6,450.96,rank track — flat 3.33% risk regardless of score (68.1/100) | superseded 2026-08-29 — a newer qualifying signal (confidence 65.6) replaced this still-unfilled entry order,True,boycott,,,,,,,superseded,2026-08-29,,,,,,no_entry,,,,,,
2026-08-28,SBUX,63.5,bullish,31.4,12.6,10.1,9.5,1.9,40.0,15.0,15.0,choppy,14.4,56.4,0.170,0.0072,True,109.22,110.54,109.88,106.59,119.74,3.00,,36,ai_demand,complete,long_strangle,0.48853,55.49,,,,not_implemented_no_options_chain_data,,,,,,0.0333,499.50,499.41,options,9,499.41,rank track — flat 3.33% risk regardless of score (63.5/100) | superseded 2026-08-31 — a newer qualifying signal (confidence 57.7) replaced this still-unfilled entry order,True,boycott,,,,,,,superseded,2026-08-31,,,,,,loss,2026-08-31,106.59,-0.0086,-1.000,1,-499.41
2026-08-29,QCOM,76.2,bullish,26.5,13.8,15.0,12.2,3.8,40.0,15.0,15.0,trending_up,14.5,49.2,1.228,0.0251,False,167.30,170.44,168.87,161.01,192.46,3.00,4.00,88,competitive_dynamics,complete,bull_call_spread,0.31573,398.83,,,,applied,,,,,,0.0333,499.50,398.83,options,1,398.83,rank track — flat 3.33% risk regardless of score (76.2/100),True,tariff,2026-08-31,167.30,,,,,time_stop,2026-09-21,188.59,0.1272,3.384,15,1349.81,,,,,,,
2026-08-29,MU,70.5,bullish,23.4,10.5,12.9,10.4,8.3,40.0,15.0,15.0,trending_up,14.5,51.0,-0.455,-0.0400,False,1020.58,1051.68,1036.13,934.66,1340.55,3.00,,159,memory_cycle,complete,long_stock,0.21607,101.47,,,,applied,,,,,,0.0333,499.50,405.88,shares,4,4144.52,rank track — flat 3.33% risk regardless of score (70.5/100) | superseded 2026-08-31 — a newer qualifying signal (confidence 62.9) replaced this still-unfilled entry order,True,tariff,,,,,,,superseded,2026-08-31,,,,,,no_entry,,,,,,
2026-08-29,UMBF,64.6,bullish,28.7,15.0,11.0,7.9,7.0,40.0,15.0,15.0,trending_down,14.5,47.2,0.253,-0.0090,True,152.56,154.08,153.32,146.47,173.86,3.00,,20,earnings_expectations,partial,diagonal_call,0.10123,76.66,,,,applied,,,,,,0.0333,499.50,459.96,options,6,459.96,rank track — flat 3.33% risk regardless of score (64.6/100) | superseded 2026-09-03 — a newer qualifying signal (confidence 56.3) replaced this still-unfilled entry order,False,,,,,,,,superseded,2026-09-03,,,,,,no_entry,,,,,,
2026-08-29,KEY,56.0,bearish,30.3,13.4,9.0,5.0,-6.7,40.0,15.0,15.0,trending_down,14.5,40.4,0.346,0.0078,False,21.59,21.79,21.69,22.20,20.16,3.00,3.98,22,none,partial,diagonal_put,0.04340,10.85,,,,applied,,,,,,0.0333,499.50,499.10,options,46,499.10,rank track — flat 3.33% risk regardless of score (56.0/100),False,,2026-08-31,21.79,,,,,loss,2026-09-04,22.20,-0.0272,-1.000,5,-499.10,,,,,,,
2026-08-29,GILD,69.3,bullish,31.6,13.8,7.2,9.7,1.9,40.0,15.0,15.0,trending_up,14.5,69.2,2.095,0.0378,True,148.68,150.56,149.62,141.19,174.90,3.00,3.50,29,ai_demand,partial,bull_call_spread,0.30978,359.79,,,,applied,,,,,,0.0333,499.50,359.79,options,1,359.79,rank track — flat 3.33% risk regardless of score (69.3/100),False,,2026-09-01,148.68,,,,,time_stop,2026-09-15,144.48,-0.0282,-0.561,10,-201.75,,,,,,,
2026-08-29,JNJ,69.2,bullish,29.2,12.6,7.8,8.6,6.1,40.0,15.0,15.0,trending_up,14.5,54.6,-0.301,-0.0011,True,273.73,276.50,275.11,262.63,312.55,3.00,,42,ai_demand,complete,bull_call_spread,0.53028,447.82,,,,applied,,,,,,0.0333,499.50,447.82,options,1,447.82,rank track — flat 3.33% risk regardless of score (69.2/100) | superseded 2026-09-01 — a newer qualifying signal (confidence 75.6) replaced this still-unfilled entry order,False,,,,,,,,superseded,2026-09-01,,,,,,time_stop,2026-09-14,266.32,-0.0030,-0.180,10,-80.61
2026-08-29,AMZN,65.6,bullish,27.6,12.9,12.1,10.0,4.9,40.0,15.0,15.0,choppy,14.5,47.2,0.784,-0.0148,True,285.52,288.88,287.20,272.10,332.49,3.00,,146,ai_demand,complete,diagonal_call,0.17078,143.60,,,,applied,,,,,,0.0333,499.50,430.80,options,3,430.80,rank track — flat 3.33% risk regardless of score (65.6/100) | superseded 2026-08-31 — a newer qualifying signal (confidence 57.0) replaced this still-unfilled entry order,False,,,,,,,,superseded,2026-08-31,,,,,,no_entry,,,,,,
2026-08-29,TGT,62.0,bullish,31.1,12.9,4.3,11.9,3.8,40.0,15.0,15.0,choppy,14.5,69.0,0.933,0.0485,True,169.46,172.04,170.75,159.18,205.45,3.00,,95,earnings_expectations,complete,bull_call_spread,0.48473,292.66,,,,applied,,,,,,0.0333,499.50,292.66,options,1,292.66,rank track — flat 3.33% risk regardless of score (62.0/100) | superseded 2026-09-01 — a newer qualifying signal (confidence 46.2) replaced this still-unfilled entry order,True,boycott,,,,,,,superseded,2026-09-01,,,,,,loss,2026-09-09,159.18,-0.0224,-1.000,7,-292.66
2026-08-31,MU,62.9,bullish,26.9,9.0,12.0,9.4,7.6,40.0,15.0,15.0,choppy,14.9,53.8,0.479,0.0531,False,1021.58,1050.68,1036.13,954.58,1280.77,3.00,,100,memory_cycle,complete,long_stock,0.13974,81.55,,,,not_implemented_no_options_chain_data,,,,,,0.0333,499.50,326.20,shares,4,4144.52,rank track — flat 3.33% risk regardless of score (62.9/100) | superseded 2026-09-01 — a newer qualifying signal (confidence 55.6) replaced this still-unfilled entry order,True,tariff,,,,,,,superseded,2026-09-01,,,,,,no_entry,,,,,,
2026-08-31,TSM,53.3,bullish,20.4,10.5,12.8,8.2,8.3,40.0,15.0,15.0,choppy,14.9,48.4,-0.241,0.0127,False,432.92,439.16,436.04,414.24,501.44,3.00,,44,ai_demand,complete,long_strangle,0.37029,453.32,,,,not_implemented_no_options_chain_data,,,,,,0.0333,499.50,453.32,options,1,453.32,rank track — flat 3.33% risk regardless of score (53.3/100) | superseded 2026-09-01 — a newer qualifying signal (confidence 54.0) replaced this still-unfilled entry order,True,tariff,,,,,,,superseded,2026-09-01,,,,,,loss,2026-09-01,414.24,-0.0059,-1.000,1,-453.32
2026-08-31,FITB,59.9,bearish,32.1,12.0,9.0,4.2,-2.4,40.0,15.0,15.0,trending_down,14.9,32.0,-0.795,-0.0206,False,53.51,54.03,53.77,56.13,46.69,3.00,2.90,22,none,partial,diagonal_put,0.10266,26.88,,,,not_implemented_no_options_chain_data,,,,,,0.0333,499.50,483.84,options,18,483.84,rank track — flat 3.33% risk regardless of score (59.9/100),False,,2026-09-01,53.71,,,,,time_stop,2026-09-15,54.91,-0.0223,-0.496,10,-239.92,,,,,,,
2026-08-31,MTB,59.4,bearish,35.2,9.6,10.2,4.6,-5.2,40.0,15.0,15.0,trending_down,14.9,33.4,-1.732,-0.0325,False,232.90,234.98,233.94,239.15,218.32,3.00,2.10,21,none,partial,long_butterfly_call,0.05106,411.41,,,,applied,,,,,,0.0333,499.50,411.41,options,1,411.41,rank track — flat 3.33% risk regardless of score (59.4/100),False,,2026-09-01,232.44,,,,,loss,2026-09-03,239.15,-0.0289,-1.000,3,-411.41,,,,,,,
2026-08-31,BMY,73.1,bullish,26.6,13.0,13.8,8.9,5.8,40.0,15.0,15.0,trending_up,14.9,59.3,-0.527,-0.0070,True,68.25,69.03,68.64,65.14,79.13,3.00,,29,ai_demand,complete,long_strangle,0.39376,71.36,,,,not_implemented_no_options_chain_data,,,,,,0.0333,499.50,428.16,options,6,428.16,rank track — flat 3.33% risk regardless of score (73.1/100) | superseded 2026-09-04 — a newer qualifying signal (confidence 70.4) replaced this still-unfilled entry order,False,,,,,,,,superseded,2026-09-04,,,,,,loss,2026-09-08,65.14,-0.0361,-1.000,5,-428.16
2026-08-31,PFE,72.5,bullish,30.9,12.5,11.3,9.7,3.1,40.0,15.0,15.0,trending_up,14.9,68.4,1.359,0.0175,True,28.43,28.73,28.58,27.26,32.55,3.00,2.39,33,ai_demand,complete,long_strangle,0.32973,29.71,,,,not_implemented_no_options_chain_data,,,,,,0.0333,499.50,475.36,options,16,475.36,rank track — flat 3.33% risk regardless of score (72.5/100),False,,2026-09-01,28.82,,,,,loss,2026-09-15,27.26,-0.0541,-1.000,10,-475.36,,,,,,,
2026-08-31,SBUX,57.7,bullish,31.9,13.5,6.6,8.7,2.0,40.0,15.0,15.0,trending_down,14.9,51.3,0.695,-0.0115,True,109.24,110.52,109.88,106.05,121.38,3.00,,25,ai_demand,complete,long_strangle,0.18110,114.23,,,,not_implemented_no_options_chain_data,,,,,,0.0333,499.50,456.92,options,4,456.92,rank track — flat 3.33% risk regardless of score (57.7/100),True,boycott,,,,,,,expired,2026-09-08,,,,5,,loss,2026-09-01,106.05,-0.0007,-1.000,1,-456.92
2026-08-31,AMZN,57.0,bullish,25.0,9.0,13.4,9.2,5.3,40.0,15.0,15.0,trending_down,14.9,50.1,-1.122,-0.0088,True,285.40,289.00,287.20,271.01,335.78,3.00,,150,ai_demand,complete,long_strangle,0.79045,220.92,,,,not_implemented_no_options_chain_data,,,,,,0.0333,499.50,441.84,options,2,441.84,rank track — flat 3.33% risk regardless of score (57.0/100) | superseded 2026-09-03 — a newer qualifying signal (confidence 59.0) replaced this still-unfilled entry order,True,boycott,,,,,,,superseded,2026-09-03,,,,,,no_entry,,,,,,
2026-09-01,MU,55.6,bullish,25.5,11.7,13.2,9.4,8.7,40.0,15.0,15.0,trending_down,16.4,50.4,0.258,0.0005,False,1021.78,1050.48,1036.13,929.68,1355.49,3.00,,122,memory_cycle,complete,long_stock,0.15581,106.45,,,,not_implemented_no_options_chain_data,,,,,,0.0333,499.50,425.80,shares,4,4144.52,rank track — flat 3.33% risk regardless of score (55.6/100) | superseded 2026-09-02 — a newer qualifying signal (confidence 53.2) replaced this still-unfilled entry order,True,tariff,,,,,,,superseded,2026-09-02,,,,,,loss,2026-09-02,929.68,-0.0012,-1.000,1,-425.80
2026-09-01,TSM,54.0,bullish,25.2,13.6,13.4,11.8,7.9,40.0,15.0,15.0,trending_down,16.4,47.7,1.192,-0.0082,False,433.03,439.05,436.04,412.11,507.82,3.00,,44,ai_demand,complete,long_strangle,0.56532,394.25,,,,not_implemented_no_options_chain_data,,,,,,0.0333,499.50,394.25,options,1,394.25,rank track — flat 3.33% risk regardless of score (54.0/100) | superseded 2026-09-04 — a newer qualifying signal (confidence 58.3) replaced this still-unfilled entry order,True,tariff,,,,,,,superseded,2026-09-04,,,,,,no_entry,,,,,,
2026-09-01,ZION,54.3,bearish,31.3,9.2,7.5,5.0,-3.7,40.0,15.0,15.0,trending_down,16.4,35.5,-0.563,-0.0179,False,66.03,66.69,66.36,68.02,61.38,3.00,,20,none,partial,long_butterfly_call,0.05098,119.77,,,,not_implemented_no_options_chain_data,,,,,,0.0333,499.50,479.08,options,4,479.08,rank track — flat 3.33% risk regardless of score (54.3/100) | superseded 2026-09-02 — a newer qualifying signal (confidence 57.5) replaced this still-unfilled entry order,False,,,,,,,,superseded,2026-09-02,,,,,,loss,2026-09-02,68.02,-0.0166,-1.000,1,-479.08
2026-09-01,PNFP,54.2,bearish,32.2,11.0,7.5,3.5,-5.0,40.0,15.0,15.0,trending_down,16.4,32.8,-0.720,-0.0371,False,96.44,97.62,97.03,102.31,81.19,3.00,,23,ai_demand,partial,long_butterfly_call,0.13305,100.22,,,,applied,,,,,,0.0333,499.50,400.88,options,4,400.88,rank track — flat 3.33% risk regardless of score (54.2/100),False,,,,,,,,expired,2026-09-09,,,,5,,time_stop,2026-09-16,96.07,0.0224,0.545,10,218.30
2026-09-01,JNJ,75.6,bullish,30.0,14.5,8.6,10.8,6.7,40.0,15.0,15.0,trending_up,16.4,59.7,0.189,-0.0071,True,273.78,276.44,275.11,267.13,299.06,3.00,,55,ai_demand,complete,long_strangle,0.16294,248.75,,,,not_implemented_no_options_chain_data,,,,,,0.0333,499.50,497.50,options,2,497.50,rank track — flat 3.33% risk regardless of score (75.6/100) | superseded 2026-09-02 — a newer qualifying signal (confidence 82.0) replaced this still-unfilled entry order,True,patient death,,,,,,,superseded,2026-09-02,,,,,,loss,2026-09-08,267.13,-0.0277,-1.000,4,-497.50
2026-09-01,MRK,73.2,bullish,35.4,10.8,5.8,14.1,2.0,40.0,15.0,15.0,trending_up,16.4,63.8,2.349,-0.0421,True,155.86,157.98,156.92,148.82,181.21,3.00,,126,ai_demand,complete,long_strangle,0.52128,141.88,,,,not_implemented_no_options_chain_data,,,,,,0.0333,499.50,425.64,options,3,425.64,rank track — flat 3.33% risk regardless of score (73.2/100) | superseded 2026-09-02 — a newer qualifying signal (confidence 72.2) replaced this still-unfilled entry order,True,patient death,,,,,,,superseded,2026-09-02,,,,,,loss,2026-09-03,148.82,-0.0119,-1.000,2,-425.64
2026-09-01,NKE,55.0,bearish,29.1,12.7,8.6,6.3,-6.7,40.0,15.0,15.0,trending_down,16.4,37.6,-0.448,-0.0344,False,37.83,38.41,38.12,40.60,30.67,3.00,2.91,72,earnings_expectations,complete,long_strangle,0.75117,34.47,,,,not_implemented_no_options_chain_data,,,,,,0.0333,499.50,482.58,options,14,482.58,rank track — flat 3.33% risk regardless of score (55.0/100),True,guidance cut,2026-09-02,38.06,,,,,time_stop,2026-09-16,36.36,0.0447,0.670,10,323.22,,,,,,,
2026-09-01,TGT,46.2,bullish,27.8,9.9,12.5,3.6,7.3,40.0,15.0,15.0,trending_down,16.4,63.1,1.287,0.0017,True,169.53,171.97,170.75,159.82,203.55,3.00,,56,none,complete,long_strangle,0.73069,154.39,,,,not_implemented_no_options_chain_data,,,,,,0.0333,499.50,463.17,options,3,463.17,rank track — flat 3.33% risk regardless of score (46.2/100) | superseded 2026-09-03 — a newer qualifying signal (confidence 58.7) replaced this still-unfilled entry order,True,guidance cut,,,,,,,superseded,2026-09-03,,,,,,loss,2026-09-09,159.82,-0.0255,-1.000,5,-463.17
2026-09-02,MU,53.2,bullish,26.3,11.0,10.2,10.0,8.7,40.0,15.0,15.0,trending_down,15.2,53.2,0.326,0.0188,False,1022.25,1050.01,1036.13,954.58,1280.77,3.00,,149,memory_cycle,complete,long_stock,0.17800,81.55,,,,not_implemented_no_options_chain_data,,,,,,0.0333,499.50,326.20,shares,4,4144.52,rank track — flat 3.33% risk regardless of score (53.2/100) | superseded 2026-09-03 — a newer qualifying signal (confidence 56.5) replaced this still-unfilled entry order,True,tariff,,,,,,,superseded,2026-09-03,,,,,,loss,2026-09-03,954.58,-0.0024,-1.000,1,-326.20
2026-09-02,TXN,46.5,bearish,27.3,15.0,4.0,3.1,-6.0,40.0,15.0,15.0,trending_down,15.2,37.6,-0.285,-0.0266,False,248.16,252.70,250.43,270.90,189.02,3.00,,55,earnings_expectations,complete,long_strangle,1.39992,192.63,,,,not_implemented_no_options_chain_data,,,,,,0.0333,499.50,385.26,options,2,385.26,rank track — flat 3.33% risk regardless of score (46.5/100) | superseded 2026-09-03 — a newer qualifying signal (confidence 48.9) replaced this still-unfilled entry order,True,tariff,,,,,,,superseded,2026-09-03,,,,,,loss,2026-09-11,270.90,-0.0747,-1.000,6,-385.26
2026-09-02,ZION,57.5,bearish,33.5,10.6,7.5,4.5,-3.5,40.0,15.0,15.0,trending_down,15.2,46.3,-0.673,-0.0044,False,65.82,66.52,66.17,68.15,60.24,3.00,,22,earnings_expectations,partial,long_put,0.06670,187.49,,,,not_implemented_no_options_chain_data,,,,,,0.0333,499.50,374.98,options,2,374.98,rank track — flat 3.33% risk regardless of score (57.5/100),False,,,,,,,,expired,2026-09-10,,,,5,,no_entry,,,,,,
2026-09-02,HBAN,53.5,bearish,31.4,12.0,5.4,5.0,-5.3,40.0,15.0,15.0,trending_down,15.2,43.6,0.024,-0.0094,False,16.31,16.49,16.40,17.14,14.17,3.00,,21,none,partial,long_put,0.11616,46.47,,,,applied,,,,,,0.0333,499.50,464.70,options,10,464.70,rank track — flat 3.33% risk regardless of score (53.5/100) | superseded 2026-09-08 — a newer qualifying signal (confidence 58.5) replaced this still-unfilled entry order,False,,,,,,,,superseded,2026-09-08,,,,,,time_stop,2026-09-21,16.04,0.0449,2.178,12,1011.94
2026-09-02,JNJ,82.0,bullish,33.0,15.0,11.8,10.5,6.7,40.0,15.0,15.0,trending_up,15.2,63.3,0.528,0.0193,True,273.80,276.62,275.21,267.61,298.00,3.00,,73,ai_demand,complete,long_strangle,0.19821,211.69,,,,not_implemented_no_options_chain_data,,,,,,0.0333,499.50,423.38,options,2,423.38,rank track — flat 3.33% risk regardless of score (82.0/100) | superseded 2026-09-03 — a newer qualifying signal (confidence 79.0) replaced this still-unfilled entry order,True,patient death,,,,,,,superseded,2026-09-03,,,,,,loss,2026-09-08,267.61,-0.0350,-1.000,3,-423.38
2026-09-02,MRK,72.2,bullish,35.1,10.3,9.9,9.8,2.0,40.0,15.0,15.0,trending_up,15.2,65.7,2.613,-0.0095,True,155.89,157.95,156.92,151.51,173.16,3.00,,78,earnings_expectations,complete,long_strangle,0.32273,120.70,,,,not_implemented_no_options_chain_data,,,,,,0.0333,499.50,482.80,options,4,482.80,rank track — flat 3.33% risk regardless of score (72.2/100) | superseded 2026-09-03 — a newer qualifying signal (confidence 66.5) replaced this still-unfilled entry order,True,patient death,,,,,,,superseded,2026-09-03,,,,,,loss,2026-09-03,151.51,-0.0026,-1.000,1,-482.80
2026-09-02,ORLY,60.2,bearish,33.5,12.2,9.0,4.4,-4.0,40.0,15.0,15.0,trending_down,15.2,40.4,-0.893,-0.0288,False,86.46,87.48,86.97,89.54,79.26,3.00,3.99,25,ai_demand,complete,long_put,0.06577,246.43,,,,applied,,,,,,0.0333,499.50,492.86,options,2,492.86,rank track — flat 3.33% risk regardless of score (60.2/100),True,guidance cut,2026-09-03,87.48,,,,,time_stop,2026-09-17,84.88,0.0297,1.262,10,622.06,,,,,,,
2026-09-02,HD,57.3,bearish,33.8,6.3,12.5,4.6,-4.9,40.0,15.0,15.0,trending_down,15.2,34.4,-1.594,-0.0488,False,316.61,320.41,318.51,329.51,285.52,3.00,2.89,63,ai_demand,complete,long_strangle,0.31430,245.00,,,,not_implemented_no_options_chain_data,,,,,,0.0333,499.50,490.00,options,2,490.00,rank track — flat 3.33% risk regardless of score (57.3/100),True,guidance cut,2026-09-03,318.21,,,,,time_stop,2026-09-24,292.18,0.0818,2.304,15,1128.73,,,,,,,
2026-09-03,MU,56.5,bullish,27.5,13.1,11.3,9.0,8.7,40.0,15.0,15.0,trending_down,14.3,53.5,0.461,0.0243,False,1022.51,1049.75,1036.13,954.58,1280.77,3.00,,186,memory_cycle,complete,long_strangle,4.19812,393.01,,,,not_implemented_no_options_chain_data,,,,,,0.0333,499.50,393.01,options,1,393.01,rank track — flat 3.33% risk regardless of score (56.5/100) | superseded 2026-09-04 — a newer qualifying signal (confidence 66.0) replaced this still-unfilled entry order,True,tariff,,,,,,,superseded,2026-09-04,,,,,,loss,2026-09-14,906.03,-0.0672,-3.897,6,-1531.47
2026-09-03,TXN,48.9,bearish,28.1,14.8,4.2,4.7,-6.0,40.0,15.0,15.0,trending_down,14.3,37.0,-0.382,-0.0477,False,248.20,252.66,250.43,270.51,190.19,3.00,,58,earnings_expectations,complete,long_strangle,1.87891,159.20,,,,not_implemented_no_options_chain_data,,,,,,0.0333,499.50,477.60,options,3,477.60,rank track — flat 3.33% risk regardless of score (48.9/100) | superseded 2026-09-10 — a newer qualifying signal (confidence 49.7) replaced this still-unfilled entry order,True,tariff,,,,,,,superseded,2026-09-10,,,,,,loss,2026-09-11,270.51,-0.0544,-1.000,5,-477.60
2026-09-03,TFC,62.5,bullish,31.1,14.0,6.0,10.5,6.0,40.0,15.0,15.0,trending_down,14.3,54.6,0.967,0.0260,True,53.28,53.78,53.53,51.32,60.15,3.00,,103,ai_demand,partial,long_strangle,0.10998,84.37,,,,applied,,,,,,0.0333,499.50,421.85,options,5,421.85,rank track — flat 3.33% risk regardless of score (62.5/100) | superseded 2026-09-04 — a newer qualifying signal (confidence 54.9) replaced this still-unfilled entry order,False,,,,,,,,superseded,2026-09-04,,,,,,loss,2026-09-08,51.32,-0.0006,-1.000,2,-421.85
2026-09-03,UMBF,56.3,bullish,22.4,15.0,7.5,10.8,5.5,40.0,15.0,15.0,trending_down,14.3,47.8,-0.004,-0.0076,False,152.53,154.11,153.32,146.21,174.65,3.00,,28,ai_demand,partial,long_butterfly_call,0.14153,165.49,,,,applied,,,,,,0.0333,499.50,496.47,options,3,496.47,rank track — flat 3.33% risk regardless of score (56.3/100) | superseded 2026-09-04 — a newer qualifying signal (confidence 56.8) replaced this still-unfilled entry order,False,,,,,,,,superseded,2026-09-04,,,,,,no_entry,,,,,,
2026-09-03,JNJ,79.0,bullish,31.9,14.1,9.0,12.3,6.7,40.0,15.0,15.0,trending_up,14.3,65.9,1.028,0.0476,True,279.66,282.48,281.07,268.36,319.19,3.00,,79,ai_demand,complete,long_strangle,0.76549,178.68,,,,not_implemented_no_options_chain_data,,,,,,0.0333,499.50,357.36,options,2,357.36,rank track — flat 3.33% risk regardless of score (79.0/100) | superseded 2026-09-04 — a newer qualifying signal (confidence 70.7) replaced this still-unfilled entry order,False,,,,,,,,superseded,2026-09-04,,,,,,loss,2026-09-08,268.36,-0.0246,-1.000,2,-357.36
2026-09-03,MRK,66.5,bullish,34.9,9.7,6.0,9.0,2.0,40.0,15.0,15.0,trending_up,14.3,66.4,2.550,0.0187,True,155.89,157.95,156.92,151.51,173.16,3.00,,89,earnings_expectations,complete,long_strangle,0.44734,99.75,,,,not_implemented_no_options_chain_data,,,,,,0.0333,499.50,498.75,options,5,498.75,rank track — flat 3.33% risk regardless of score (66.5/100),False,,,,,,,,expired,2026-09-11,,,,5,,no_entry,,,,,,
2026-09-03,AMZN,59.0,bullish,23.1,14.5,12.0,9.1,5.3,40.0,15.0,15.0,trending_down,14.3,49.9,-0.595,0.0103,True,278.45,281.83,280.14,264.93,325.76,3.00,,266,ai_demand,complete,long_strangle,2.40039,106.26,,,,not_implemented_no_options_chain_data,,,,,,0.0333,499.50,425.04,options,4,425.04,rank track — flat 3.33% risk regardless of score (59.0/100) | superseded 2026-09-04 — a newer qualifying signal (confidence 49.7) replaced this still-unfilled entry order,True,guidance cut,,,,,,,superseded,2026-09-04,,,,,,no_entry,,,,,,
2026-09-03,TGT,58.7,bullish,30.5,11.0,11.2,3.6,7.3,40.0,15.0,15.0,trending_down,14.3,63.1,1.036,-0.0116,True,169.61,171.89,170.75,163.88,191.37,3.00,,68,none,complete,long_strangle,0.60071,108.55,,,,not_implemented_no_options_chain_data,,,,,,0.0333,499.50,434.20,options,4,434.20,rank track — flat 3.33% risk regardless of score (58.7/100) | superseded 2026-09-04 — a newer qualifying signal (confidence 53.0) replaced this still-unfilled entry order,True,guidance cut,,,,,,,superseded,2026-09-04,,,,,,no_entry,,,,,,
2026-09-04,MU,66.0,bullish,32.5,15.0,12.3,10.5,8.7,40.0,15.0,15.0,choppy,14.5,60.1,0.951,0.0898,True,1022.42,1049.84,1036.13,967.58,1241.78,3.00,,216,memory_cycle,complete,long_strangle,5.83148,271.15,,,,not_implemented_no_options_chain_data,,,,,,0.0333,499.50,271.15,options,1,271.15,rank track — flat 3.33% risk regardless of score (66.0/100) | superseded 2026-09-07 — a newer qualifying signal (confidence 54.4) replaced this still-unfilled entry order,True,tariff,,,,,,,superseded,2026-09-07,,,,,,loss,2026-09-11,967.58,-0.0664,-1.000,4,-271.15
2026-09-04,TSM,58.3,bullish,30.5,15.0,12.8,9.3,8.7,40.0,15.0,15.0,choppy,14.5,56.8,1.243,0.0273,False,433.17,438.91,436.04,421.69,479.10,3.00,2.52,47,ai_demand,complete,long_strangle,0.59430,220.21,,,,not_implemented_no_options_chain_data,,,,,,0.0333,499.50,440.42,options,2,440.42,rank track — flat 3.33% risk regardless of score (58.3/100),True,tariff,2026-09-08,438.02,,,,,loss,2026-09-14,416.01,-0.0502,-1.348,5,-593.61,,,,,,,
2026-09-04,UMBF,56.8,bullish,21.2,15.0,6.2,12.0,7.3,40.0,15.0,15.0,trending_down,14.5,48.6,-0.462,-0.0057,False,152.56,154.08,153.32,146.48,173.83,3.00,,29,ai_demand,partial,long_butterfly_call,0.12723,185.85,,,,applied,,,,,,0.0333,499.50,371.70,options,2,371.70,rank track — flat 3.33% risk regardless of score (56.8/100) | superseded 2026-09-07 — a newer qualifying signal (confidence 51.6) replaced this still-unfilled entry order,False,,,,,,,,superseded,2026-09-07,,,,,,no_entry,,,,,,
2026-09-04,TFC,54.9,bullish,27.3,14.0,4.8,7.9,6.0,40.0,15.0,15.0,trending_down,14.5,54.8,0.771,0.0242,False,53.29,53.77,53.53,51.41,59.90,3.00,,100,ai_demand,partial,long_strangle,0.12124,77.27,,,,applied,,,,,,0.0333,499.50,463.62,options,6,463.62,rank track — flat 3.33% risk regardless of score (54.9/100),False,,,,,,,,expired,2026-09-14,,,,5,,no_entry,,,,,,
2026-09-04,JNJ,70.7,bullish,29.7,13.9,4.7,11.1,6.4,40.0,15.0,15.0,trending_up,14.5,61.2,0.890,0.0268,True,279.69,282.45,281.07,268.68,318.25,3.00,,83,ai_demand,complete,long_strangle,1.07763,141.95,,,,not_implemented_no_options_chain_data,,,,,,0.0333,499.50,425.85,options,3,425.85,rank track — flat 3.33% risk regardless of score (70.7/100) | superseded 2026-09-08 — a newer qualifying signal (confidence 56.8) replaced this still-unfilled entry order,False,,,,,,,,superseded,2026-09-08,,,,,,loss,2026-09-08,268.68,-0.0096,-1.000,1,-425.85
2026-09-04,BMY,70.4,bullish,25.5,13.0,11.3,9.0,6.7,40.0,15.0,15.0,trending_up,14.5,56.6,-0.144,0.0036,True,68.26,69.02,68.64,65.24,78.84,3.00,,67,ai_demand,complete,long_strangle,1.32589,34.67,,,,not_implemented_no_options_chain_data,,,,,,0.0333,499.50,485.38,options,14,485.38,rank track — flat 3.33% risk regardless of score (70.4/100) | superseded 2026-09-08 — a newer qualifying signal (confidence 58.6) replaced this still-unfilled entry order,False,,,,,,,,superseded,2026-09-08,,,,,,loss,2026-09-08,65.24,-0.0064,-1.000,1,-485.38
2026-09-04,TGT,53.0,bullish,31.8,14.7,10.0,4.5,7.0,40.0,15.0,15.0,trending_down,14.5,63.6,1.242,0.0077,True,169.66,171.84,170.75,163.88,191.37,3.00,,75,none,complete,long_strangle,0.88578,86.23,,,,applied,,,,,,0.0333,499.50,431.15,options,5,431.15,rank track — flat 3.33% risk regardless of score (53.0/100) | superseded 2026-09-07 — a newer qualifying signal (confidence 48.1) replaced this still-unfilled entry order,True,guidance cut,,,,,,,superseded,2026-09-07,,,,,,loss,2026-09-08,163.88,-0.0012,-1.000,1,-431.15
2026-09-04,AMZN,49.7,bullish,24.6,12.9,11.0,11.1,5.1,40.0,15.0,15.0,trending_down,14.5,49.5,-0.336,-0.0297,True,278.47,281.81,280.14,265.08,325.31,3.00,,266,ai_demand,complete,long_strangle,4.17797,73.31,,,,not_implemented_no_options_chain_data,,,,,,0.0333,499.50,439.86,options,6,439.86,rank track — flat 3.33% risk regardless of score (49.7/100) | superseded 2026-09-11 — a newer qualifying signal (confidence 45.0) replaced this still-unfilled entry order,True,guidance cut,,,,,,,superseded,2026-09-11,,,,,,no_entry,,,,,,
2026-09-07,MU,54.4,bullish,32.5,9.7,9.7,7.8,7.6,40.0,15.0,15.0,choppy,15.3,60.1,0.951,0.0898,True,1022.42,1049.84,1036.13,967.58,1241.78,3.00,,242,memory_cycle,complete,long_stock,0.17800,68.55,,,,applied,,,,,,0.0333,499.50,274.20,shares,4,4144.52,rank track — flat 3.33% risk regardless of score (54.4/100) | superseded 2026-09-08 — a newer qualifying signal (confidence 76.6) replaced this still-unfilled entry order,True,tariff,,,,,,,superseded,2026-09-08,,,,,,loss,2026-09-11,967.58,-0.0664,-1.000,4,-274.20
2026-09-07,ADI,51.4,bearish,32.9,7.5,10.2,6.2,-6.4,40.0,15.0,15.0,choppy,15.3,43.3,-0.333,0.0043,False,345.19,350.81,348.00,362.86,303.42,3.00,,44,none,complete,diagonal_put,0.11596,174.00,,,,applied,,,,,,0.0333,499.50,348.00,options,2,348.00,rank track — flat 3.33% risk regardless of score (51.4/100) | superseded 2026-09-11 — a newer qualifying signal (confidence 67.5) replaced this still-unfilled entry order,True,tariff,,,,,,,superseded,2026-09-11,,,,,,no_entry,,,,,,
2026-09-07,UMBF,51.6,bullish,21.2,10.5,7.5,10.1,7.3,40.0,15.0,15.0,trending_down,15.3,48.6,-0.462,-0.0057,False,152.56,154.08,153.32,146.48,173.83,3.00,,27,ai_demand,partial,bull_call_spread,0.16815,362.53,,,,applied,,,,,,0.0333,499.50,362.53,options,1,362.53,rank track — flat 3.33% risk regardless of score (51.6/100) | superseded 2026-09-11 — a newer qualifying signal (confidence 53.7) replaced this still-unfilled entry order,False,,,,,,,,superseded,2026-09-11,,,,,,no_entry,,,,,,
2026-09-07,ONB,51.5,bearish,29.9,10.9,6.0,5.0,-5.2,40.0,15.0,15.0,trending_down,15.3,51.7,-0.342,0.0130,False,24.83,25.07,24.95,25.99,21.82,3.00,,23,none,partial,long_strangle,0.18664,33.86,,,,applied,,,,,,0.0333,499.50,474.04,options,14,474.04,rank track — flat 3.33% risk regardless of score (51.5/100) | superseded 2026-09-09 — a newer qualifying signal (confidence 57.0) replaced this still-unfilled entry order,False,,,,,,,,superseded,2026-09-09,,,,,,loss,2026-09-08,25.99,-0.0019,-1.000,1,-474.04
2026-09-07,ABBV,62.8,bullish,29.6,12.7,4.2,7.5,3.7,40.0,15.0,15.0,trending_up,15.3,50.3,-0.148,0.0038,True,265.55,268.39,266.97,255.36,301.80,3.00,,71,earnings_expectations,complete,diagonal_call,0.11924,133.49,,,,applied,,,,,,0.0333,499.50,400.47,options,3,400.47,rank track — flat 3.33% risk regardless of score (62.8/100) | superseded 2026-09-10 — a newer qualifying signal (confidence 59.6) replaced this still-unfilled entry order,False,,,,,,,,superseded,2026-09-10,,,,,,no_entry,,,,,,
2026-09-07,VRTX,62.8,bullish,31.0,10.6,9.0,3.1,4.1,40.0,15.0,15.0,trending_up,15.3,59.4,0.747,0.0082,True,556.99,563.51,560.25,543.95,609.15,3.00,,38,none,complete,diagonal_call,0.03024,492.79,,,,applied,,,,,,0.0333,499.50,492.79,options,1,492.79,rank track — flat 3.33% risk regardless of score (62.8/100),False,,,,,,,,expired,2026-09-14,,,,5,,no_entry,,,,,,
2026-09-07,TGT,48.1,bullish,31.8,12.1,8.8,4.5,6.0,40.0,15.0,15.0,trending_down,15.3,63.6,1.242,0.0077,True,169.66,171.84,170.75,163.88,191.37,3.00,,79,none,complete,long_call,0.18572,403.75,,,,applied,,,,,,0.0333,499.50,403.75,options,1,403.75,rank track — flat 3.33% risk regardless of score (48.1/100) | superseded 2026-09-08 — a newer qualifying signal (confidence 52.5) replaced this still-unfilled entry order,True,guidance cut,,,,,,,superseded,2026-09-08,,,,,,loss,2026-09-08,163.88,-0.0012,-1.000,1,-403.75
2026-09-07,LOW,48.1,bearish,31.8,9.5,6.2,3.3,-7.7,40.0,15.0,15.0,trending_down,15.3,41.4,-0.963,-0.0173,False,198.08,200.60,199.34,210.67,165.35,3.00,3.25,46,earnings_expectations,complete,long_put,0.28384,468.57,,,,applied,,,,,,0.0333,499.50,468.57,options,1,468.57,rank track — flat 3.33% risk regardless of score (48.1/100),True,guidance cut,2026-09-09,200.00,,,,,time_stop,2026-09-22,193.84,0.0308,0.577,10,270.51,,,,,,,
2026-09-08,MU,76.6,bullish,33.6,9.7,8.4,9.2,8.7,40.0,15.0,15.0,trending_up,15.7,57.7,0.712,0.0433,True,1022.62,1049.64,1036.13,968.60,1238.73,3.00,,266,memory_cycle,complete,long_stock,0.21607,67.53,,,,applied,,,,,,0.0333,499.50,270.12,shares,4,4144.52,rank track — flat 3.33% risk regardless of score (76.6/100) | superseded 2026-09-09 — a newer qualifying signal (confidence 73.8) replaced this still-unfilled entry order,True,tariff,,,,,,,superseded,2026-09-09,,,,,,loss,2026-09-11,968.60,-0.0302,-1.000,3,-270.12
2026-09-08,AVGO,67.7,bullish,20.9,13.2,12.0,10.1,4.5,40.0,15.0,15.0,trending_up,15.7,45.3,-0.847,-0.0048,False,429.44,436.02,432.73,403.13,521.52,3.00,,273,ai_demand,complete,diagonal_call,0.14421,327.08,,,,applied,,,,,,0.0333,499.50,327.08,options,1,327.08,rank track — flat 3.33% risk regardless of score (67.7/100),True,tariff,,,,,,,expired,2026-09-15,,,,5,,no_entry,,,,,,
2026-09-08,HBAN,58.5,bearish,33.7,11.4,6.6,5.0,-3.3,40.0,15.0,15.0,trending_down,15.7,42.0,-0.671,0.0042,False,16.32,16.48,16.40,17.06,14.43,3.00,3.53,21,none,partial,long_strangle,0.31487,14.83,,,,applied,,,,,,0.0333,499.50,489.39,options,33,489.39,rank track — flat 3.33% risk regardless of score (58.5/100),False,,2026-09-10,16.48,,,,,time_stop,2026-09-29,15.27,0.0734,2.086,15,1020.97,,,,,,,
2026-09-08,MTB,58.0,bearish,36.0,9.1,9.0,4.5,-5.5,40.0,15.0,15.0,trending_down,15.7,45.8,-1.654,0.0258,False,230.21,232.33,231.27,238.71,208.95,3.00,,29,none,partial,long_strangle,0.19928,209.11,,,,applied,,,,,,0.0333,499.50,418.22,options,2,418.22,rank track — flat 3.33% risk regardless of score (58.0/100) | superseded 2026-09-09 — a newer qualifying signal (confidence 57.7) replaced this still-unfilled entry order,False,,,,,,,,superseded,2026-09-09,,,,,,loss,2026-09-10,238.71,-0.0091,-1.000,2,-418.22
2026-09-08,BMY,58.6,bullish,27.9,10.8,8.0,10.9,6.1,40.0,15.0,15.0,trending_down,15.7,46.7,-0.038,-0.0317,True,68.25,69.03,68.64,65.09,79.28,3.00,,58,ai_demand,complete,long_call,0.27531,163.99,,,,applied,,,,,,0.0333,499.50,491.97,options,3,491.97,rank track — flat 3.33% risk regardless of score (58.6/100) | superseded 2026-09-09 — a newer qualifying signal (confidence 67.1) replaced this still-unfilled entry order,False,,,,,,,,superseded,2026-09-09,,,,,,no_entry,,,,,,
2026-09-08,JNJ,56.8,bullish,33.1,11.7,5.8,4.6,6.7,40.0,15.0,15.0,trending_down,15.7,53.4,1.174,0.0123,True,279.64,282.50,281.07,268.22,319.62,3.00,,81,none,complete,diagonal_call,0.12914,140.54,,,,applied,,,,,,0.0333,499.50,421.62,options,3,421.62,rank track — flat 3.33% risk regardless of score (56.8/100) | superseded 2026-09-10 — a newer qualifying signal (confidence 62.5) replaced this still-unfilled entry order,False,,,,,,,,superseded,2026-09-10,,,,,,loss,2026-09-09,268.22,-0.0011,-1.000,1,-421.62
2026-09-08,BKNG,56.6,bearish,35.2,8.7,10.0,5.0,-7.3,40.0,15.0,15.0,trending_down,15.7,32.8,-3.542,-0.0944,False,178.57,182.03,180.30,195.85,133.64,3.00,,42,none,complete,long_strangle,1.14270,163.02,,,,applied,,,,,,0.0333,499.50,489.06,options,3,489.06,rank track — flat 3.33% risk regardless of score (56.6/100) | superseded 2026-09-09 — a newer qualifying signal (confidence 51.6) replaced this still-unfilled entry order,True,guidance cut,,,,,,,superseded,2026-09-09,,,,,,time_stop,2026-09-22,164.22,0.0666,0.589,10,288.08
2026-09-08,TGT,52.5,bullish,30.3,11.8,10.2,9.3,6.0,40.0,15.0,15.0,trending_down,15.7,60.0,0.750,0.0114,True,169.66,171.84,170.75,162.40,195.79,3.00,,75,ai_demand,complete,long_call,0.24887,416.28,,,,applied,,,,,,0.0333,499.50,416.28,options,1,416.28,rank track — flat 3.33% risk regardless of score (52.5/100) | superseded 2026-09-10 — a newer qualifying signal (confidence 37.2) replaced this still-unfilled entry order,True,guidance cut,,,,,,,superseded,2026-09-10,,,,,,no_entry,,,,,,
2026-09-09,MU,73.8,bullish,31.5,9.4,6.6,10.5,8.7,40.0,15.0,15.0,trending_up,16.5,60.6,0.914,0.1011,True,1027.63,1054.51,1041.07,973.89,1242.62,3.00,,268,memory_cycle,complete,long_stock,0.25928,67.18,,,,applied,,,,,,0.0333,499.50,268.72,shares,4,4164.28,rank track — flat 3.33% risk regardless of score (73.8/100) | superseded 2026-09-10 — a newer qualifying signal (confidence 55.3) replaced this still-unfilled entry order,True,tariff,,,,,,,superseded,2026-09-10,,,,,,loss,2026-09-10,973.89,-0.0232,-1.000,1,-268.72
2026-09-09,AMD,64.0,bullish,31.5,8.5,4.2,9.5,3.3,40.0,15.0,15.0,trending_up,16.5,60.4,1.130,0.1338,False,515.29,526.90,521.10,468.85,677.82,3.00,3.50,219,ai_demand,complete,diagonal_call,0.27055,338.40,,,,applied,,,,,,0.0333,499.50,338.40,options,1,338.40,rank track — flat 3.33% risk regardless of score (64.0/100),True,tariff,2026-09-10,515.29,,,,,time_stop,2026-09-30,611.76,0.1872,2.077,15,702.96,,,,,,,
2026-09-09,MTB,57.7,bearish,33.9,11.5,9.0,3.6,-5.2,40.0,15.0,15.0,trending_down,16.5,45.2,-0.912,0.0258,False,230.23,232.31,231.27,238.71,208.95,3.00,,28,ai_demand,partial,long_strangle,0.27046,177.90,,,,applied,,,,,,0.0333,499.50,355.80,options,2,355.80,rank track — flat 3.33% risk regardless of score (57.7/100) | superseded 2026-09-10 — a newer qualifying signal (confidence 54.6) replaced this still-unfilled entry order,False,,,,,,,,superseded,2026-09-10,,,,,,loss,2026-09-10,238.71,-0.0030,-1.000,1,-355.80
2026-09-09,ONB,57.0,bearish,33.8,11.9,6.0,5.0,-4.7,40.0,15.0,15.0,trending_down,16.5,42.5,-0.663,0.0148,False,24.83,25.07,24.95,25.55,23.14,3.00,,23,none,partial,long_strangle,0.11540,21.87,,,,applied,,,,,,0.0333,499.50,481.14,options,22,481.14,rank track — flat 3.33% risk regardless of score (57.0/100) | superseded 2026-09-10 — a newer qualifying signal (confidence 54.9) replaced this still-unfilled entry order,False,,,,,,,,superseded,2026-09-10,,,,,,loss,2026-09-10,25.55,-0.0055,-1.000,1,-481.14
2026-09-09,BMY,67.1,bullish,27.6,11.4,14.2,13.1,5.8,40.0,15.0,15.0,trending_down,16.5,45.5,0.196,-0.0375,True,68.26,69.02,68.64,65.22,78.89,3.00,,63,ai_demand,complete,long_call,0.34911,144.66,,,,applied,,,,,,0.0333,499.50,433.98,options,3,433.98,rank track — flat 3.33% risk regardless of score (67.1/100),False,,,,,,,,expired,2026-09-16,,,,5,,no_entry,,,,,,
2026-09-09,TMO,64.3,bullish,27.6,13.5,10.8,12.2,5.2,40.0,15.0,15.0,trending_down,16.5,52.9,-0.896,0.0086,True,643.04,650.96,647.00,611.35,753.95,3.00,3.50,57,ai_demand,complete,long_butterfly_call,0.68250,323.50,,,,applied,,,,,,0.0333,499.50,323.50,options,1,323.50,rank track — flat 3.33% risk regardless of score (64.3/100),False,,2026-09-16,643.04,,,,,time_stop,2026-09-30,675.05,0.0498,1.010,11,326.77,,,,,,,
2026-09-09,SBUX,52.5,bearish,26.9,6.2,12.0,4.5,-2.0,40.0,15.0,15.0,trending_down,16.5,34.7,-0.504,-0.0576,False,99.42,100.66,100.04,103.14,90.75,3.00,,63,none,complete,long_put,0.22035,181.13,,,,applied,,,,,,0.0333,499.50,362.26,options,2,362.26,rank track — flat 3.33% risk regardless of score (52.5/100) | superseded 2026-09-10 — a newer qualifying signal (confidence 58.6) replaced this still-unfilled entry order,True,boycott,,,,,,,superseded,2026-09-10,,,,,,time_stop,2026-09-30,93.96,0.0639,2.314,15,838.30
2026-09-09,BKNG,51.6,bearish,31.8,11.0,4.8,6.3,-7.3,40.0,15.0,15.0,trending_down,16.5,29.2,-3.551,-0.1138,False,171.64,175.22,173.43,189.51,125.19,3.00,2.68,38,none,complete,long_butterfly_call,0.63925,86.72,,,,applied,,,,,,0.0333,499.50,433.60,options,5,433.60,rank track — flat 3.33% risk regardless of score (51.6/100),True,boycott,2026-09-10,172.04,,,,,time_stop,2026-09-25,163.95,0.0447,0.429,12,186.09,,,,,,,
2026-09-10,MU,55.3,bullish,32.7,11.4,6.2,9.4,8.7,40.0,15.0,15.0,trending_down,17.9,53.3,0.424,0.0223,True,1028.95,1055.85,1042.40,974.51,1246.07,3.00,,264,memory_cycle,complete,long_stock,0.20770,67.89,,,,applied,,,,,,0.0333,499.50,271.56,shares,4,4169.60,rank track — flat 3.33% risk regardless of score (55.3/100) | superseded 2026-09-11 — a newer qualifying signal (confidence 66.6) replaced this still-unfilled entry order,True,tariff,,,,,,,superseded,2026-09-11,,,,,,loss,2026-09-11,974.51,-0.0188,-1.000,1,-271.56
2026-09-10,TXN,49.7,bearish,26.4,11.6,10.2,3.8,-5.3,40.0,15.0,15.0,trending_down,17.9,42.6,0.114,0.0158,False,246.07,250.19,248.13,266.64,192.60,3.00,,51,ai_demand,complete,diagonal_put,0.23823,124.06,,,,applied,,,,,,0.0333,499.50,496.24,options,4,496.24,rank track — flat 3.33% risk regardless of score (49.7/100) | superseded 2026-09-14 — a newer qualifying signal (confidence 51.5) replaced this still-unfilled entry order,True,tariff,,,,,,,superseded,2026-09-14,,,,,,loss,2026-09-11,266.64,-0.0130,-1.000,1,-496.24
2026-09-10,ONB,54.9,bearish,33.6,10.0,6.0,5.0,-4.7,40.0,15.0,15.0,trending_down,17.9,45.8,-0.592,0.0037,False,24.83,25.07,24.95,25.68,22.75,3.00,,23,none,partial,long_strangle,0.46899,11.14,,,,applied,,,,,,0.0333,499.50,490.16,options,44,490.16,rank track — flat 3.33% risk regardless of score (54.9/100) | superseded 2026-09-11 — a newer qualifying signal (confidence 53.2) replaced this still-unfilled entry order,False,,,,,,,,superseded,2026-09-11,,,,,,no_entry,,,,,,
2026-09-10,MTB,54.6,bearish,34.2,8.5,9.0,3.2,-5.3,40.0,15.0,15.0,trending_down,17.9,47.1,-0.829,0.0150,False,230.25,232.29,231.27,239.90,205.37,3.00,,26,ai_demand,partial,long_strangle,0.51689,147.02,,,,applied,,,,,,0.0333,499.50,441.06,options,3,441.06,rank track — flat 3.33% risk regardless of score (54.6/100) | superseded 2026-09-14 — a newer qualifying signal (confidence 62.5) replaced this still-unfilled entry order,False,,,,,,,,superseded,2026-09-14,,,,,,no_entry,,,,,,
2026-09-10,JNJ,62.5,bullish,31.6,12.4,9.8,8.2,5.3,40.0,15.0,15.0,trending_down,17.9,50.1,1.161,-0.0322,True,279.68,282.46,281.07,268.59,318.50,3.00,,84,china_export,complete,bull_call_spread,0.36660,483.16,,,,applied,,,,,,0.0333,499.50,483.16,options,1,483.16,rank track — flat 3.33% risk regardless of score (62.5/100) | superseded 2026-09-11 — a newer qualifying signal (confidence 62.7) replaced this still-unfilled entry order,False,,,,,,,,superseded,2026-09-11,,,,,,no_entry,,,,,,
2026-09-10,ABBV,59.6,bullish,29.1,9.4,11.5,10.7,4.0,40.0,15.0,15.0,trending_down,17.9,49.6,0.562,-0.0257,True,265.53,268.41,266.97,254.16,305.41,3.00,,83,ai_demand,complete,long_strangle,0.83305,169.71,,,,applied,,,,,,0.0333,499.50,339.42,options,2,339.42,rank track — flat 3.33% risk regardless of score (59.6/100) | superseded 2026-09-11 — a newer qualifying signal (confidence 60.4) replaced this still-unfilled entry order,False,,,,,,,,superseded,2026-09-11,,,,,,no_entry,,,,,,
2026-09-10,SBUX,58.6,bearish,30.0,8.4,12.5,4.6,-2.0,40.0,15.0,15.0,trending_down,17.9,33.0,-1.196,-0.0703,False,98.59,99.85,99.22,102.55,89.24,3.00,,49,ai_demand,complete,bear_put_spread,0.27230,173.71,,,,applied,,,,,,0.0333,499.50,347.42,options,2,347.42,rank track — flat 3.33% risk regardless of score (58.6/100) | superseded 2026-09-11 — a newer qualifying signal (confidence 54.5) replaced this still-unfilled entry order,True,boycott,,,,,,,superseded,2026-09-11,,,,,,time_stop,2026-10-01,94.88,0.0538,2.379,15,826.46
2026-09-10,TGT,37.2,bullish,25.4,9.9,3.0,8.0,6.0,40.0,15.0,15.0,trending_down,17.9,48.1,-0.589,-0.0467,True,169.66,171.84,170.75,160.91,200.28,3.00,,74,ai_demand,complete,bull_call_spread,0.31056,328.03,,,,applied,,,,,,0.0333,499.50,328.03,options,1,328.03,rank track — flat 3.33% risk regardless of score (37.2/100) | superseded 2026-09-14 — a newer qualifying signal (confidence 45.3) replaced this still-unfilled entry order,True,boycott,,,,,,,superseded,2026-09-14,,,,,,no_entry,,,,,,
2026-09-11,ADI,67.5,bullish,29.1,13.9,9.0,8.2,7.3,40.0,15.0,15.0,choppy,15.9,56.6,1.025,0.0625,False,392.96,398.52,395.74,378.71,446.84,3.00,,52,ai_demand,complete,diagonal_call,0.08762,274.55,,,,applied,,,,,,0.0333,499.50,274.55,options,1,274.55,rank track — flat 3.33% risk regardless of score (67.5/100),True,tariff,,,,,,,expired,2026-09-18,,,,5,,no_entry,,,,,,
2026-09-11,MU,66.6,bullish,30.8,9.5,8.6,9.0,8.7,40.0,15.0,15.0,choppy,15.9,53.0,0.062,0.0178,True,1029.44,1055.36,1042.40,974.51,1246.07,3.00,,262,memory_cycle,complete,long_stock,0.25472,67.89,,,,applied,,,,,,0.0333,499.50,271.56,shares,4,4169.60,rank track — flat 3.33% risk regardless of score (66.6/100),True,tariff,,,,,,,expired,2026-09-18,,,,5,,no_entry,,,,,,
2026-09-11,UMBF,53.7,bearish,36.0,9.1,7.5,3.5,-7.3,40.0,15.0,15.0,trending_down,15.9,40.7,-1.528,-0.0241,False,136.36,137.79,137.07,140.65,126.33,3.00,4.01,24,ai_demand,partial,long_strangle,0.35980,69.23,,,,applied,,,,,,0.0333,499.50,484.61,options,7,484.61,rank track — flat 3.33% risk regardless of score (53.7/100),False,,2026-09-15,137.79,129.79,2026-10-01,2.797,1355.55,,,,,,,,,,,,,,
2026-09-11,ONB,53.2,bearish,32.2,10.5,6.0,4.2,-4.7,40.0,15.0,15.0,trending_down,15.9,46.8,-0.069,-0.0068,False,24.83,25.07,24.95,25.68,22.75,3.00,3.80,23,none,partial,long_strangle,0.70662,8.63,,,,applied,,,,,,0.0333,499.50,491.91,options,57,491.91,rank track — flat 3.33% risk regardless of score (53.2/100),False,,2026-09-16,25.07,,,,,loss,2026-09-16,25.85,-0.0311,-1.279,1,-629.00,,,,,,,
2026-09-11,JNJ,62.7,bullish,28.4,12.7,10.8,10.8,5.1,40.0,15.0,15.0,trending_down,15.9,49.2,0.916,-0.0462,True,279.69,282.45,281.07,268.66,318.30,3.00,,90,ai_demand,complete,bull_call_spread,0.42615,474.92,,,,applied,,,,,,0.0333,499.50,474.92,options,1,474.92,rank track — flat 3.33% risk regardless of score (62.7/100) | superseded 2026-09-14 — a newer qualifying signal (confidence 62.6) replaced this still-unfilled entry order,False,,,,,,,,superseded,2026-09-14,,,,,,loss,2026-09-14,268.66,-0.0086,-1.000,1,-474.92
2026-09-11,ABBV,60.4,bullish,30.7,9.5,12.0,9.3,4.0,40.0,15.0,15.0,trending_down,15.9,52.0,0.576,-0.0119,True,265.53,268.41,266.97,256.56,298.19,3.00,,74,ai_demand,complete,long_strangle,0.83459,134.83,,,,applied,,,,,,0.0333,499.50,404.49,options,3,404.49,rank track — flat 3.33% risk regardless of score (60.4/100) | superseded 2026-09-14 — a newer qualifying signal (confidence 61.4) replaced this still-unfilled entry order,False,,,,,,,,superseded,2026-09-14,,,,,,time_stop,2026-09-25,264.34,0.0102,0.523,10,211.35
2026-09-11,SBUX,54.5,bearish,28.7,11.0,4.2,7.6,-1.9,40.0,15.0,15.0,trending_down,15.9,32.1,-1.448,-0.0669,False,98.12,99.36,98.74,102.55,87.32,3.00,3.05,102,ai_demand,complete,long_put,0.37609,179.39,,,,applied,,,,,,0.0333,499.50,358.78,options,2,358.78,rank track — flat 3.33% risk regardless of score (54.5/100),False,,2026-09-14,98.79,,,,,time_stop,2026-09-29,95.43,0.0340,0.894,12,320.61,,,,,,,
2026-09-11,AMZN,45.0,bullish,25.1,12.2,6.4,11.2,5.1,40.0,15.0,15.0,trending_down,15.9,48.9,0.070,-0.0082,True,268.02,271.14,269.58,255.58,311.59,3.00,,269,ai_demand,complete,bull_call_spread,0.76415,374.62,,,,applied,,,,,,0.0333,499.50,374.62,options,1,374.62,rank track — flat 3.33% risk regardless of score (45.0/100),False,,,,,,,,expired,2026-09-18,,,,5,,no_entry,,,,,,
2026-09-14,TXN,51.5,bearish,26.0,14.5,7.8,4.8,-4.7,40.0,15.0,15.0,trending_down,17.1,47.4,0.739,0.0193,False,245.91,250.35,248.13,268.10,188.21,3.00,,53,ai_demand,complete,diagonal_put,0.24020,124.06,,,,applied,,,,,,0.0333,499.50,496.24,options,4,496.24,rank track — flat 3.33% risk regardless of score (51.5/100) | superseded 2026-09-15 — a newer qualifying signal (confidence 51.2) replaced this still-unfilled entry order,True,export ban,,,,,,,superseded,2026-09-15,,,,,,loss,2026-09-18,268.10,-0.0113,-1.000,4,-496.24
2026-09-14,TSM,51.2,bullish,27.2,13.6,10.0,9.0,8.3,40.0,15.0,15.0,trending_down,17.1,47.7,1.732,-0.0254,False,441.39,447.19,444.29,418.16,522.69,3.00,,190,ai_demand,complete,diagonal_call,0.16894,222.14,,,,applied,,,,,,0.0333,499.50,444.28,options,2,444.28,rank track — flat 3.33% risk regardless of score (51.2/100) | superseded 2026-09-17 — a newer qualifying signal (confidence 73.5) replaced this still-unfilled entry order,True,export ban,,,,,,,superseded,2026-09-17,,,,,,loss,2026-09-15,418.16,-0.0063,-1.000,1,-444.28
2026-09-14,MTB,62.5,bearish,32.6,16.1,9.0,5.0,-5.1,40.0,15.0,15.0,trending_down,17.1,45.1,-0.961,-0.0084,False,230.24,232.30,231.27,238.24,210.35,3.00,,22,none,partial,diagonal_put,0.04973,115.64,,,,applied,,,,,,0.0333,499.50,462.56,options,4,462.56,rank track — flat 3.33% risk regardless of score (62.5/100) | superseded 2026-09-15 — a newer qualifying signal (confidence 64.8) replaced this still-unfilled entry order,False,,,,,,,,superseded,2026-09-15,,,,,,no_entry,,,,,,
2026-09-14,RF,57.4,bearish,31.6,13.0,6.0,5.0,-3.2,40.0,15.0,15.0,trending_down,17.1,46.2,-0.457,-0.0128,False,29.11,29.39,29.25,30.09,26.73,3.00,,24,none,partial,diagonal_put,0.04634,14.62,,,,applied,,,,,,0.0333,499.50,497.08,options,34,497.08,rank track — flat 3.33% risk regardless of score (57.4/100) | superseded 2026-09-15 — a newer qualifying signal (confidence 62.1) replaced this still-unfilled entry order,False,,,,,,,,superseded,2026-09-15,,,,,,loss,2026-09-15,30.09,-0.0003,-1.000,1,-497.08
2026-09-14,JNJ,62.6,bullish,29.7,10.2,9.0,10.4,5.3,40.0,15.0,15.0,choppy,17.1,50.2,0.539,-0.0324,True,279.68,282.46,281.07,268.59,318.52,3.00,,108,ai_demand,complete,diagonal_call,0.12229,140.54,,,,applied,,,,,,0.0333,499.50,421.62,options,3,421.62,rank track — flat 3.33% risk regardless of score (62.6/100) | superseded 2026-09-16 — a newer qualifying signal (confidence 59.7) replaced this still-unfilled entry order,False,,,,,,,,superseded,2026-09-16,,,,,,no_entry,,,,,,
2026-09-14,ABBV,61.4,bullish,31.2,11.5,7.2,9.9,3.7,40.0,15.0,15.0,choppy,17.1,57.0,0.645,0.0207,True,265.50,268.44,266.97,259.63,288.98,3.00,,64,ai_demand,complete,diagonal_call,0.06625,133.49,,,,applied,,,,,,0.0333,499.50,400.47,options,3,400.47,rank track — flat 3.33% risk regardless of score (61.4/100) | superseded 2026-09-15 — a newer qualifying signal (confidence 65.7) replaced this still-unfilled entry order,False,,,,,,,,superseded,2026-09-15,,,,,,loss,2026-09-15,259.63,-0.0014,-1.000,1,-400.47
2026-09-14,TGT,45.3,bullish,26.2,8.1,15.0,5.0,6.0,40.0,15.0,15.0,trending_down,17.1,53.0,-0.346,-0.0349,True,169.68,171.82,170.75,161.12,199.63,3.00,,73,none,complete,long_call,0.25406,439.77,,,,applied,,,,,,0.0333,499.50,439.77,options,1,439.77,rank track — flat 3.33% risk regardless of score (45.3/100) | superseded 2026-09-17 — a newer qualifying signal (confidence 48.2) replaced this still-unfilled entry order,False,,,,,,,,superseded,2026-09-17,,,,,,no_entry,,,,,,
2026-09-14,TSLA,42.8,bullish,34.1,6.3,9.5,9.8,-2.0,40.0,15.0,15.0,trending_down,17.1,51.5,1.089,0.0138,True,380.57,387.51,384.04,358.54,460.55,3.00,,255,ai_demand,complete,diagonal_call,0.14680,267.17,,,,applied,,,,,,0.0333,499.50,267.17,options,1,267.17,rank track — flat 3.33% risk regardless of score (42.8/100) | superseded 2026-09-15 — a newer qualifying signal (confidence 42.5) replaced this still-unfilled entry order,False,,,,,,,,superseded,2026-09-15,,,,,,loss,2026-09-15,358.54,-0.0006,-1.000,1,-267.17
2026-09-15,KLAC,64.0,bearish,34.4,12.6,14.0,3.3,-3.3,42.0,17.5,10.5,trending_down,17.2,37.3,-0.603,-0.1109,False,164.82,169.28,167.05,178.20,133.61,3.00,,55,earnings_expectations,complete,diagonal_put,0.16065,101.79,,,,applied,,,,,,0.0333,499.50,407.16,options,4,407.16,rank track — flat 3.33% risk regardless of score (64.0/100) | superseded 2026-09-16 — a newer qualifying signal (confidence 58.1) replaced this still-unfilled entry order,False,,,,,,,,superseded,2026-09-16,,,,,,loss,2026-09-21,179.30,-0.0454,-1.165,4,-474.21
2026-09-15,TXN,51.2,bearish,26.1,12.6,12.0,2.9,-5.3,42.0,17.5,10.5,trending_down,17.2,47.4,0.676,0.0174,False,245.97,250.29,248.13,267.61,189.68,3.00,,55,earnings_expectations,complete,diagonal_put,0.23954,124.06,,,,applied,,,,,,0.0333,499.50,496.24,options,4,496.24,rank track — flat 3.33% risk regardless of score (51.2/100) | superseded 2026-09-16 — a newer qualifying signal (confidence 52.5) replaced this still-unfilled entry order,False,,,,,,,,superseded,2026-09-16,,,,,,loss,2026-09-16,267.61,-0.0013,-1.000,1,-496.24
2026-09-15,MTB,64.8,bearish,35.5,16.1,10.5,3.1,-5.5,42.0,17.5,10.5,trending_down,17.2,41.1,-1.446,-0.0129,False,230.21,232.33,231.27,236.58,215.35,3.00,,22,none,partial,long_butterfly_call,0.04795,315.64,,,,applied,,,,,,0.0333,499.50,315.64,options,1,315.64,rank track — flat 3.33% risk regardless of score (64.8/100) | superseded 2026-09-16 — a newer qualifying signal (confidence 67.8) replaced this still-unfilled entry order,False,,,,,,,,superseded,2026-09-16,,,,,,win,2026-10-01,215.35,0.0794,6.981,12,2203.55
2026-09-15,RF,62.1,bearish,37.1,12.9,7.0,3.1,-3.1,42.0,17.5,10.5,trending_down,17.2,41.6,-1.255,-0.0130,False,29.11,29.39,29.25,29.94,27.17,3.00,4.04,24,none,partial,long_butterfly_call,0.04348,42.15,,,,applied,,,,,,0.0333,499.50,463.65,options,11,463.65,rank track — flat 3.33% risk regardless of score (62.1/100),False,,2026-09-16,29.39,,,,,win,2026-09-24,27.17,0.0755,4.036,7,1871.46,,,,,,,
2026-09-15,ABBV,65.7,bullish,32.9,12.2,12.5,6.6,3.5,42.0,17.5,10.5,choppy,17.2,58.2,0.632,0.0573,True,265.48,268.46,266.97,259.53,289.28,3.00,,76,ai_demand,complete,diagonal_call,0.06977,133.49,,,,applied,,,,,,0.0333,499.50,400.47,options,3,400.47,rank track — flat 3.33% risk regardless of score (65.7/100) | superseded 2026-09-17 — a newer qualifying signal (confidence 60.0) replaced this still-unfilled entry order,False,,,,,,,,superseded,2026-09-17,,,,,,time_stop,2026-09-29,263.29,0.0050,0.528,10,211.63
2026-09-15,PFE,59.6,bullish,28.9,13.1,10.6,6.1,2.9,42.0,17.5,10.5,choppy,17.2,50.9,0.354,-0.0086,True,29.07,29.35,29.21,27.97,32.92,3.00,,76,ai_demand,complete,long_call,0.22405,67.78,,,,applied,,,,,,0.0333,499.50,474.46,options,7,474.46,rank track — flat 3.33% risk regardless of score (59.6/100) | superseded 2026-09-16 — a newer qualifying signal (confidence 59.0) replaced this still-unfilled entry order,False,,,,,,,,superseded,2026-09-16,,,,,,no_entry,,,,,,
2026-09-15,TJX,55.8,bearish,29.9,12.5,11.9,3.2,-6.7,42.0,17.5,10.5,trending_down,17.2,16.9,-0.904,-0.0335,False,123.90,125.30,124.60,128.09,114.14,3.00,3.44,35,none,complete,long_put,0.19167,208.68,,,,applied,,,,,,0.0333,499.50,417.36,options,2,417.36,rank track — flat 3.33% risk regardless of score (55.8/100),False,,2026-09-16,124.95,,,,,loss,2026-09-18,128.09,-0.0251,-1.000,3,-417.36,,,,,,,
2026-09-15,TSLA,42.5,bullish,35.8,5.8,10.8,7.1,-1.9,42.0,17.5,10.5,trending_down,17.2,50.4,1.121,-0.0315,True,380.67,387.41,384.04,354.89,471.50,3.00,,257,ai_demand,complete,diagonal_call,0.14395,317.74,,,,applied,,,,,,0.0333,499.50,317.74,options,1,317.74,rank track — flat 3.33% risk regardless of score (42.5/100) | superseded 2026-09-16 — a newer qualifying signal (confidence 40.4) replaced this still-unfilled entry order,False,,,,,,,,superseded,2026-09-16,,,,,,loss,2026-09-29,354.89,-0.0085,-1.000,10,-317.74
2026-09-16,KLAC,58.1,bearish,33.6,13.8,8.5,2.5,-3.3,42.0,17.5,10.5,trending_down,17.7,37.0,-0.594,-0.0850,False,163.76,168.10,165.93,185.50,107.22,3.00,3.50,52,none,complete,diagonal_put,0.28057,110.55,,,,applied,,,,,,0.0333,499.50,442.20,options,4,442.20,rank track — flat 3.33% risk regardless of score (58.1/100),False,,2026-09-17,168.10,,,,,loss,2026-09-21,185.50,-0.1035,-1.000,3,-442.20,,,,,,,
2026-09-16,TXN,52.5,bearish,28.3,13.0,12.0,1.6,-5.3,42.0,17.5,10.5,trending_down,17.7,45.1,0.343,-0.0035,False,245.94,250.32,248.13,261.50,208.01,3.00,,59,earnings_expectations,complete,diagonal_put,0.16060,124.06,,,,applied,,,,,,0.0333,499.50,496.24,options,4,496.24,rank track — flat 3.33% risk regardless of score (52.5/100),False,,,,,,,,expired,2026-09-23,,,,5,,no_entry,,,,,,
2026-09-16,MTB,67.8,bearish,38.5,15.8,10.5,3.2,-5.2,42.0,17.5,10.5,trending_down,17.7,30.0,-2.424,-0.0504,False,224.80,227.22,226.01,235.42,197.79,3.00,,23,none,partial,diagonal_put,0.07829,113.00,,,,applied,,,,,,0.0333,499.50,452.00,options,4,452.00,rank track — flat 3.33% risk regardless of score (67.8/100) | superseded 2026-09-17 — a newer qualifying signal (confidence 64.0) replaced this still-unfilled entry order,False,,,,,,,,superseded,2026-09-17,,,,,,pending,,,,,,
2026-09-16,ZION,64.5,bearish,38.2,13.6,8.8,2.5,-3.5,42.0,17.5,10.5,trending_down,17.7,35.7,-1.468,-0.0388,False,65.07,65.87,65.47,67.74,58.67,3.00,3.85,25,none,partial,diagonal_put,0.06161,32.73,,,,applied,,,,,,0.0333,499.50,490.95,options,15,490.95,rank track — flat 3.33% risk regardless of score (64.5/100),False,,2026-09-17,65.87,62.65,2026-10-01,1.722,845.38,,,,,,,,,,,,,,
2026-09-16,JNJ,59.7,bullish,29.2,9.4,14.0,6.7,5.3,42.0,17.5,10.5,trending_down,17.7,51.5,-0.262,0.0007,True,279.72,282.42,281.07,268.95,317.42,3.00,,116,ai_demand,complete,diagonal_call,0.12360,140.54,,,,applied,,,,,,0.0333,499.50,421.62,options,3,421.62,rank track — flat 3.33% risk regardless of score (59.7/100) | superseded 2026-09-18 — a newer qualifying signal (confidence 63.8) replaced this still-unfilled entry order,False,,,,,,,,superseded,2026-09-18,,,,,,no_entry,,,,,,
2026-09-16,PFE,59.0,bullish,25.5,11.7,13.6,6.5,6.7,42.0,17.5,10.5,trending_down,17.7,49.6,0.314,-0.0115,True,29.08,29.34,29.21,28.01,32.81,3.00,,73,ai_demand,complete,long_call,0.27842,60.19,,,,applied,,,,,,0.0333,499.50,481.52,options,8,481.52,rank track — flat 3.33% risk regardless of score (59.0/100) | superseded 2026-09-17 — a newer qualifying signal (confidence 66.1) replaced this still-unfilled entry order,False,,,,,,,,superseded,2026-09-17,,,,,,no_entry,,,,,,
2026-09-16,NKE,51.3,bearish,30.7,11.9,11.9,3.3,-6.4,42.0,17.5,10.5,trending_down,17.7,31.6,-0.100,-0.0420,False,35.54,36.02,35.78,37.94,29.29,3.00,3.51,97,ai_demand,complete,long_put,0.39376,81.04,,,,applied,,,,,,0.0333,499.50,486.24,options,6,486.24,rank track — flat 3.33% risk regardless of score (51.3/100),False,,2026-09-17,36.02,,,,,time_stop,2026-09-30,35.40,0.0172,0.323,10,157.01,,,,,,,
2026-09-16,TSLA,40.4,bullish,34.1,7.4,9.2,6.5,-1.8,42.0,17.5,10.5,trending_down,17.7,51.1,1.211,-0.0265,True,380.73,387.35,384.04,356.71,466.02,3.00,,257,ai_demand,complete,diagonal_call,0.12563,341.19,,,,applied,,,,,,0.0333,499.50,341.19,options,1,341.19,rank track — flat 3.33% risk regardless of score (40.4/100) | superseded 2026-09-21 — a newer qualifying signal (confidence 47.8) replaced this still-unfilled entry order,False,,,,,,,,superseded,2026-09-21,,,,,,loss,2026-09-29,356.71,-0.0293,-1.000,9,-341.19
2026-09-17,TSM,73.5,bullish,36.8,13.9,10.8,8.4,8.7,42.0,17.5,10.5,choppy,15.4,55.3,1.125,0.0079,True,440.29,445.91,443.10,429.04,485.27,3.00,,189,ai_demand,complete,diagonal_call,0.08871,221.55,,,,applied,,,,,,0.0333,499.50,443.10,options,2,443.10,rank track — flat 3.33% risk regardless of score (73.5/100) | superseded 2026-09-18 — a newer qualifying signal (confidence 77.6) replaced this still-unfilled entry order,False,,,,,,,,superseded,2026-09-18,,,,,,loss,2026-09-18,429.04,-0.0000,-1.000,1,-443.10
2026-09-17,NVDA,63.3,bullish,29.4,9.4,8.7,7.8,8.0,42.0,17.5,10.5,choppy,15.4,51.9,-0.382,0.0045,True,232.86,236.13,234.50,219.79,278.63,3.00,,278,ai_demand,complete,diagonal_call,0.20837,117.25,,,,applied,,,,,,0.0333,499.50,469.00,options,4,469.00,rank track — flat 3.33% risk regardless of score (63.3/100) | superseded 2026-09-21 — a newer qualifying signal (confidence 70.2) replaced this still-unfilled entry order,False,,,,,,,,superseded,2026-09-21,,,,,,no_entry,,,,,,
2026-09-17,CFR,65.0,bearish,37.3,15.1,8.8,3.5,-4.7,42.0,17.5,10.5,trending_down,15.4,42.1,-1.526,-0.0186,False,156.75,158.35,157.55,161.53,145.60,3.00,,22,none,partial,long_butterfly_call,0.04860,221.95,,,,applied,,,,,,0.0333,499.50,443.90,options,2,443.90,rank track — flat 3.33% risk regardless of score (65.0/100) | superseded 2026-09-18 — a newer qualifying signal (confidence 65.7) replaced this still-unfilled entry order,False,,,,,,,,superseded,2026-09-18,,,,,,pending,,,,,,
2026-09-17,MTB,64.0,bearish,35.7,16.2,10.5,2.7,-6.0,42.0,17.5,10.5,trending_down,15.4,30.8,-2.111,-0.0530,False,221.69,224.09,222.89,233.69,190.49,3.00,,26,none,partial,diagonal_put,0.09442,111.44,,,,applied,,,,,,0.0333,499.50,445.76,options,4,445.76,rank track — flat 3.33% risk regardless of score (64.0/100) | superseded 2026-09-18 — a newer qualifying signal (confidence 60.3) replaced this still-unfilled entry order,False,,,,,,,,superseded,2026-09-18,,,,,,time_stop,2026-10-01,217.35,0.0383,1.128,10,502.64
2026-09-17,PFE,66.1,bullish,31.0,15.3,12.3,5.9,6.7,42.0,17.5,10.5,trending_down,15.4,52.3,0.285,-0.0004,True,29.08,29.34,29.21,28.04,32.73,3.00,,71,ai_demand,complete,long_call,0.31000,59.71,,,,applied,,,,,,0.0333,499.50,477.68,options,8,477.68,rank track — flat 3.33% risk regardless of score (66.1/100) | superseded 2026-09-21 — a newer qualifying signal (confidence 70.9) replaced this still-unfilled entry order,False,,,,,,,,superseded,2026-09-21,,,,,,no_entry,,,,,,
2026-09-17,ABBV,60.0,bullish,30.0,10.9,14.0,6.1,4.0,42.0,17.5,10.5,trending_down,15.4,59.1,0.320,0.0354,True,265.57,268.37,266.97,254.37,304.76,3.00,3.50,74,ai_demand,complete,bull_call_spread,0.33780,481.55,,,,applied,,,,,,0.0333,499.50,481.55,options,1,481.55,rank track — flat 3.33% risk regardless of score (60.0/100),False,,2026-09-18,265.57,,,,,time_stop,2026-10-01,259.93,-0.0212,-0.504,10,-242.50,,,,,,,
2026-09-17,ORLY,63.4,bearish,34.3,13.5,10.5,3.5,-3.3,42.0,17.5,10.5,trending_down,15.4,40.3,-0.235,-0.0073,False,82.97,83.91,83.44,86.35,74.72,3.00,,24,none,complete,diagonal_put,0.06303,41.72,,,,applied,,,,,,0.0333,499.50,458.92,options,11,458.92,rank track — flat 3.33% risk regardless of score (63.4/100) | superseded 2026-09-18 — a newer qualifying signal (confidence 61.9) replaced this still-unfilled entry order,False,,,,,,,,superseded,2026-09-18,,,,,,loss,2026-09-22,86.35,-0.0206,-1.000,3,-458.92
2026-09-17,TGT,48.2,bullish,27.6,10.9,12.7,6.0,6.0,42.0,17.5,10.5,trending_down,15.4,54.6,-0.527,0.0263,True,169.67,171.83,170.75,161.02,199.95,3.00,,80,ai_demand,complete,bull_call_spread,0.25612,374.23,,,,applied,,,,,,0.0333,499.50,374.23,options,1,374.23,rank track — flat 3.33% risk regardless of score (48.2/100) | superseded 2026-09-18 — a newer qualifying signal (confidence 45.3) replaced this still-unfilled entry order,False,,,,,,,,superseded,2026-09-18,,,,,,no_entry,,,,,,
2026-09-18,TSM,77.6,bullish,34.2,14.8,11.1,6.8,8.7,42.0,17.5,10.5,trending_up,14.8,57.4,0.221,0.0060,True,440.39,445.82,443.10,429.53,483.82,3.00,3.82,182,ai_demand,complete,diagonal_call,0.08705,221.55,,,,applied,,,,,,0.0333,499.50,443.10,options,2,443.10,rank track — flat 3.33% risk regardless of score (77.6/100),False,,2026-09-21,440.80,459.20,2026-10-01,1.633,723.43,,,,,,,,,,,,,,
2026-09-18,ADI,75.2,bullish,29.3,11.2,14.6,6.4,6.7,42.0,17.5,10.5,trending_up,14.8,55.1,0.251,-0.0081,False,380.93,386.63,383.78,369.52,426.55,3.00,4.00,51,ai_demand,complete,diagonal_call,0.10501,201.06,,,,applied,,,,,,0.0333,499.50,402.12,options,2,402.12,rank track — flat 3.33% risk regardless of score (75.2/100),False,,2026-09-21,380.93,404.60,2026-10-01,2.074,834.20,,,,,,,,,,,,,,
2026-09-18,CFR,65.7,bearish,37.8,15.1,8.8,3.5,-4.5,42.0,17.5,10.5,trending_down,14.8,42.7,-1.669,-0.0192,False,156.77,158.33,157.55,161.43,145.90,3.00,,22,none,partial,long_butterfly_call,0.04910,225.66,,,,applied,,,,,,0.0333,499.50,451.32,options,2,451.32,rank track — flat 3.33% risk regardless of score (65.7/100) | superseded 2026-09-21 — a newer qualifying signal (confidence 64.3) replaced this still-unfilled entry order,False,,,,,,,,superseded,2026-09-21,,,,,,pending,,,,,,
2026-09-18,MTB,60.3,bearish,34.0,14.9,10.5,1.9,-6.0,42.0,17.5,10.5,trending_down,14.8,32.9,-0.912,-0.0522,False,221.73,224.05,222.89,233.37,191.46,3.00,,27,ai_demand,partial,diagonal_put,0.09223,111.44,,,,applied,,,,,,0.0333,499.50,445.76,options,4,445.76,rank track — flat 3.33% risk regardless of score (60.3/100) | superseded 2026-09-21 — a newer qualifying signal (confidence 54.5) replaced this still-unfilled entry order,False,,,,,,,,superseded,2026-09-21,,,,,,pending,,,,,,
2026-09-18,GILD,64.6,bullish,32.6,11.4,14.6,9.0,2.0,42.0,17.5,10.5,trending_down,14.8,62.6,1.154,0.0503,True,150.82,152.57,151.70,146.11,168.45,3.00,3.74,42,ai_demand,partial,bull_call_spread,0.24403,305.94,,,,applied,,,,,,0.0333,499.50,305.94,options,1,305.94,rank track — flat 3.33% risk regardless of score (64.6/100),False,,2026-09-21,150.82,147.50,2026-10-01,-0.705,-215.65,,,,,,,,,,,,,,
2026-09-18,JNJ,63.8,bullish,34.0,12.4,10.2,6.5,5.8,42.0,17.5,10.5,trending_down,14.8,55.1,0.890,0.0166,True,279.76,282.38,281.07,269.28,316.45,3.00,,114,ai_demand,complete,bull_call_spread,0.45302,454.30,,,,applied,,,,,,0.0333,499.50,454.30,options,1,454.30,rank track — flat 3.33% risk regardless of score (63.8/100) | superseded 2026-09-22 — a newer qualifying signal (confidence 66.2) replaced this still-unfilled entry order,False,,,,,,,,superseded,2026-09-22,,,,,,loss,2026-09-21,269.28,-0.0091,-1.000,1,-454.30
2026-09-18,ORLY,61.9,bearish,33.8,14.6,10.5,1.3,-3.3,42.0,17.5,10.5,trending_down,14.8,39.7,-0.066,-0.0129,False,82.98,83.90,83.44,86.35,74.72,3.00,3.53,26,none,complete,diagonal_put,0.06398,41.72,,,,applied,,,,,,0.0333,499.50,458.92,options,11,458.92,rank track — flat 3.33% risk regardless of score (61.9/100),False,,2026-09-21,83.78,,,,,loss,2026-09-22,86.35,-0.0307,-1.000,2,-458.92,,,,,,,
2026-09-18,TGT,45.3,bullish,29.0,11.2,8.0,6.4,5.8,42.0,17.5,10.5,trending_down,14.8,52.0,-0.891,0.0151,True,169.70,171.80,170.75,161.28,199.17,3.00,,91,ai_demand,complete,bull_call_spread,0.31619,355.40,,,,applied,,,,,,0.0333,499.50,355.40,options,1,355.40,rank track — flat 3.33% risk regardless of score (45.3/100) | superseded 2026-09-24 — a newer qualifying signal (confidence 46.5) replaced this still-unfilled entry order,False,,,,,,,,superseded,2026-09-24,,,,,,no_entry,,,,,,
2026-09-21,QCOM,79.7,bullish,36.3,11.4,13.4,7.4,4.3,42.0,17.5,10.5,trending_up,14.9,65.9,1.620,0.0782,True,192.00,196.46,194.23,183.08,227.69,3.00,,126,competitive_dynamics,complete,long_butterfly_call,0.07403,281.96,,,,applied,,,,,,0.0333,499.50,281.96,options,1,281.96,rank track — flat 3.33% risk regardless of score (79.7/100) | superseded 2026-09-22 — a newer qualifying signal (confidence 76.5) replaced this still-unfilled entry order,True,tariff,,,,,,,superseded,2026-09-22,,,,,,loss,2026-09-29,183.08,-0.0465,-1.000,6,-281.96
2026-09-21,NVDA,70.2,bullish,26.9,7.8,13.9,7.2,7.3,42.0,17.5,10.5,trending_up,14.9,58.4,-0.636,0.0778,True,232.89,236.11,234.50,220.86,275.40,3.00,,280,ai_demand,complete,diagonal_call,0.18948,117.25,,,,applied,,,,,,0.0333,499.50,469.00,options,4,469.00,rank track — flat 3.33% risk regardless of score (70.2/100) | superseded 2026-09-25 — a newer qualifying signal (confidence 61.8) replaced this still-unfilled entry order,True,tariff,,,,,,,superseded,2026-09-25,,,,,,pending,,,,,,
2026-09-21,CFR,64.3,bearish,36.1,14.2,8.8,3.5,-3.3,42.0,17.5,10.5,trending_down,14.9,39.7,-1.106,-0.0285,False,156.79,158.31,157.55,161.35,146.16,3.00,,22,none,partial,long_butterfly_call,0.04980,238.02,,,,applied,,,,,,0.0333,499.50,476.04,options,2,476.04,rank track — flat 3.33% risk regardless of score (64.3/100) | superseded 2026-09-23 — a newer qualifying signal (confidence 63.0) replaced this still-unfilled entry order,False,,,,,,,,superseded,2026-09-23,,,,,,pending,,,,,,
2026-09-21,MTB,54.5,bearish,32.7,10.8,10.5,1.3,-5.8,42.0,17.5,10.5,trending_down,14.9,32.5,-0.793,-0.0457,False,221.77,224.01,222.89,232.99,192.59,3.00,,29,ai_demand,partial,diagonal_put,0.09284,111.44,,,,applied,,,,,,0.0333,499.50,445.76,options,4,445.76,rank track — flat 3.33% risk regardless of score (54.5/100) | superseded 2026-09-22 — a newer qualifying signal (confidence 56.1) replaced this still-unfilled entry order,False,,,,,,,,superseded,2026-09-22,,,,,,pending,,,,,,
2026-09-21,PFE,70.9,bullish,31.4,14.4,16.2,7.7,6.1,42.0,17.5,10.5,trending_down,14.9,53.8,0.278,0.0007,True,29.09,29.33,29.21,28.09,32.57,3.00,,81,earnings_expectations,complete,long_call,0.20647,62.10,,,,applied,,,,,,0.0333,499.50,496.80,options,8,496.80,rank track — flat 3.33% risk regardless of score (70.9/100) | superseded 2026-09-22 — a newer qualifying signal (confidence 73.3) replaced this still-unfilled entry order,False,,,,,,,,superseded,2026-09-22,,,,,,no_entry,,,,,,
2026-09-21,LLY,55.0,bullish,23.9,11.0,11.9,8.1,5.1,42.0,17.5,10.5,trending_down,14.9,51.0,-0.492,0.0234,False,1263.73,1278.71,1271.22,1203.77,1473.57,3.00,,169,ai_demand,complete,long_stock,0.11328,67.45,,,,applied,,,,,,0.0333,499.50,202.35,shares,3,3813.66,rank track — flat 3.33% risk regardless of score (55.0/100) | superseded 2026-09-28 — a newer qualifying signal (confidence 73.1) replaced this still-unfilled entry order,False,,,,,,,,superseded,2026-09-28,,,,,,no_entry,,,,,,
2026-09-21,AMZN,56.5,bullish,32.9,10.5,16.9,6.6,4.7,42.0,17.5,10.5,trending_down,14.9,52.7,0.511,0.0194,True,266.05,269.07,267.56,257.57,297.53,3.00,,266,ai_demand,complete,bull_call_spread,0.37327,461.71,,,,applied,,,,,,0.0333,499.50,461.71,options,1,461.71,rank track — flat 3.33% risk regardless of score (56.5/100),False,,,,,,,,expired,2026-09-28,,,,5,,no_entry,,,,,,
2026-09-21,TSLA,47.8,bullish,35.5,7.9,14.1,7.2,-2.0,42.0,17.5,10.5,trending_down,14.9,58.6,0.859,0.0455,True,380.72,387.36,384.04,367.45,433.80,3.00,,260,ai_demand,complete,diagonal_call,0.10039,237.03,,,,applied,,,,,,0.0333,499.50,474.06,options,2,474.06,rank track — flat 3.33% risk regardless of score (47.8/100) | superseded 2026-09-22 — a newer qualifying signal (confidence 41.6) replaced this still-unfilled entry order,False,,,,,,,,superseded,2026-09-22,,,,,,loss,2026-09-28,367.45,-0.0307,-1.000,5,-474.06
2026-09-22,QCOM,76.5,bullish,33.9,9.6,13.0,9.0,4.1,42.0,17.5,10.5,trending_up,14.2,68.0,1.520,0.0558,True,196.06,200.47,198.27,185.20,237.48,3.00,,137,competitive_dynamics,complete,long_butterfly_call,0.07534,315.07,,,,applied,,,,,,0.0333,499.50,315.07,options,1,315.07,rank track — flat 3.33% risk regardless of score (76.5/100) | superseded 2026-09-23 — a newer qualifying signal (confidence 78.9) replaced this still-unfilled entry order,True,tariff,,,,,,,superseded,2026-09-23,,,,,,loss,2026-09-29,185.20,-0.0722,-1.000,5,-315.07
2026-09-22,MU,73.0,bullish,33.6,8.7,14.0,6.1,8.7,42.0,17.5,10.5,trending_up,14.2,66.1,0.883,0.1817,True,1083.53,1108.79,1096.16,1011.92,1348.87,3.00,,274,memory_cycle,complete,long_stock,0.21607,84.24,,,,applied,,,,,,0.0333,499.50,336.96,shares,4,4384.64,rank track — flat 3.33% risk regardless of score (73.0/100) | superseded 2026-09-23 — a newer qualifying signal (confidence 70.5) replaced this still-unfilled entry order,True,tariff,,,,,,,superseded,2026-09-23,,,,,,pending,,,,,,
2026-09-22,FITB,58.4,bearish,31.3,9.1,10.5,3.1,-0.6,42.0,17.5,10.5,trending_down,14.2,38.3,0.072,-0.0349,False,51.43,51.99,51.71,54.23,44.16,3.00,,44,ai_demand,partial,diagonal_put,0.10317,25.86,,,,applied,,,,,,0.0333,499.50,491.34,options,19,491.34,rank track — flat 3.33% risk regardless of score (58.4/100) | superseded 2026-09-23 — a newer qualifying signal (confidence 62.2) replaced this still-unfilled entry order,False,,,,,,,,superseded,2026-09-23,,,,,,pending,,,,,,
2026-09-22,MTB,56.1,bearish,30.2,13.6,10.5,2.2,-5.5,42.0,17.5,10.5,trending_down,14.2,28.8,-1.479,-0.0508,False,221.74,224.04,222.89,233.25,191.82,3.00,2.56,30,ai_demand,partial,diagonal_put,0.09748,111.44,,,,applied,,,,,,0.0333,499.50,445.76,options,4,445.76,rank track — flat 3.33% risk regardless of score (56.1/100),False,,2026-09-23,221.61,217.35,2026-10-01,0.366,163.14,,,,,,,,,,,,,,
2026-09-22,PFE,73.3,bullish,31.4,13.4,16.5,8.2,5.8,42.0,17.5,10.5,choppy,14.2,56.8,0.276,0.0138,True,29.09,29.33,29.21,28.09,32.58,3.00,,87,earnings_expectations,complete,long_call,0.13997,90.19,,,,applied,,,,,,0.0333,499.50,450.95,options,5,450.95,rank track — flat 3.33% risk regardless of score (73.3/100) | superseded 2026-09-23 — a newer qualifying signal (confidence 75.5) replaced this still-unfilled entry order,False,,,,,,,,superseded,2026-09-23,,,,,,no_entry,,,,,,
2026-09-22,JNJ,66.2,bullish,31.3,11.6,13.9,6.0,5.3,42.0,17.5,10.5,choppy,14.2,53.7,0.091,0.0074,True,279.76,282.38,281.07,269.30,316.37,3.00,,101,earnings_expectations,complete,diagonal_call,0.11761,140.53,,,,applied,,,,,,0.0333,499.50,421.59,options,3,421.59,rank track — flat 3.33% risk regardless of score (66.2/100) | superseded 2026-09-23 — a newer qualifying signal (confidence 65.7) replaced this still-unfilled entry order,False,,,,,,,,superseded,2026-09-23,,,,,,loss,2026-09-23,269.30,-0.0006,-1.000,1,-421.59
2026-09-22,ORLY,56.6,bearish,34.0,13.8,6.4,0.3,-2.9,42.0,17.5,10.5,trending_down,14.2,46.4,-0.137,0.0078,False,82.32,83.34,82.83,86.35,72.28,3.00,,31,none,complete,diagonal_put,0.08745,41.41,,,,applied,,,,,,0.0333,499.50,496.92,options,12,496.92,rank track — flat 3.33% risk regardless of score (56.6/100) | superseded 2026-09-23 — a newer qualifying signal (confidence 59.4) replaced this still-unfilled entry order,False,,,,,,,,superseded,2026-09-23,,,,,,loss,2026-09-23,86.35,-0.0133,-1.000,1,-496.92
2026-09-22,TSLA,41.6,bullish,33.6,6.8,11.7,6.4,-1.9,42.0,17.5,10.5,trending_down,14.2,60.1,1.230,0.0626,True,380.83,387.25,384.04,367.97,432.26,3.00,,260,ai_demand,complete,diagonal_call,0.12889,192.02,,,,applied,,,,,,0.0333,499.50,384.04,options,2,384.04,rank track — flat 3.33% risk regardless of score (41.6/100) | superseded 2026-09-23 — a newer qualifying signal (confidence 45.7) replaced this still-unfilled entry order,False,,,,,,,,superseded,2026-09-23,,,,,,loss,2026-09-25,367.97,-0.0319,-1.000,3,-384.04
2026-09-23,QCOM,78.9,bullish,33.6,11.8,14.0,7.8,4.7,42.0,17.5,10.5,trending_up,15.2,66.8,1.531,0.0671,True,196.99,201.31,199.15,184.41,243.38,3.00,,141,competitive_dynamics,complete,diagonal_call,0.08658,232.09,,,,applied,,,,,,0.0333,499.50,464.18,options,2,464.18,rank track — flat 3.33% risk regardless of score (78.9/100) | superseded 2026-09-24 — a newer qualifying signal (confidence 59.4) replaced this still-unfilled entry order,True,tariff,,,,,,,superseded,2026-09-24,,,,,,loss,2026-09-29,184.41,-0.0619,-1.000,4,-464.18
2026-09-23,MU,70.5,bullish,30.7,9.9,13.6,5.7,8.7,42.0,17.5,10.5,trending_up,15.2,62.2,0.611,0.1569,True,1084.79,1109.71,1097.25,1011.92,1353.23,3.00,,275,memory_cycle,complete,long_stock,0.25928,85.33,,,,applied,,,,,,0.0333,499.50,341.32,shares,4,4389.00,rank track — flat 3.33% risk regardless of score (70.5/100) | superseded 2026-09-24 — a newer qualifying signal (confidence 58.0) replaced this still-unfilled entry order,True,tariff,,,,,,,superseded,2026-09-24,,,,,,pending,,,,,,
2026-09-23,CFR,63.0,bearish,34.9,14.4,8.8,3.2,-3.3,42.0,17.5,10.5,trending_down,15.2,30.1,-1.806,-0.0487,False,153.46,155.06,154.26,159.65,138.10,3.00,,22,none,partial,diagonal_put,0.07036,77.13,,,,applied,,,,,,0.0333,499.50,462.78,options,6,462.78,rank track — flat 3.33% risk regardless of score (63.0/100) | superseded 2026-09-24 — a newer qualifying signal (confidence 63.1) replaced this still-unfilled entry order,False,,,,,,,,superseded,2026-09-24,,,,,,pending,,,,,,
2026-09-23,FITB,62.2,bearish,33.9,9.3,12.0,2.7,-0.7,42.0,17.5,10.5,trending_down,15.2,33.7,-0.231,-0.0545,False,51.41,51.97,51.69,54.21,44.13,3.00,,45,ai_demand,partial,diagonal_put,0.10559,25.85,,,,applied,,,,,,0.0333,499.50,491.15,options,19,491.15,rank track — flat 3.33% risk regardless of score (62.2/100) | superseded 2026-09-24 — a newer qualifying signal (confidence 59.9) replaced this still-unfilled entry order,False,,,,,,,,superseded,2026-09-24,,,,,,pending,,,,,,
2026-09-23,PFE,75.5,bullish,32.4,15.9,17.5,8.1,6.7,42.0,17.5,10.5,trending_down,15.2,60.1,0.461,0.0229,True,29.09,29.33,29.21,28.13,32.45,3.00,,91,earnings_expectations,complete,long_call,0.23015,64.30,,,,applied,,,,,,0.0333,499.50,450.10,options,7,450.10,rank track — flat 3.33% risk regardless of score (75.5/100) | superseded 2026-09-24 — a newer qualifying signal (confidence 75.3) replaced this still-unfilled entry order,False,,,,,,,,superseded,2026-09-24,,,,,,loss,2026-10-01,28.13,-0.0025,-1.000,6,-450.10
2026-09-23,JNJ,65.7,bullish,32.3,11.1,16.2,5.9,5.3,42.0,17.5,10.5,trending_down,15.2,53.7,0.293,0.0074,True,279.75,282.39,281.07,269.22,316.63,3.00,,97,earnings_expectations,complete,bull_call_spread,0.30721,495.53,,,,applied,,,,,,0.0333,499.50,495.53,options,1,495.53,rank track — flat 3.33% risk regardless of score (65.7/100) | superseded 2026-09-24 — a newer qualifying signal (confidence 68.0) replaced this still-unfilled entry order,False,,,,,,,,superseded,2026-09-24,,,,,,loss,2026-09-24,269.22,-0.0011,-1.000,1,-495.53
2026-09-23,ORLY,59.4,bearish,32.5,12.5,10.5,3.0,-4.0,42.0,17.5,10.5,trending_down,15.2,46.7,0.185,0.0087,False,82.33,83.33,82.83,86.35,72.28,3.00,,32,ai_demand,complete,diagonal_put,0.08922,41.42,,,,applied,,,,,,0.0333,499.50,497.04,options,12,497.04,rank track — flat 3.33% risk regardless of score (59.4/100) | superseded 2026-09-24 — a newer qualifying signal (confidence 59.5) replaced this still-unfilled entry order,False,,,,,,,,superseded,2026-09-24,,,,,,no_entry,,,,,,
2026-09-23,TSLA,45.7,bullish,34.4,8.8,12.0,7.3,-1.8,42.0,17.5,10.5,trending_down,15.2,60.6,1.274,0.0616,True,380.89,387.19,384.04,368.30,431.26,3.00,4.00,262,ai_demand,complete,diagonal_call,0.07938,280.69,,,,applied,,,,,,0.0333,499.50,280.69,options,1,280.69,rank track — flat 3.33% risk regardless of score (45.7/100),False,,2026-09-24,380.89,,,,,loss,2026-09-25,368.30,-0.0331,-1.000,2,-280.69,,,,,,,
2026-09-24,QCOM,59.4,bullish,32.6,7.0,10.7,7.5,4.7,42.0,17.5,10.5,trending_up,15.7,63.5,1.157,0.0294,True,197.50,201.72,199.61,181.84,252.91,3.00,,155,competitive_dynamics,complete,diagonal_call,0.10123,247.44,,,,applied,,,,,,0.0333,499.50,494.88,options,2,494.88,rank track — flat 3.33% risk regardless of score (59.4/100) | superseded 2026-09-25 — a newer qualifying signal (confidence 61.9) replaced this still-unfilled entry order,True,tariff,,,,,,,superseded,2026-09-25,,,,,,loss,2026-10-01,181.84,-0.0676,-1.000,5,-494.88
2026-09-24,MU,58.0,bullish,31.0,7.4,12.5,6.5,8.7,42.0,17.5,10.5,trending_up,15.7,63.0,0.683,0.1054,True,1093.27,1117.73,1105.50,998.26,1427.23,3.00,3.40,276,memory_cycle,complete,long_stock,0.15609,107.24,,,,applied,,,,,,0.0333,499.50,390.28,shares,4,4422.00,rank track — flat 3.33% risk regardless of score (58.0/100),True,tariff,2026-09-25,1095.83,,,,,earnings_exit,2026-09-25,1082.28,-0.0124,-0.139,1,-54.20,,,,,,,
2026-09-24,CFR,63.1,bearish,35.7,14.5,8.8,2.5,-3.3,42.0,17.5,10.5,trending_down,15.7,37.2,-1.483,-0.0203,False,152.95,154.53,153.74,159.65,136.03,3.00,,23,none,partial,diagonal_put,0.08084,76.87,,,,applied,,,,,,0.0333,499.50,461.22,options,6,461.22,rank track — flat 3.33% risk regardless of score (63.1/100) | superseded 2026-09-25 — a newer qualifying signal (confidence 60.0) replaced this still-unfilled entry order,False,,,,,,,,superseded,2026-09-25,,,,,,pending,,,,,,
2026-09-24,FITB,59.9,bearish,34.5,7.4,10.5,3.1,-0.7,42.0,17.5,10.5,trending_down,15.7,32.8,-0.820,-0.0181,False,51.18,51.74,51.46,53.98,43.89,3.00,3.05,45,ai_demand,partial,diagonal_put,0.10803,25.73,,,,applied,,,,,,0.0333,499.50,488.87,options,19,488.87,rank track — flat 3.33% risk regardless of score (59.9/100),False,,2026-09-25,51.49,50.41,2026-10-01,0.225,110.00,,,,,,,,,,,,,,
2026-09-24,PFE,75.3,bullish,31.9,13.6,17.0,8.2,6.7,42.0,17.5,10.5,choppy,15.7,63.0,0.237,0.0346,True,29.08,29.34,29.21,28.13,32.45,3.00,,92,earnings_expectations,complete,long_call,0.29123,58.59,,,,applied,,,,,,0.0333,499.50,468.72,options,8,468.72,rank track — flat 3.33% risk regardless of score (75.3/100) | superseded 2026-09-25 — a newer qualifying signal (confidence 64.0) replaced this still-unfilled entry order,False,,,,,,,,superseded,2026-09-25,,,,,,loss,2026-10-01,28.13,-0.0112,-1.000,5,-468.72
2026-09-24,JNJ,68.0,bullish,31.9,10.3,16.6,5.9,5.3,42.0,17.5,10.5,choppy,15.7,56.1,0.219,0.0127,True,279.74,282.40,281.07,269.90,314.59,3.00,,96,earnings_expectations,complete,diagonal_call,0.11699,140.54,,,,applied,,,,,,0.0333,499.50,421.62,options,3,421.62,rank track — flat 3.33% risk regardless of score (68.0/100),False,,,,,,,,expired,2026-10-01,,,,5,,loss,2026-09-25,269.90,-0.0066,-1.000,1,-421.62
2026-09-24,ORLY,59.5,bearish,31.7,12.5,12.0,2.3,-4.0,42.0,17.5,10.5,trending_down,15.7,47.8,0.372,0.0306,False,82.34,83.32,82.83,86.35,72.28,3.00,,32,ai_demand,complete,diagonal_put,0.09094,41.41,,,,applied,,,,,,0.0333,499.50,496.92,options,12,496.92,rank track — flat 3.33% risk regardless of score (59.5/100) | superseded 2026-09-25 — a newer qualifying signal (confidence 55.6) replaced this still-unfilled entry order,False,,,,,,,,superseded,2026-09-25,,,,,,loss,2026-09-25,86.35,-0.0029,-1.000,1,-496.92
2026-09-24,TGT,46.5,bullish,25.1,11.7,8.7,9.9,6.0,42.0,17.5,10.5,trending_down,15.7,48.6,-1.351,0.0095,True,166.13,168.13,167.13,158.12,194.15,3.00,,123,earnings_expectations,complete,bull_call_spread,0.22268,388.34,,,,applied,,,,,,0.0333,499.50,388.34,options,1,388.34,rank track — flat 3.33% risk regardless of score (46.5/100),False,,,,,,,,expired,2026-10-01,,,,5,,no_entry,,,,,,
2026-09-25,QCOM,61.9,bullish,34.7,6.3,11.7,7.5,4.7,42.0,17.5,10.5,trending_up,14.9,68.0,1.682,0.1365,True,199.81,204.13,201.97,185.18,252.35,3.00,,154,competitive_dynamics,complete,diagonal_call,0.09320,255.39,,,,applied,,,,,,0.0333,499.50,255.39,options,1,255.39,rank track — flat 3.33% risk regardless of score (61.9/100),True,tariff,,,,,,,,,,,,,,,,,,,,
2026-09-25,NVDA,61.8,bullish,28.4,7.8,11.5,9.2,8.0,42.0,17.5,10.5,trending_up,14.9,55.3,-2.056,0.0126,True,233.03,235.96,234.50,224.27,265.18,3.00,,328,ai_demand,complete,diagonal_call,0.14000,117.25,,,,applied,,,,,,0.0333,499.50,469.00,options,4,469.00,rank track — flat 3.33% risk regardless of score (61.8/100) | superseded 2026-09-28 — a newer qualifying signal (confidence 69.1) replaced this still-unfilled entry order,True,tariff,,,,,,,superseded,2026-09-28,,,,,,pending,,,,,,
2026-09-25,CFR,60.0,bearish,35.3,11.2,8.8,2.9,-3.2,42.0,17.5,10.5,trending_down,14.9,41.7,-0.741,-0.0149,False,152.99,154.49,153.74,159.65,136.03,3.00,,23,none,partial,diagonal_put,0.08208,76.87,,,,applied,,,,,,0.0333,499.50,461.22,options,6,461.22,rank track — flat 3.33% risk regardless of score (60.0/100) | superseded 2026-09-28 — a newer qualifying signal (confidence 53.6) replaced this still-unfilled entry order,False,,,,,,,,superseded,2026-09-28,,,,,,pending,,,,,,
2026-09-25,RF,59.1,bearish,30.8,15.4,8.5,2.8,-3.3,42.0,17.5,10.5,trending_down,14.9,29.5,-2.561,-0.0309,False,26.93,27.23,27.08,28.40,23.13,3.00,3.50,31,ai_demand,partial,diagonal_put,0.10920,13.54,,,,applied,,,,,,0.0333,499.50,487.44,options,36,487.44,rank track — flat 3.33% risk regardless of score (59.1/100),False,,2026-09-28,27.23,26.96,2026-10-01,0.231,112.49,,,,,,,,,,,,,,
2026-09-25,AMGN,64.3,bullish,29.4,7.5,16.3,6.4,6.7,42.0,17.5,10.5,choppy,14.9,56.5,-1.114,0.0751,True,443.17,448.47,445.82,421.98,517.33,3.00,,79,ai_demand,complete,diagonal_call,0.16901,222.91,,,,applied,,,,,,0.0333,499.50,445.82,options,2,445.82,rank track — flat 3.33% risk regardless of score (64.3/100),False,,,,,,,,,,,,,,,,,,,,,
2026-09-25,PFE,64.0,bullish,31.1,9.4,11.1,7.7,6.7,42.0,17.5,10.5,choppy,14.9,66.4,0.221,0.0365,True,29.08,29.34,29.21,28.13,32.45,3.00,,93,earnings_expectations,complete,long_call,0.32934,58.24,,,,applied,,,,,,0.0333,499.50,465.92,options,8,465.92,rank track — flat 3.33% risk regardless of score (64.0/100) | superseded 2026-09-28 — a newer qualifying signal (confidence 69.7) replaced this still-unfilled entry order,False,,,,,,,,superseded,2026-09-28,,,,,,loss,2026-10-01,28.13,-0.0171,-1.000,4,-465.92
2026-09-25,TJX,57.8,bearish,28.4,9.8,13.4,5.8,-4.7,42.0,17.5,10.5,trending_down,14.9,40.6,0.922,0.0222,False,122.06,123.50,122.78,129.29,103.25,3.00,,35,macro_rates,partial,bear_put_spread,0.45477,187.22,,,,applied,,,,,,0.0333,499.50,374.44,options,2,374.44,rank track — flat 3.33% risk regardless of score (57.8/100),False,,,,,,,,,,,,,,,,,,,,,
2026-09-25,ORLY,55.6,bearish,28.8,13.1,10.5,2.2,-4.0,42.0,17.5,10.5,trending_down,14.9,47.5,0.584,0.0166,False,82.35,83.31,82.83,86.35,72.28,3.00,,33,ai_demand,complete,diagonal_put,0.09255,41.41,,,,applied,,,,,,0.0333,499.50,496.92,options,12,496.92,rank track — flat 3.33% risk regardless of score (55.6/100) | superseded 2026-09-30 — a newer qualifying signal (confidence 55.5) replaced this still-unfilled entry order,False,,,,,,,,superseded,2026-09-30,,,,,,loss,2026-09-28,86.35,-0.0058,-1.000,1,-496.92
2026-09-28,NVDA,69.1,bullish,29.5,8.7,9.3,7.3,7.3,42.0,17.5,10.5,trending_up,16.1,58.8,-1.453,0.0065,True,232.99,236.00,234.50,226.39,258.81,3.00,,277,ai_demand,complete,diagonal_call,0.10134,117.25,,,,applied,,,,,,0.0333,499.50,469.00,options,4,469.00,rank track — flat 3.33% risk regardless of score (69.1/100) | superseded 2026-10-02 — a newer qualifying signal (confidence 53.4) replaced this still-unfilled entry order,True,tariff,,,,,,,superseded,2026-10-02,,,,,,,,,,,,
2026-09-28,TXN,67.6,bullish,28.3,7.3,13.1,7.2,4.7,42.0,17.5,10.5,trending_up,16.1,60.4,0.096,0.0275,False,276.66,280.72,278.69,260.42,333.51,3.00,,62,ai_demand,complete,diagonal_call,0.19442,139.34,,,,applied,,,,,,0.0333,499.50,418.02,options,3,418.02,rank track — flat 3.33% risk regardless of score (67.6/100) | superseded 2026-09-29 — a newer qualifying signal (confidence 61.8) replaced this still-unfilled entry order,True,tariff,,,,,,,superseded,2026-09-29,,,,,,pending,,,,,,
2026-09-28,PNFP,57.2,bearish,33.6,9.1,10.5,3.5,-4.5,42.0,17.5,10.5,trending_down,16.1,33.2,-0.954,-0.0314,False,91.70,92.86,92.28,96.57,79.40,3.00,,24,none,partial,diagonal_put,0.10993,46.14,,,,applied,,,,,,0.0333,499.50,461.40,options,10,461.40,rank track — flat 3.33% risk regardless of score (57.2/100) | superseded 2026-09-29 — a newer qualifying signal (confidence 55.5) replaced this still-unfilled entry order,False,,,,,,,,superseded,2026-09-29,,,,,,pending,,,,,,
2026-09-28,CFR,53.6,bearish,32.5,7.7,8.8,3.0,-3.3,42.0,17.5,10.5,trending_down,16.1,39.3,-0.474,-0.0146,False,153.01,154.47,153.74,159.65,136.03,3.00,,24,ai_demand,partial,diagonal_put,0.08700,76.87,,,,applied,,,,,,0.0333,499.50,461.22,options,6,461.22,rank track — flat 3.33% risk regardless of score (53.6/100) | superseded 2026-09-29 — a newer qualifying signal (confidence 54.8) replaced this still-unfilled entry order,False,,,,,,,,superseded,2026-09-29,,,,,,pending,,,,,,
2026-09-28,LLY,73.1,bullish,30.7,8.4,15.7,8.3,5.1,42.0,17.5,10.5,trending_up,16.1,56.1,1.283,0.0171,False,1189.87,1205.71,1197.79,1158.17,1316.64,3.00,,204,ai_demand,complete,long_stock,0.11785,39.62,,,,applied,,,,,,0.0333,499.50,158.48,shares,4,4791.16,rank track — flat 3.33% risk regardless of score (73.1/100) | superseded 2026-09-29 — a newer qualifying signal (confidence 66.7) replaced this still-unfilled entry order,False,,,,,,,,superseded,2026-09-29,,,,,,loss,2026-09-30,1158.17,-0.0235,-1.000,2,-158.48
2026-09-28,PFE,69.7,bullish,30.8,13.6,8.2,6.0,6.1,42.0,17.5,10.5,trending_up,16.1,67.0,0.165,0.0353,True,29.08,29.34,29.21,28.13,32.45,3.00,,98,earnings_expectations,complete,long_call,0.19609,62.52,,,,applied,,,,,,0.0333,499.50,437.64,options,7,437.64,rank track — flat 3.33% risk regardless of score (69.7/100) | superseded 2026-09-29 — a newer qualifying signal (confidence 71.7) replaced this still-unfilled entry order,False,,,,,,,,superseded,2026-09-29,,,,,,loss,2026-10-01,28.13,-0.0164,-1.000,3,-437.64
2026-09-28,LOW,58.3,bearish,29.3,12.4,16.7,2.5,-7.7,42.0,17.5,10.5,trending_down,16.1,32.0,-0.232,-0.0174,False,186.03,188.27,187.15,197.24,156.88,3.00,3.50,58,ai_demand,complete,long_put,0.29503,401.73,,,,applied,,,,,,0.0333,499.50,401.73,options,1,401.73,rank track — flat 3.33% risk regardless of score (58.3/100),False,,2026-09-29,188.27,182.38,2026-10-01,0.657,263.79,,,,,,,,,,,,,,
2026-09-28,MCD,49.2,bearish,27.2,11.1,8.0,3.4,-5.5,42.0,17.5,10.5,trending_down,16.1,23.0,-0.789,-0.0576,False,232.38,234.82,233.60,244.62,200.55,3.00,2.55,218,ai_demand,complete,long_put,0.32186,410.63,,,,applied,,,,,,0.0333,499.50,410.63,options,1,410.63,rank track — flat 3.33% risk regardless of score (49.2/100),False,,2026-09-29,232.20,231.83,2026-10-01,0.030,12.23,,,,,,,,,,,,,,
2026-09-29,KLAC,63.4,bullish,31.9,12.5,10.8,7.8,3.3,42.0,17.5,10.5,trending_up,16.0,61.0,1.657,0.0436,False,194.55,198.51,196.53,178.69,250.04,3.00,,39,ai_demand,complete,diagonal_call,0.07963,288.80,,,,applied,,,,,,0.0333,499.50,288.80,options,1,288.80,rank track — flat 3.33% risk regardless of score (63.4/100) | superseded 2026-09-30 — a newer qualifying signal (confidence 62.2) replaced this still-unfilled entry order,True,tariff,,,,,,,superseded,2026-09-30,,,,,,pending,,,,,,
2026-09-29,TXN,61.8,bullish,28.3,10.6,14.6,6.0,5.3,42.0,17.5,10.5,trending_up,16.0,63.0,0.070,0.0379,False,279.70,283.68,281.69,263.75,335.52,3.00,,53,ai_demand,complete,diagonal_call,0.15932,164.63,,,,applied,,,,,,0.0333,499.50,493.89,options,3,493.89,rank track — flat 3.33% risk regardless of score (61.8/100) | superseded 2026-09-30 — a newer qualifying signal (confidence 57.7) replaced this still-unfilled entry order,True,tariff,,,,,,,superseded,2026-09-30,,,,,,pending,,,,,,
2026-09-29,PNFP,55.5,bearish,33.3,7.9,10.5,3.1,-4.3,42.0,17.5,10.5,trending_down,16.0,33.5,-0.633,-0.0114,False,91.71,92.85,92.28,97.38,76.99,3.00,,18,none,partial,diagonal_put,0.13709,46.14,,,,applied,,,,,,0.0333,499.50,461.40,options,10,461.40,rank track — flat 3.33% risk regardless of score (55.5/100) | superseded 2026-10-01 — a newer qualifying signal (confidence 55.9) replaced this still-unfilled entry order,False,,,,,,,,superseded,2026-10-01,,,,,,pending,,,,,,
2026-09-29,CFR,54.8,bearish,34.2,7.8,8.8,2.4,-3.3,42.0,17.5,10.5,trending_down,16.0,34.7,-1.281,-0.0124,False,153.00,154.48,153.74,159.65,136.03,3.00,,14,ai_demand,partial,diagonal_put,0.08885,76.87,,,,applied,,,,,,0.0333,499.50,461.22,options,6,461.22,rank track — flat 3.33% risk regardless of score (54.8/100) | superseded 2026-09-30 — a newer qualifying signal (confidence 54.9) replaced this still-unfilled entry order,False,,,,,,,,superseded,2026-09-30,,,,,,pending,,,,,,
2026-09-29,PFE,71.7,bullish,32.8,13.8,7.0,7.3,5.8,42.0,17.5,10.5,trending_up,16.0,67.0,-0.139,0.0283,True,29.08,29.34,29.21,28.42,31.58,3.00,,95,earnings_expectations,complete,long_call,0.14513,62.00,,,,applied,,,,,,0.0333,499.50,496.00,options,8,496.00,rank track — flat 3.33% risk regardless of score (71.7/100),False,,,,,,,,,,,,,,,,,,,,,
2026-09-29,LLY,66.7,bullish,31.0,8.7,10.2,6.8,4.9,42.0,17.5,10.5,trending_up,16.0,56.1,1.874,0.0124,False,1190.00,1205.58,1197.79,1158.82,1314.71,3.00,4.00,179,ai_demand,complete,long_stock,0.12739,38.97,,,,applied,,,,,,0.0333,499.50,124.72,shares,4,4791.16,rank track — flat 3.33% risk regardless of score (66.7/100),False,,2026-09-30,1190.00,,,,,loss,2026-09-30,1158.82,-0.0262,-1.000,1,-124.72,,,,,,,
2026-09-30,KLAC,62.2,bullish,31.5,11.8,10.8,7.8,3.3,42.0,17.5,10.5,trending_up,16.4,59.2,1.717,0.0376,False,195.56,199.38,197.47,187.94,226.05,3.00,,49,ai_demand,complete,diagonal_call,0.03409,276.78,,,,applied,,,,,,0.0333,499.50,276.78,options,1,276.78,rank track — flat 3.33% risk regardless of score (62.2/100) | superseded 2026-10-01 — a newer qualifying signal (confidence 57.0) replaced this still-unfilled entry order,True,export restriction,,,,,,,superseded,2026-10-01,,,,,,pending,,,,,,
2026-09-30,TXN,57.7,bullish,27.9,10.9,10.5,6.0,5.3,42.0,17.5,10.5,trending_up,16.4,60.9,0.070,0.0274,False,282.46,286.32,284.39,274.75,313.31,3.00,4.00,59,ai_demand,complete,diagonal_call,0.08051,157.04,,,,applied,,,,,,0.0333,499.50,471.12,options,3,471.12,rank track — flat 3.33% risk regardless of score (57.7/100),True,export restriction,2026-10-01,282.46,281.31,2026-10-01,-0.149,-70.27,,,,,,,,,,,,,,
2026-09-30,CFR,54.9,bearish,34.3,8.0,8.8,2.2,-3.3,42.0,17.5,10.5,trending_down,16.4,31.8,-1.284,-0.0103,False,151.94,153.40,152.67,159.20,133.07,3.00,2.40,24,ai_demand,partial,long_put,0.10765,432.58,,,,applied,,,,,,0.0333,499.50,432.58,options,1,432.58,rank track — flat 3.33% risk regardless of score (54.9/100),False,,2026-10-01,151.51,153.48,2026-10-01,-0.256,-110.82,,,,,,,,,,,,,,
2026-09-30,TFC,54.8,bearish,34.1,16.4,7.3,3.0,-6.0,42.0,17.5,10.5,trending_down,16.4,30.5,-1.503,-0.0149,False,45.95,46.45,46.20,48.44,39.47,3.00,,45,earnings_expectations,partial,long_strangle,0.12925,78.89,,,,applied,,,,,,0.0333,499.50,473.34,options,6,473.34,rank track — flat 3.33% risk regardless of score (54.8/100) | superseded 2026-10-01 — a newer qualifying signal (confidence 55.9) replaced this still-unfilled entry order,False,,,,,,,,superseded,2026-10-01,,,,,,pending,,,,,,
2026-09-30,ISRG,63.5,bullish,36.4,8.8,14.0,6.7,2.7,42.0,17.5,10.5,trending_down,16.4,62.3,1.794,0.0209,True,413.77,419.25,416.51,399.54,467.41,3.00,,48,ai_demand,partial,diagonal_call,0.11594,208.25,,,,applied,,,,,,0.0333,499.50,416.50,options,2,416.50,rank track — flat 3.33% risk regardless of score (63.5/100) | superseded 2026-10-01 — a newer qualifying signal (confidence 54.7) replaced this still-unfilled entry order,False,,,,,,,,superseded,2026-10-01,,,,,,loss,2026-10-01,399.54,-0.0232,-1.000,1,-416.50
2026-09-30,ABT,61.0,bearish,33.0,13.1,13.1,3.4,-6.7,42.0,17.5,10.5,trending_down,16.4,29.9,-1.232,-0.0450,False,98.27,99.39,98.83,101.62,90.46,3.00,,46,ai_demand,complete,long_put,0.14309,227.06,,,,applied,,,,,,0.0333,499.50,454.12,options,2,454.12,rank track — flat 3.33% risk regardless of score (61.0/100) | superseded 2026-10-01 — a newer qualifying signal (confidence 54.1) replaced this still-unfilled entry order,False,,,,,,,,superseded,2026-10-01,,,,,,pending,,,,,,
2026-09-30,ORLY,55.5,bearish,29.2,12.4,10.5,2.4,-4.0,42.0,17.5,10.5,trending_down,16.4,44.8,0.457,-0.0057,False,82.37,83.29,82.83,85.46,74.94,3.00,,30,none,complete,diagonal_put,0.07135,41.42,,,,applied,,,,,,0.0333,499.50,497.04,options,12,497.04,rank track — flat 3.33% risk regardless of score (55.5/100) | superseded 2026-10-01 — a newer qualifying signal (confidence 56.9) replaced this still-unfilled entry order,False,,,,,,,,superseded,2026-10-01,,,,,,loss,2026-10-01,85.46,-0.0016,-1.000,1,-497.04
2026-09-30,AMZN,53.3,bearish,33.9,7.7,8.3,3.1,-4.7,42.0,17.5,10.5,trending_down,16.4,45.2,-0.104,-0.0005,False,242.89,245.71,244.30,251.37,223.10,3.00,,263,ai_demand,complete,diagonal_put,0.08280,122.15,,,,applied,,,,,,0.0333,499.50,488.60,options,4,488.60,rank track — flat 3.33% risk regardless of score (53.3/100) | superseded 2026-10-02 — a newer qualifying signal (confidence 55.5) replaced this still-unfilled entry order,False,,,,,,,,superseded,2026-10-02,,,,,,,,,,,,
2026-10-01,MU,57.5,bullish,28.9,9.1,10.8,8.1,8.7,42.0,17.5,10.5,trending_up,16.4,63.5,0.067,0.0156,True,1096.90,1120.54,1108.72,1002.31,1427.94,3.00,,266,memory_cycle,complete,long_stock,0.20804,106.41,,,,applied,,,,,,0.0333,499.50,425.64,shares,4,4434.88,rank track — flat 3.33% risk regardless of score (57.5/100) | superseded 2026-10-02 — a newer qualifying signal (confidence 58.0) replaced this still-unfilled entry order,True,export restriction,,,,,,,superseded,2026-10-02,,,,,,,,,,,,
2026-10-01,KLAC,57.0,bullish,32.4,11.3,10.8,7.2,3.3,42.0,17.5,10.5,trending_up,16.4,63.1,2.202,0.0707,False,198.43,202.23,200.33,190.85,229.40,3.07,,36,ai_demand,complete,diagonal_call,0.03054,302.49,,,,applied,,,,,,0.0333,499.50,302.49,options,1,302.49,rank track — flat 3.33% risk regardless of score (57.0/100),True,export restriction,,,,,,,,,,,,,,,,,,,,
2026-10-01,PNFP,55.9,bearish,31.9,10.9,10.5,2.2,-4.7,42.0,17.5,10.5,trending_down,16.4,39.1,-0.148,0.0080,False,91.51,92.69,92.10,97.41,76.16,3.00,,20,none,partial,diagonal_put,0.15065,46.05,,,,applied,,,,,,0.0333,499.50,460.50,options,10,460.50,rank track — flat 3.33% risk regardless of score (55.9/100),False,,,,,,,,,,,,,,,,,,,,,
2026-10-01,TFC,55.9,bearish,34.3,14.8,10.4,2.4,-6.0,42.0,17.5,10.5,trending_down,16.4,30.4,-2.309,-0.0191,False,45.92,46.42,46.17,48.46,39.29,3.00,,34,earnings_expectations,partial,long_strangle,0.16038,72.77,,,,applied,,,,,,0.0333,499.50,436.62,options,6,436.62,rank track — flat 3.33% risk regardless of score (55.9/100) | superseded 2026-10-02 — a newer qualifying signal (confidence 57.6) replaced this still-unfilled entry order,False,,,,,,,,superseded,2026-10-02,,,,,,,,,,,,
2026-10-01,ISRG,54.7,bullish,36.2,8.0,6.7,6.2,2.7,42.0,17.5,10.5,trending_down,16.4,57.9,1.694,0.0043,True,413.77,419.25,416.51,400.28,465.19,3.00,,37,ai_demand,partial,diagonal_call,0.08063,269.02,,,,applied,,,,,,0.0333,499.50,269.02,options,1,269.02,rank track — flat 3.33% risk regardless of score (54.7/100),False,,,,,,,,,,,,,,,,,,,,,
2026-10-01,ABT,54.1,bearish,30.4,11.9,10.5,2.9,-6.7,42.0,17.5,10.5,trending_down,16.4,25.7,-1.356,-0.0433,False,96.12,97.26,96.69,99.68,87.71,3.00,,35,earnings_expectations,complete,long_put,0.16606,235.15,,,,applied,,,,,,0.0333,499.50,470.30,options,2,470.30,rank track — flat 3.33% risk regardless of score (54.1/100) | superseded 2026-10-02 — a newer qualifying signal (confidence 48.4) replaced this still-unfilled entry order,False,,,,,,,,superseded,2026-10-02,,,,,,,,,,,,
2026-10-01,BKNG,57.5,bearish,36.6,10.2,10.5,3.2,-8.0,42.0,17.5,10.5,trending_down,16.4,31.5,-1.425,0.0182,False,153.83,156.91,155.37,163.08,132.24,3.00,,40,ai_demand,complete,bear_put_spread,0.18575,408.44,,,,applied,,,,,,0.0333,499.50,408.44,options,1,408.44,rank track — flat 3.33% risk regardless of score (57.5/100),False,,,,,,,,,,,,,,,,,,,,,
2026-10-01,ORLY,56.9,bearish,28.8,13.6,10.5,3.0,-4.0,42.0,17.5,10.5,trending_down,16.4,43.4,0.644,-0.0140,False,82.37,83.29,82.83,85.46,74.94,3.00,,22,none,complete,long_put,0.07801,225.07,,,,applied,,,,,,0.0333,499.50,450.14,options,2,450.14,rank track — flat 3.33% risk regardless of score (56.9/100) | superseded 2026-10-02 — a newer qualifying signal (confidence 57.4) replaced this still-unfilled entry order,False,,,,,,,,superseded,2026-10-02,,,,,,,,,,,,
2026-10-02,MU,58.0,bullish,28.7,10.3,11.5,6.7,8.7,42.0,17.5,10.5,trending_up,15.3,59.3,-0.506,-0.0068,True,1097.10,1120.34,1108.72,1004.16,1422.41,3.00,,266,memory_cycle,complete,long_stock,0.24972,104.56,,,,applied,,,,,,0.0333,499.50,418.24,shares,4,4434.88,rank track — flat 3.33% risk regardless of score (58.0/100),True,export restriction,,,,,,,,,,,,,,,,,,,,
2026-10-02,NVDA,53.4,bullish,27.3,8.9,9.7,7.4,8.0,42.0,17.5,10.5,trending_up,15.3,63.0,-2.716,0.0395,True,233.02,235.97,234.50,227.12,256.63,3.00,,268,ai_demand,complete,diagonal_call,0.09255,117.25,,,,applied,,,,,,0.0333,499.50,469.00,options,4,469.00,rank track — flat 3.33% risk regardless of score (53.4/100),True,export restriction,,,,,,,,,,,,,,,,,,,,
2026-10-02,TFC,57.6,bearish,34.3,15.8,10.4,3.0,-6.0,42.0,17.5,10.5,trending_down,15.3,32.2,-3.168,-0.0254,False,44.81,45.31,45.06,47.27,38.42,3.00,,37,ai_demand,partial,long_strangle,0.18832,65.04,,,,applied,,,,,,0.0333,499.50,455.28,options,7,455.28,rank track — flat 3.33% risk regardless of score (57.6/100),False,,,,,,,,,,,,,,,,,,,,,
2026-10-02,HBAN,53.1,bearish,35.1,11.3,4.1,2.2,-4.7,42.0,17.5,10.5,trending_down,15.3,35.8,-0.912,-0.0198,False,14.73,14.91,14.82,15.44,12.95,3.00,,18,earnings_expectations,partial,diagonal_put,0.10598,7.41,,,,applied,,,,,,0.0333,499.50,496.47,options,67,496.47,rank track — flat 3.33% risk regardless of score (53.1/100),False,,,,,,,,,,,,,,,,,,,,,
2026-10-02,SYK,56.3,bearish,30.0,14.5,11.0,3.2,-7.3,42.0,17.5,10.5,trending_down,15.3,38.7,-0.044,0.0145,False,264.20,268.11,266.16,276.19,236.05,3.00,,21,ai_demand,complete,diagonal_put,0.09281,133.08,,,,applied,,,,,,0.0333,499.50,399.24,options,3,399.24,rank track — flat 3.33% risk regardless of score (56.3/100),False,,,,,,,,,,,,,,,,,,,,,
2026-10-02,ABT,48.4,bearish,30.7,13.4,3.5,2.5,-6.7,42.0,17.5,10.5,trending_down,15.3,29.7,-1.046,-0.0374,False,95.97,97.11,96.54,99.68,87.11,3.00,,40,earnings_expectations,complete,long_put,0.25079,196.34,,,,applied,,,,,,0.0333,499.50,392.68,options,2,392.68,rank track — flat 3.33% risk regardless of score (48.4/100),False,,,,,,,,,,,,,,,,,,,,,
2026-10-02,ORLY,57.4,bearish,28.9,14.3,10.5,2.6,-4.0,42.0,17.5,10.5,trending_down,15.3,42.9,0.535,-0.0142,False,82.39,83.27,82.83,85.05,76.17,3.00,,22,none,complete,long_put,0.08006,189.69,,,,applied,,,,,,0.0333,499.50,379.38,options,2,379.38,rank track — flat 3.33% risk regardless of score (57.4/100),False,,,,,,,,,,,,,,,,,,,,,
2026-10-02,AMZN,55.5,bearish,33.6,8.3,10.1,2.9,-4.5,42.0,17.5,10.5,trending_down,15.3,48.6,-0.158,0.0074,False,242.89,245.71,244.30,252.47,219.79,3.00,,254,ai_demand,complete,diagonal_put,0.10021,122.15,,,,applied,,,,,,0.0333,499.50,488.60,options,4,488.60,rank track — flat 3.33% risk regardless of score (55.5/100),False,,,,,,,,,,,,,,,,,,,,,
